scan_time,ticker,chart_url,current_price,tf,pattern,setup,dir,entry,stop,score,aligned,last_strat,last_candle_type,actionable,note,ctx_Y,ctx_Q,ctx_M,ctx_W,ctx_D,sector,industry,etfs,etf_count,etfs_pretty
2026-10-07 16:23:57 EDT,SPY,https://finance.yahoo.com/quote/SPY/chart,777.14,M,2U-1,1-2 BREAK_UP,bull,775.14,749.6,8,True,1,Doji,ALERT if price > 775.14 (inside break UP); stop < 749.6,Inside bar break UP (1-2),2U,2U,1,2D,2U,Unknown,Unknown,,0,
2026-10-07 16:23:57 EDT,SPY,https://finance.yahoo.com/quote/SPY/chart,777.14,M,2U-1,1-2 BREAK_DOWN,bear,749.6,775.14,8,False,1,Doji,ALERT if price < 749.6 (inside break DOWN); stop > 775.14,Inside bar break DOWN (1-2),2U,2U,1,2D,2U,Unknown,Unknown,,0,
2026-10-07 16:23:57 EDT,QQQ,https://finance.yahoo.com/quote/QQQ/chart,757.71,Q,2U-1,1-2 BREAK_UP,bull,748.35,661.14,11,True,1,Bullish Candle,ALERT if price > 748.35 (inside break UP); stop < 661.14,Inside bar break UP (1-2),2U,1,2U,2U,2U,Unknown,Unknown,,0,
2026-10-07 16:23:57 EDT,QQQ,https://finance.yahoo.com/quote/QQQ/chart,757.71,Q,2U-1,1-2 BREAK_DOWN,bear,661.14,748.35,11,False,1,Bullish Candle,ALERT if price < 661.14 (inside break DOWN); stop > 748.35,Inside bar break DOWN (1-2),2U,1,2U,2U,2U,Unknown,Unknown,,0,
2026-10-07 16:23:57 EDT,IWM,https://finance.yahoo.com/quote/IWM/chart,277.72,Y,2U-3,3-2 BREAK_UP,bull,258.2,171.73,0,False,3,Bullish Candle,ALERT if price > 258.2 (outside break UP); stop < 171.73,Outside bar break UP (3-2),3,2U,2D,2D,2U,Unknown,Unknown,,0,
2026-10-07 16:23:57 EDT,IWM,https://finance.yahoo.com/quote/IWM/chart,277.72,Y,2U-3,3-2 BREAK_DOWN,bear,171.73,258.2,0,False,3,Bullish Candle,ALERT if price < 171.73 (outside break DOWN); stop > 258.2,Outside bar break DOWN (3-2),3,2U,2D,2D,2U,Unknown,Unknown,,0,
2026-10-07 16:23:57 EDT,IWM,https://finance.yahoo.com/quote/IWM/chart,277.72,D,3-2U,REVSTRAT 3-2-2 (watch 2D),bear,280.76,284.64,0,False,2U,Bearish Candle,ALERT if price < 280.76 (RevStrat bear); stop > 284.64,RevStrat after 3-2U: watch for 2D reversal (3-2U-2D),3,2U,2D,2D,2U,Unknown,Unknown,,0,
2026-10-07 16:23:57 EDT,IWM,https://finance.yahoo.com/quote/IWM/chart,277.72,4H,2D-1,1-2 BREAK_UP,bull,278.55,277.43,0,False,1,Bearish Candle,ALERT if price > 278.55 (inside break UP); stop < 277.43,Inside bar break UP (1-2),3,2U,2D,2D,2U,Unknown,Unknown,,0,
2026-10-07 16:23:57 EDT,IWM,https://finance.yahoo.com/quote/IWM/chart,277.72,4H,2D-1,1-2 BREAK_DOWN,bear,277.43,278.55,0,False,1,Bearish Candle,ALERT if price < 277.43 (inside break DOWN); stop > 278.55,Inside bar break DOWN (1-2),3,2U,2D,2D,2U,Unknown,Unknown,,0,
2026-10-07 16:23:57 EDT,IWM,https://finance.yahoo.com/quote/IWM/chart,277.72,3H,2D-1,1-2 BREAK_UP,bull,278.55,277.18,0,False,1,Bullish Candle,ALERT if price > 278.55 (inside break UP); stop < 277.18,Inside bar break UP (1-2),3,2U,2D,2D,2U,Unknown,Unknown,,0,
2026-10-07 16:23:57 EDT,IWM,https://finance.yahoo.com/quote/IWM/chart,277.72,3H,2D-1,1-2 BREAK_DOWN,bear,277.18,278.55,0,False,1,Bullish Candle,ALERT if price < 277.18 (inside break DOWN); stop > 278.55,Inside bar break DOWN (1-2),3,2U,2D,2D,2U,Unknown,Unknown,,0,
2026-10-07 16:23:57 EDT,IWM,https://finance.yahoo.com/quote/IWM/chart,277.72,1H,1-3,3-2 BREAK_UP,bull,278.35,277.76,0,False,3,Bearish Candle,ALERT if price > 278.35 (outside break UP); stop < 277.76,Outside bar break UP (3-2),3,2U,2D,2D,2U,Unknown,Unknown,,0,
2026-10-07 16:23:57 EDT,IWM,https://finance.yahoo.com/quote/IWM/chart,277.72,1H,1-3,3-2 BREAK_DOWN,bear,277.76,278.35,0,False,3,Bearish Candle,ALERT if price < 277.76 (outside break DOWN); stop > 278.35,Outside bar break DOWN (3-2),3,2U,2D,2D,2U,Unknown,Unknown,,0,
2026-10-07 16:23:57 EDT,DIA,https://finance.yahoo.com/quote/DIA/chart,510.96,Y,2U-3,3-2 BREAK_UP,bull,489.66,366.32,0,False,3,Bullish Candle,ALERT if price > 489.66 (outside break UP); stop < 366.32,Outside bar break UP (3-2),3,2U,2D,2D,2U,Unknown,Unknown,,0,
2026-10-07 16:23:57 EDT,DIA,https://finance.yahoo.com/quote/DIA/chart,510.96,Y,2U-3,3-2 BREAK_DOWN,bear,366.32,489.66,0,False,3,Bullish Candle,ALERT if price < 366.32 (outside break DOWN); stop > 489.66,Outside bar break DOWN (3-2),3,2U,2D,2D,2U,Unknown,Unknown,,0,
2026-10-07 16:23:57 EDT,DIA,https://finance.yahoo.com/quote/DIA/chart,510.96,D,3-2U,REVSTRAT 3-2-2 (watch 2D),bear,513.49,515.99,0,False,2U,Doji,ALERT if price < 513.49 (RevStrat bear); stop > 515.99,RevStrat after 3-2U: watch for 2D reversal (3-2U-2D),3,2U,2D,2D,2U,Unknown,Unknown,,0,
2026-10-07 16:23:57 EDT,DIA,https://finance.yahoo.com/quote/DIA/chart,510.96,2H,2U-1,1-2 BREAK_UP,bull,511.65,510.8,0,False,1,Bearish Candle,ALERT if price > 511.65 (inside break UP); stop < 510.8,Inside bar break UP (1-2),3,2U,2D,2D,2U,Unknown,Unknown,,0,
2026-10-07 16:23:57 EDT,DIA,https://finance.yahoo.com/quote/DIA/chart,510.96,2H,2U-1,1-2 BREAK_DOWN,bear,510.8,511.65,0,False,1,Bearish Candle,ALERT if price < 510.8 (inside break DOWN); stop > 511.65,Inside bar break DOWN (1-2),3,2U,2D,2D,2U,Unknown,Unknown,,0,
2026-10-07 16:23:57 EDT,DIA,https://finance.yahoo.com/quote/DIA/chart,510.96,1H,1-2D,REVSTRAT 1-2-2 (watch 2U),bull,511.65,510.97,0,False,2D,Bearish Candle,ALERT if price > 511.65 (RevStrat bull); stop < 510.97,RevStrat after 1-2D: watch for 2U reversal (1-2D-2U),3,2U,2D,2D,2U,Unknown,Unknown,,0,
2026-10-07 16:23:57 EDT,XLK,https://finance.yahoo.com/quote/XLK/chart,201.37,Y,2U-3,3-2 BREAK_UP,bull,152.99,86.22,6,True,3,Bullish Candle,ALERT if price > 152.99 (outside break UP); stop < 86.22,Outside bar break UP (3-2),3,1,2U,2U,2U,Information Technology,Sector ETF,,0,
2026-10-07 16:23:57 EDT,XLK,https://finance.yahoo.com/quote/XLK/chart,201.37,Y,2U-3,3-2 BREAK_DOWN,bear,86.22,152.99,6,False,3,Bullish Candle,ALERT if price < 86.22 (outside break DOWN); stop > 152.99,Outside bar break DOWN (3-2),3,1,2U,2U,2U,Information Technology,Sector ETF,,0,
2026-10-07 16:23:57 EDT,XLK,https://finance.yahoo.com/quote/XLK/chart,201.37,Q,2U-1,1-2 BREAK_UP,bull,197.06,166.46,6,True,1,Bullish Hammer-like,ALERT if price > 197.06 (inside break UP); stop < 166.46,Inside bar break UP (1-2),3,1,2U,2U,2U,Information Technology,Sector ETF,,0,
2026-10-07 16:23:57 EDT,XLK,https://finance.yahoo.com/quote/XLK/chart,201.37,Q,2U-1,1-2 BREAK_DOWN,bear,166.46,197.06,6,False,1,Bullish Hammer-like,ALERT if price < 166.46 (inside break DOWN); stop > 197.06,Inside bar break DOWN (1-2),3,1,2U,2U,2U,Information Technology,Sector ETF,,0,
2026-10-07 16:23:57 EDT,XLK,https://finance.yahoo.com/quote/XLK/chart,201.37,D,1-2U,REVSTRAT 1-2-2 (watch 2D),bear,201.87,203.25,6,False,2U,Bearish Candle,ALERT if price < 201.87 (RevStrat bear); stop > 203.25,RevStrat after 1-2U: watch for 2D reversal (1-2U-2D),3,1,2U,2U,2U,Information Technology,Sector ETF,,0,
2026-10-07 16:23:57 EDT,XLK,https://finance.yahoo.com/quote/XLK/chart,201.37,1H,1-2D,REVSTRAT 1-2-2 (watch 2U),bull,201.43,200.96,6,True,2D,Bearish Candle,ALERT if price > 201.43 (RevStrat bull); stop < 200.96,RevStrat after 1-2D: watch for 2U reversal (1-2D-2U),3,1,2U,2U,2U,Information Technology,Sector ETF,,0,
2026-10-07 16:23:57 EDT,XLF,https://finance.yahoo.com/quote/XLF/chart,53.73,Q,1-2U,REVSTRAT 1-2-2 (watch 2D),bear,53.37,58.6,8,False,2U,Gravestone Doji (bearish-leaning),ALERT if price < 53.37 (RevStrat bear); stop > 58.6,RevStrat after 1-2U: watch for 2D reversal (1-2U-2D),2U,2U,3,2D,2U,Financials,Sector ETF,,0,
2026-10-07 16:23:57 EDT,XLF,https://finance.yahoo.com/quote/XLF/chart,53.73,M,2U-3,3-2 BREAK_UP,bull,58.6,53.37,8,True,3,Bearish Candle,ALERT if price > 58.6 (outside break UP); stop < 53.37,Outside bar break UP (3-2),2U,2U,3,2D,2U,Financials,Sector ETF,,0,
2026-10-07 16:23:57 EDT,XLF,https://finance.yahoo.com/quote/XLF/chart,53.73,M,2U-3,3-2 BREAK_DOWN,bear,53.37,58.6,8,False,3,Bearish Candle,ALERT if price < 53.37 (outside break DOWN); stop > 58.6,Outside bar break DOWN (3-2),2U,2U,3,2D,2U,Financials,Sector ETF,,0,
2026-10-07 16:23:57 EDT,XLF,https://finance.yahoo.com/quote/XLF/chart,53.73,2H,2U-1,1-2 BREAK_UP,bull,53.79,53.7,8,True,1,Bullish Candle,ALERT if price > 53.79 (inside break UP); stop < 53.7,Inside bar break UP (1-2),2U,2U,3,2D,2U,Financials,Sector ETF,,0,
2026-10-07 16:23:57 EDT,XLF,https://finance.yahoo.com/quote/XLF/chart,53.73,2H,2U-1,1-2 BREAK_DOWN,bear,53.7,53.79,8,False,1,Bullish Candle,ALERT if price < 53.7 (inside break DOWN); stop > 53.79,Inside bar break DOWN (1-2),2U,2U,3,2D,2U,Financials,Sector ETF,,0,
2026-10-07 16:23:57 EDT,XLF,https://finance.yahoo.com/quote/XLF/chart,53.73,1H,1-2D,REVSTRAT 1-2-2 (watch 2U),bull,53.79,53.7,8,True,2D,Bullish Candle,ALERT if price > 53.79 (RevStrat bull); stop < 53.7,RevStrat after 1-2D: watch for 2U reversal (1-2D-2U),2U,2U,3,2D,2U,Financials,Sector ETF,,0,
2026-10-07 16:23:57 EDT,XLE,https://finance.yahoo.com/quote/XLE/chart,63.37,Q,1-3,3-2 BREAK_UP,bull,66.17,52.62,-3,False,3,Bullish Candle,ALERT if price > 66.17 (outside break UP); stop < 52.62,Outside bar break UP (3-2),2D,3,2U,2D,2U,Energy,Sector ETF,,0,
2026-10-07 16:23:57 EDT,XLE,https://finance.yahoo.com/quote/XLE/chart,63.37,Q,1-3,3-2 BREAK_DOWN,bear,52.62,66.17,-3,True,3,Bullish Candle,ALERT if price < 52.62 (outside break DOWN); stop > 66.17,Outside bar break DOWN (3-2),2D,3,2U,2D,2U,Energy,Sector ETF,,0,
2026-10-07 16:23:57 EDT,XLE,https://finance.yahoo.com/quote/XLE/chart,63.37,4H,3-1,1-2 BREAK_UP,bull,63.62,63.04,-3,False,1,Bullish Candle,ALERT if price > 63.62 (inside break UP); stop < 63.04,Inside bar break UP (1-2),2D,3,2U,2D,2U,Energy,Sector ETF,,0,
2026-10-07 16:23:57 EDT,XLE,https://finance.yahoo.com/quote/XLE/chart,63.37,4H,3-1,1-2 BREAK_DOWN,bear,63.04,63.62,-3,True,1,Bullish Candle,ALERT if price < 63.04 (inside break DOWN); stop > 63.62,Inside bar break DOWN (1-2),2D,3,2U,2D,2U,Energy,Sector ETF,,0,
2026-10-07 16:23:57 EDT,XLE,https://finance.yahoo.com/quote/XLE/chart,63.37,3H,3-2D,REVSTRAT 3-2-2 (watch 2U),bull,63.31,63.04,-3,False,2D,Bullish Candle,ALERT if price > 63.31 (RevStrat bull); stop < 63.04,RevStrat after 3-2D: watch for 2U reversal (3-2D-2U),2D,3,2U,2D,2U,Energy,Sector ETF,,0,
2026-10-07 16:23:57 EDT,XLE,https://finance.yahoo.com/quote/XLE/chart,63.37,2H,1-2U,REVSTRAT 1-2-2 (watch 2D),bear,63.19,63.62,-3,True,2U,Bullish Candle,ALERT if price < 63.19 (RevStrat bear); stop > 63.62,RevStrat after 1-2U: watch for 2D reversal (1-2U-2D),2D,3,2U,2D,2U,Energy,Sector ETF,,0,
2026-10-07 16:23:57 EDT,XLE,https://finance.yahoo.com/quote/XLE/chart,63.37,1H,3-2U,REVSTRAT 3-2-2 (watch 2D),bear,63.19,63.62,-3,True,2U,Bullish Candle,ALERT if price < 63.19 (RevStrat bear); stop > 63.62,RevStrat after 3-2U: watch for 2D reversal (3-2U-2D),2D,3,2U,2D,2U,Energy,Sector ETF,,0,
2026-10-07 16:23:57 EDT,XLY,https://finance.yahoo.com/quote/XLY/chart,111.38,Q,1-1,1-2 BREAK_UP,bull,120.44,108.29,1,True,1,Bearish Candle,ALERT if price > 120.44 (inside break UP); stop < 108.29,Inside bar break UP (1-2),2U,1,2D,2D,2U,Consumer Discretionary,Sector ETF,,0,
2026-10-07 16:23:57 EDT,XLY,https://finance.yahoo.com/quote/XLY/chart,111.38,Q,1-1,1-2 BREAK_DOWN,bear,108.29,120.44,1,False,1,Bearish Candle,ALERT if price < 108.29 (inside break DOWN); stop > 120.44,Inside bar break DOWN (1-2),2U,1,2D,2D,2U,Consumer Discretionary,Sector ETF,,0,
2026-10-07 16:23:57 EDT,XLY,https://finance.yahoo.com/quote/XLY/chart,111.38,W,3-2D,REVSTRAT 3-2-2 (watch 2U),bull,110.64,107.99,1,True,2D,Bullish Candle,ALERT if price > 110.64 (RevStrat bull); stop < 107.99,RevStrat after 3-2D: watch for 2U reversal (3-2D-2U),2U,1,2D,2D,2U,Consumer Discretionary,Sector ETF,,0,
2026-10-07 16:23:57 EDT,XLY,https://finance.yahoo.com/quote/XLY/chart,111.38,D,3-2U,REVSTRAT 3-2-2 (watch 2D),bear,110.65,111.78,1,False,2U,Bullish Candle,ALERT if price < 110.65 (RevStrat bear); stop > 111.78,RevStrat after 3-2U: watch for 2D reversal (3-2U-2D),2U,1,2D,2D,2U,Consumer Discretionary,Sector ETF,,0,
2026-10-07 16:23:57 EDT,XLY,https://finance.yahoo.com/quote/XLY/chart,111.38,3H,2D-1,1-2 BREAK_UP,bull,111.49,110.89,1,True,1,Bullish Candle,ALERT if price > 111.49 (inside break UP); stop < 110.89,Inside bar break UP (1-2),2U,1,2D,2D,2U,Consumer Discretionary,Sector ETF,,0,
2026-10-07 16:23:57 EDT,XLY,https://finance.yahoo.com/quote/XLY/chart,111.38,3H,2D-1,1-2 BREAK_DOWN,bear,110.89,111.49,1,False,1,Bullish Candle,ALERT if price < 110.89 (inside break DOWN); stop > 111.49,Inside bar break DOWN (1-2),2U,1,2D,2D,2U,Consumer Discretionary,Sector ETF,,0,
2026-10-07 16:23:57 EDT,XLP,https://finance.yahoo.com/quote/XLP/chart,81.69,Y,2U-1,1-2 BREAK_UP,bull,84.35,75.16,0,False,1,Bearish Candle,ALERT if price > 84.35 (inside break UP); stop < 75.16,Inside bar break UP (1-2),1,2U,2D,2D,2U,Consumer Staples,Sector ETF,,0,
2026-10-07 16:23:57 EDT,XLP,https://finance.yahoo.com/quote/XLP/chart,81.69,Y,2U-1,1-2 BREAK_DOWN,bear,75.16,84.35,0,False,1,Bearish Candle,ALERT if price < 75.16 (inside break DOWN); stop > 84.35,Inside bar break DOWN (1-2),1,2U,2D,2D,2U,Consumer Staples,Sector ETF,,0,
2026-10-07 16:23:57 EDT,XLP,https://finance.yahoo.com/quote/XLP/chart,81.69,Q,1-2U,REVSTRAT 1-2-2 (watch 2D),bear,80.57,88.78,0,False,2U,Bearish Shooting-Star-like,ALERT if price < 80.57 (RevStrat bear); stop > 88.78,RevStrat after 1-2U: watch for 2D reversal (1-2U-2D),1,2U,2D,2D,2U,Consumer Staples,Sector ETF,,0,
2026-10-07 16:23:57 EDT,XLP,https://finance.yahoo.com/quote/XLP/chart,81.69,M,1-2D,REVSTRAT 1-2-2 (watch 2U),bull,86.16,80.57,0,False,2D,Bearish Candle,ALERT if price > 86.16 (RevStrat bull); stop < 80.57,RevStrat after 1-2D: watch for 2U reversal (1-2D-2U),1,2U,2D,2D,2U,Consumer Staples,Sector ETF,,0,
2026-10-07 16:23:57 EDT,XLP,https://finance.yahoo.com/quote/XLP/chart,81.69,D,3-2U,REVSTRAT 3-2-2 (watch 2D),bear,81.03,82.03,0,False,2U,Bullish Candle,ALERT if price < 81.03 (RevStrat bear); stop > 82.03,RevStrat after 3-2U: watch for 2D reversal (3-2U-2D),1,2U,2D,2D,2U,Consumer Staples,Sector ETF,,0,
2026-10-07 16:23:57 EDT,XLP,https://finance.yahoo.com/quote/XLP/chart,81.69,3H,2U-1,1-2 BREAK_UP,bull,82.16,81.89,0,False,1,Bearish Candle,ALERT if price > 82.16 (inside break UP); stop < 81.89,Inside bar break UP (1-2),1,2U,2D,2D,2U,Consumer Staples,Sector ETF,,0,
2026-10-07 16:23:57 EDT,XLP,https://finance.yahoo.com/quote/XLP/chart,81.69,3H,2U-1,1-2 BREAK_DOWN,bear,81.89,82.16,0,False,1,Bearish Candle,ALERT if price < 81.89 (inside break DOWN); stop > 82.16,Inside bar break DOWN (1-2),1,2U,2D,2D,2U,Consumer Staples,Sector ETF,,0,
2026-10-07 16:23:57 EDT,XLP,https://finance.yahoo.com/quote/XLP/chart,81.69,1H,1-3,3-2 BREAK_UP,bull,82.08,81.88,0,False,3,Bearish Candle,ALERT if price > 82.08 (outside break UP); stop < 81.88,Outside bar break UP (3-2),1,2U,2D,2D,2U,Consumer Staples,Sector ETF,,0,
2026-10-07 16:23:57 EDT,XLP,https://finance.yahoo.com/quote/XLP/chart,81.69,1H,1-3,3-2 BREAK_DOWN,bear,81.88,82.08,0,False,3,Bearish Candle,ALERT if price < 81.88 (outside break DOWN); stop > 82.08,Outside bar break DOWN (3-2),1,2U,2D,2D,2U,Consumer Staples,Sector ETF,,0,
2026-10-07 16:23:57 EDT,XLU,https://finance.yahoo.com/quote/XLU/chart,41.17,Q,1-2D,REVSTRAT 1-2-2 (watch 2U),bull,46.63,39.03,-3,False,2D,Bearish Candle,ALERT if price > 46.63 (RevStrat bull); stop < 39.03,RevStrat after 1-2D: watch for 2U reversal (1-2D-2U),2U,2D,2D,2D,2U,Utilities,Sector ETF,,0,
2026-10-07 16:23:57 EDT,XLU,https://finance.yahoo.com/quote/XLU/chart,41.17,3H,1-2U,REVSTRAT 1-2-2 (watch 2D),bear,41.07,41.3,-3,True,2U,Bullish Candle,ALERT if price < 41.07 (RevStrat bear); stop > 41.3,RevStrat after 1-2U: watch for 2D reversal (1-2U-2D),2U,2D,2D,2D,2U,Utilities,Sector ETF,,0,
2026-10-07 16:23:57 EDT,XLV,https://finance.yahoo.com/quote/XLV/chart,168.8,Q,3-2U,REVSTRAT 3-2-2 (watch 2D),bear,157.23,176.6,0,False,2U,Bullish Candle,ALERT if price < 157.23 (RevStrat bear); stop > 176.6,RevStrat after 3-2U: watch for 2D reversal (3-2U-2D),2D,2U,1,3,2U,Health Care,Sector ETF,,0,
2026-10-07 16:23:57 EDT,XLV,https://finance.yahoo.com/quote/XLV/chart,168.8,M,2U-1,1-2 BREAK_UP,bull,174.48,165.11,0,False,1,Bearish Candle,ALERT if price > 174.48 (inside break UP); stop < 165.11,Inside bar break UP (1-2),2D,2U,1,3,2U,Health Care,Sector ETF,,0,
2026-10-07 16:23:57 EDT,XLV,https://finance.yahoo.com/quote/XLV/chart,168.8,M,2U-1,1-2 BREAK_DOWN,bear,165.11,174.48,0,False,1,Bearish Candle,ALERT if price < 165.11 (inside break DOWN); stop > 174.48,Inside bar break DOWN (1-2),2D,2U,1,3,2U,Health Care,Sector ETF,,0,
2026-10-07 16:23:57 EDT,XLV,https://finance.yahoo.com/quote/XLV/chart,168.8,W,2U-3,3-2 BREAK_UP,bull,171.87,165.27,0,False,3,Bearish Candle,ALERT if price > 171.87 (outside break UP); stop < 165.27,Outside bar break UP (3-2),2D,2U,1,3,2U,Health Care,Sector ETF,,0,
2026-10-07 16:23:57 EDT,XLV,https://finance.yahoo.com/quote/XLV/chart,168.8,W,2U-3,3-2 BREAK_DOWN,bear,165.27,171.87,0,False,3,Bearish Candle,ALERT if price < 165.27 (outside break DOWN); stop > 171.87,Outside bar break DOWN (3-2),2D,2U,1,3,2U,Health Care,Sector ETF,,0,
2026-10-07 16:23:57 EDT,XLV,https://finance.yahoo.com/quote/XLV/chart,168.8,4H,2U-1,1-2 BREAK_UP,bull,170.38,168.48,0,False,1,Bearish Candle,ALERT if price > 170.38 (inside break UP); stop < 168.48,Inside bar break UP (1-2),2D,2U,1,3,2U,Health Care,Sector ETF,,0,
2026-10-07 16:23:57 EDT,XLV,https://finance.yahoo.com/quote/XLV/chart,168.8,4H,2U-1,1-2 BREAK_DOWN,bear,168.48,170.38,0,False,1,Bearish Candle,ALERT if price < 168.48 (inside break DOWN); stop > 170.38,Inside bar break DOWN (1-2),2D,2U,1,3,2U,Health Care,Sector ETF,,0,
2026-10-07 16:23:57 EDT,XLV,https://finance.yahoo.com/quote/XLV/chart,168.8,2H,1-2D,REVSTRAT 1-2-2 (watch 2U),bull,169.75,168.48,0,False,2D,Bearish Candle,ALERT if price > 169.75 (RevStrat bull); stop < 168.48,RevStrat after 1-2D: watch for 2U reversal (1-2D-2U),2D,2U,1,3,2U,Health Care,Sector ETF,,0,
2026-10-07 16:23:57 EDT,XLI,https://finance.yahoo.com/quote/XLI/chart,167.86,M,3-2D,REVSTRAT 3-2-2 (watch 2U),bull,175.78,166.93,5,True,2D,Bearish Candle,ALERT if price > 175.78 (RevStrat bull); stop < 166.93,RevStrat after 3-2D: watch for 2U reversal (3-2D-2U),2U,2U,2D,2D,2U,Industrials,Sector ETF,,0,
2026-10-07 16:23:57 EDT,XLI,https://finance.yahoo.com/quote/XLI/chart,167.86,W,1-2D,REVSTRAT 1-2-2 (watch 2U),bull,171.0,166.18,5,True,2D,Bullish Candle,ALERT if price > 171.0 (RevStrat bull); stop < 166.18,RevStrat after 1-2D: watch for 2U reversal (1-2D-2U),2U,2U,2D,2D,2U,Industrials,Sector ETF,,0,
2026-10-07 16:23:57 EDT,XLI,https://finance.yahoo.com/quote/XLI/chart,167.86,4H,2D-1,1-2 BREAK_UP,bull,168.56,167.8,5,True,1,Bearish Candle,ALERT if price > 168.56 (inside break UP); stop < 167.8,Inside bar break UP (1-2),2U,2U,2D,2D,2U,Industrials,Sector ETF,,0,
2026-10-07 16:23:57 EDT,XLI,https://finance.yahoo.com/quote/XLI/chart,167.86,4H,2D-1,1-2 BREAK_DOWN,bear,167.8,168.56,5,False,1,Bearish Candle,ALERT if price < 167.8 (inside break DOWN); stop > 168.56,Inside bar break DOWN (1-2),2U,2U,2D,2D,2U,Industrials,Sector ETF,,0,
2026-10-07 16:23:57 EDT,XLI,https://finance.yahoo.com/quote/XLI/chart,167.86,3H,2D-1,1-2 BREAK_UP,bull,168.56,167.32,5,True,1,Bullish Candle,ALERT if price > 168.56 (inside break UP); stop < 167.32,Inside bar break UP (1-2),2U,2U,2D,2D,2U,Industrials,Sector ETF,,0,
2026-10-07 16:23:57 EDT,XLI,https://finance.yahoo.com/quote/XLI/chart,167.86,3H,2D-1,1-2 BREAK_DOWN,bear,167.32,168.56,5,False,1,Bullish Candle,ALERT if price < 167.32 (inside break DOWN); stop > 168.56,Inside bar break DOWN (1-2),2U,2U,2D,2D,2U,Industrials,Sector ETF,,0,
2026-10-07 16:23:57 EDT,XLI,https://finance.yahoo.com/quote/XLI/chart,167.86,1H,1-2D,REVSTRAT 1-2-2 (watch 2U),bull,168.26,167.9,5,True,2D,Bearish Candle,ALERT if price > 168.26 (RevStrat bull); stop < 167.9,RevStrat after 1-2D: watch for 2U reversal (1-2D-2U),2U,2U,2D,2D,2U,Industrials,Sector ETF,,0,
2026-10-07 16:23:57 EDT,SMH,https://finance.yahoo.com/quote/SMH/chart,625.17,Q,2U-1,1-2 BREAK_UP,bull,639.89,503.63,11,True,1,Bearish Hanging-Man-like,ALERT if price > 639.89 (inside break UP); stop < 503.63,Inside bar break UP (1-2),2U,1,2U,2U,2U,Unknown,Unknown,,0,
2026-10-07 16:23:57 EDT,SMH,https://finance.yahoo.com/quote/SMH/chart,625.17,Q,2U-1,1-2 BREAK_DOWN,bear,503.63,639.89,11,False,1,Bearish Hanging-Man-like,ALERT if price < 503.63 (inside break DOWN); stop > 639.89,Inside bar break DOWN (1-2),2U,1,2U,2U,2U,Unknown,Unknown,,0,
2026-10-07 16:23:57 EDT,SMH,https://finance.yahoo.com/quote/SMH/chart,625.17,M,1-2U,REVSTRAT 1-2-2 (watch 2D),bear,537.73,613.27,11,False,2U,Bullish Candle,ALERT if price < 537.73 (RevStrat bear); stop > 613.27,RevStrat after 1-2U: watch for 2D reversal (1-2U-2D),2U,1,2U,2U,2U,Unknown,Unknown,,0,
2026-10-07 16:23:57 EDT,SMH,https://finance.yahoo.com/quote/SMH/chart,625.17,3H,2D-1,1-2 BREAK_UP,bull,624.8,621.94,11,True,1,Bullish Candle,ALERT if price > 624.8 (inside break UP); stop < 621.94,Inside bar break UP (1-2),2U,1,2U,2U,2U,Unknown,Unknown,,0,
2026-10-07 16:23:57 EDT,SMH,https://finance.yahoo.com/quote/SMH/chart,625.17,3H,2D-1,1-2 BREAK_DOWN,bear,621.94,624.8,11,False,1,Bullish Candle,ALERT if price < 621.94 (inside break DOWN); stop > 624.8,Inside bar break DOWN (1-2),2U,1,2U,2U,2U,Unknown,Unknown,,0,
2026-10-07 16:23:57 EDT,SMH,https://finance.yahoo.com/quote/SMH/chart,625.17,2H,1-3,3-2 BREAK_UP,bull,625.89,621.58,11,True,3,Bullish Candle,ALERT if price > 625.89 (outside break UP); stop < 621.58,Outside bar break UP (3-2),2U,1,2U,2U,2U,Unknown,Unknown,,0,
2026-10-07 16:23:57 EDT,SMH,https://finance.yahoo.com/quote/SMH/chart,625.17,2H,1-3,3-2 BREAK_DOWN,bear,621.58,625.89,11,False,3,Bullish Candle,ALERT if price < 621.58 (outside break DOWN); stop > 625.89,Outside bar break DOWN (3-2),2U,1,2U,2U,2U,Unknown,Unknown,,0,
2026-10-07 16:23:57 EDT,SMH,https://finance.yahoo.com/quote/SMH/chart,625.17,1H,1-2D,REVSTRAT 1-2-2 (watch 2U),bull,623.81,621.58,11,True,2D,Bearish Hanging-Man-like,ALERT if price > 623.81 (RevStrat bull); stop < 621.58,RevStrat after 1-2D: watch for 2U reversal (1-2D-2U),2U,1,2U,2U,2U,Unknown,Unknown,,0,
2026-10-07 16:23:57 EDT,ARKK,https://finance.yahoo.com/quote/ARKK/chart,88.35,Q,1-2U,REVSTRAT 1-2-2 (watch 2D),bear,69.89,92.2,11,False,2U,Bullish Candle,ALERT if price < 69.89 (RevStrat bear); stop > 92.2,RevStrat after 1-2U: watch for 2D reversal (1-2U-2D),2U,2U,2U,2D,2U,Unknown,Unknown,,0,
2026-10-07 16:23:57 EDT,ARKK,https://finance.yahoo.com/quote/ARKK/chart,88.35,4H,2D-1,1-2 BREAK_UP,bull,88.74,88.24,11,True,1,Bearish Candle,ALERT if price > 88.74 (inside break UP); stop < 88.24,Inside bar break UP (1-2),2U,2U,2U,2D,2U,Unknown,Unknown,,0,
2026-10-07 16:23:57 EDT,ARKK,https://finance.yahoo.com/quote/ARKK/chart,88.35,4H,2D-1,1-2 BREAK_DOWN,bear,88.24,88.74,11,False,1,Bearish Candle,ALERT if price < 88.24 (inside break DOWN); stop > 88.74,Inside bar break DOWN (1-2),2U,2U,2U,2D,2U,Unknown,Unknown,,0,
2026-10-07 16:23:57 EDT,ARKK,https://finance.yahoo.com/quote/ARKK/chart,88.35,3H,2D-1,1-2 BREAK_UP,bull,88.9,88.24,11,True,1,Bearish Candle,ALERT if price > 88.9 (inside break UP); stop < 88.24,Inside bar break UP (1-2),2U,2U,2U,2D,2U,Unknown,Unknown,,0,
2026-10-07 16:23:57 EDT,ARKK,https://finance.yahoo.com/quote/ARKK/chart,88.35,3H,2D-1,1-2 BREAK_DOWN,bear,88.24,88.9,11,False,1,Bearish Candle,ALERT if price < 88.24 (inside break DOWN); stop > 88.9,Inside bar break DOWN (1-2),2U,2U,2U,2D,2U,Unknown,Unknown,,0,
2026-10-07 16:23:57 EDT,ARKK,https://finance.yahoo.com/quote/ARKK/chart,88.35,2H,1-1,1-2 BREAK_UP,bull,88.72,88.29,11,True,1,Bearish Candle,ALERT if price > 88.72 (inside break UP); stop < 88.29,Inside bar break UP (1-2),2U,2U,2U,2D,2U,Unknown,Unknown,,0,
2026-10-07 16:23:57 EDT,ARKK,https://finance.yahoo.com/quote/ARKK/chart,88.35,2H,1-1,1-2 BREAK_DOWN,bear,88.29,88.72,11,False,1,Bearish Candle,ALERT if price < 88.29 (inside break DOWN); stop > 88.72,Inside bar break DOWN (1-2),2U,2U,2U,2D,2U,Unknown,Unknown,,0,
2026-10-07 16:23:57 EDT,TLT,https://finance.yahoo.com/quote/TLT/chart,77.15,Y,1-2D,REVSTRAT 1-2-2 (watch 2U),bull,94.09,83.3,-13,False,2D,Doji,ALERT if price > 94.09 (RevStrat bull); stop < 83.3,RevStrat after 1-2D: watch for 2U reversal (1-2D-2U),2D,2D,2D,2D,2U,Unknown,Unknown,,0,
2026-10-07 16:23:57 EDT,TLT,https://finance.yahoo.com/quote/TLT/chart,77.15,W,3-2D,REVSTRAT 3-2-2 (watch 2U),bull,78.87,76.76,-13,False,2D,Bearish Candle,ALERT if price > 78.87 (RevStrat bull); stop < 76.76,RevStrat after 3-2D: watch for 2U reversal (3-2D-2U),2D,2D,2D,2D,2U,Unknown,Unknown,,0,
2026-10-07 16:23:57 EDT,TLT,https://finance.yahoo.com/quote/TLT/chart,77.15,2H,2U-1,1-2 BREAK_UP,bull,77.27,77.05,-13,False,1,Bearish Candle,ALERT if price > 77.27 (inside break UP); stop < 77.05,Inside bar break UP (1-2),2D,2D,2D,2D,2U,Unknown,Unknown,,0,
2026-10-07 16:23:57 EDT,TLT,https://finance.yahoo.com/quote/TLT/chart,77.15,2H,2U-1,1-2 BREAK_DOWN,bear,77.05,77.27,-13,True,1,Bearish Candle,ALERT if price < 77.05 (inside break DOWN); stop > 77.27,Inside bar break DOWN (1-2),2D,2D,2D,2D,2U,Unknown,Unknown,,0,
2026-10-07 16:23:57 EDT,TLT,https://finance.yahoo.com/quote/TLT/chart,77.15,1H,1-2U,REVSTRAT 1-2-2 (watch 2D),bear,77.1,77.27,-13,True,2U,Bearish Candle,ALERT if price < 77.1 (RevStrat bear); stop > 77.27,RevStrat after 1-2U: watch for 2D reversal (1-2U-2D),2D,2D,2D,2D,2U,Unknown,Unknown,,0,
2026-10-07 16:23:57 EDT,GLD,https://finance.yahoo.com/quote/GLD/chart,375.85,Q,2D-1,1-2 BREAK_UP,bull,429.42,363.6,4,True,1,Bullish Candle,ALERT if price > 429.42 (inside break UP); stop < 363.6,Inside bar break UP (1-2),2U,1,1,2D,2U,Unknown,Unknown,,0,
2026-10-07 16:23:57 EDT,GLD,https://finance.yahoo.com/quote/GLD/chart,375.85,Q,2D-1,1-2 BREAK_DOWN,bear,363.6,429.42,4,False,1,Bullish Candle,ALERT if price < 363.6 (inside break DOWN); stop > 429.42,Inside bar break DOWN (1-2),2U,1,1,2D,2U,Unknown,Unknown,,0,
2026-10-07 16:23:57 EDT,GLD,https://finance.yahoo.com/quote/GLD/chart,375.85,M,2U-1,1-2 BREAK_UP,bull,413.54,376.88,4,True,1,Bearish Candle,ALERT if price > 413.54 (inside break UP); stop < 376.88,Inside bar break UP (1-2),2U,1,1,2D,2U,Unknown,Unknown,,0,
2026-10-07 16:23:57 EDT,GLD,https://finance.yahoo.com/quote/GLD/chart,375.85,M,2U-1,1-2 BREAK_DOWN,bear,376.88,413.54,4,False,1,Bearish Candle,ALERT if price < 376.88 (inside break DOWN); stop > 413.54,Inside bar break DOWN (1-2),2U,1,1,2D,2U,Unknown,Unknown,,0,
2026-10-07 16:23:57 EDT,GLD,https://finance.yahoo.com/quote/GLD/chart,375.85,W,1-2D,REVSTRAT 1-2-2 (watch 2U),bull,385.22,376.88,4,True,2D,Doji,ALERT if price > 385.22 (RevStrat bull); stop < 376.88,RevStrat after 1-2D: watch for 2U reversal (1-2D-2U),2U,1,1,2D,2U,Unknown,Unknown,,0,
2026-10-07 16:23:57 EDT,GLD,https://finance.yahoo.com/quote/GLD/chart,375.85,1H,1-2D,REVSTRAT 1-2-2 (watch 2U),bull,377.04,376.09,4,True,2D,Bearish Candle,ALERT if price > 377.04 (RevStrat bull); stop < 376.09,RevStrat after 1-2D: watch for 2U reversal (1-2D-2U),2U,1,1,2D,2U,Unknown,Unknown,,0,
2026-10-07 16:23:57 EDT,NVDA,https://finance.yahoo.com/quote/NVDA/chart,237.36,Q,2U-1,1-2 BREAK_UP,bull,234.76,190.01,11,True,1,Bullish Candle,ALERT if price > 234.76 (inside break UP); stop < 190.01,Inside bar break UP (1-2),2U,1,2U,2U,2U,Information Technology,Unknown,ARKK|DIA|QQQ|SMH|SPY|XLK,6,"ARKK, DIA, QQQ, SMH, SPY, XLK"
2026-10-07 16:23:57 EDT,NVDA,https://finance.yahoo.com/quote/NVDA/chart,237.36,Q,2U-1,1-2 BREAK_DOWN,bear,190.01,234.76,11,False,1,Bullish Candle,ALERT if price < 190.01 (inside break DOWN); stop > 234.76,Inside bar break DOWN (1-2),2U,1,2U,2U,2U,Information Technology,Unknown,ARKK|DIA|QQQ|SMH|SPY|XLK,6,"ARKK, DIA, QQQ, SMH, SPY, XLK"
2026-10-07 16:23:57 EDT,NVDA,https://finance.yahoo.com/quote/NVDA/chart,237.36,3H,2D-1,1-2 BREAK_UP,bull,237.79,236.65,11,True,1,Bullish Candle,ALERT if price > 237.79 (inside break UP); stop < 236.65,Inside bar break UP (1-2),2U,1,2U,2U,2U,Information Technology,Unknown,ARKK|DIA|QQQ|SMH|SPY|XLK,6,"ARKK, DIA, QQQ, SMH, SPY, XLK"
2026-10-07 16:23:57 EDT,NVDA,https://finance.yahoo.com/quote/NVDA/chart,237.36,3H,2D-1,1-2 BREAK_DOWN,bear,236.65,237.79,11,False,1,Bullish Candle,ALERT if price < 236.65 (inside break DOWN); stop > 237.79,Inside bar break DOWN (1-2),2U,1,2U,2U,2U,Information Technology,Unknown,ARKK|DIA|QQQ|SMH|SPY|XLK,6,"ARKK, DIA, QQQ, SMH, SPY, XLK"
2026-10-07 16:23:57 EDT,NVDA,https://finance.yahoo.com/quote/NVDA/chart,237.36,2H,1-3,3-2 BREAK_UP,bull,238.1,236.38,11,True,3,Bullish Candle,ALERT if price > 238.1 (outside break UP); stop < 236.38,Outside bar break UP (3-2),2U,1,2U,2U,2U,Information Technology,Unknown,ARKK|DIA|QQQ|SMH|SPY|XLK,6,"ARKK, DIA, QQQ, SMH, SPY, XLK"
2026-10-07 16:23:57 EDT,NVDA,https://finance.yahoo.com/quote/NVDA/chart,237.36,2H,1-3,3-2 BREAK_DOWN,bear,236.38,238.1,11,False,3,Bullish Candle,ALERT if price < 236.38 (outside break DOWN); stop > 238.1,Outside bar break DOWN (3-2),2U,1,2U,2U,2U,Information Technology,Unknown,ARKK|DIA|QQQ|SMH|SPY|XLK,6,"ARKK, DIA, QQQ, SMH, SPY, XLK"
2026-10-07 16:23:57 EDT,AAPL,https://finance.yahoo.com/quote/AAPL/chart,336.62,M,1-2U,REVSTRAT 1-2-2 (watch 2D),bear,309.9,345.34,9,False,2U,Bullish Candle,ALERT if price < 309.9 (RevStrat bear); stop > 345.34,RevStrat after 1-2U: watch for 2D reversal (1-2U-2D),2U,2U,2U,2D,2D,Information Technology,Unknown,DIA|QQQ|SPY|XLK,4,"DIA, QQQ, SPY, XLK"
2026-10-07 16:23:57 EDT,AAPL,https://finance.yahoo.com/quote/AAPL/chart,336.62,4H,2U-1,1-2 BREAK_UP,bull,337.45,335.03,9,True,1,Bullish Candle,ALERT if price > 337.45 (inside break UP); stop < 335.03,Inside bar break UP (1-2),2U,2U,2U,2D,2D,Information Technology,Unknown,DIA|QQQ|SPY|XLK,4,"DIA, QQQ, SPY, XLK"
2026-10-07 16:23:57 EDT,AAPL,https://finance.yahoo.com/quote/AAPL/chart,336.62,4H,2U-1,1-2 BREAK_DOWN,bear,335.03,337.45,9,False,1,Bullish Candle,ALERT if price < 335.03 (inside break DOWN); stop > 337.45,Inside bar break DOWN (1-2),2U,2U,2U,2D,2D,Information Technology,Unknown,DIA|QQQ|SPY|XLK,4,"DIA, QQQ, SPY, XLK"
2026-10-07 16:23:57 EDT,AAPL,https://finance.yahoo.com/quote/AAPL/chart,336.62,3H,3-1,1-2 BREAK_UP,bull,337.29,334.03,9,True,1,Bullish Candle,ALERT if price > 337.29 (inside break UP); stop < 334.03,Inside bar break UP (1-2),2U,2U,2U,2D,2D,Information Technology,Unknown,DIA|QQQ|SPY|XLK,4,"DIA, QQQ, SPY, XLK"
2026-10-07 16:23:57 EDT,AAPL,https://finance.yahoo.com/quote/AAPL/chart,336.62,3H,3-1,1-2 BREAK_DOWN,bear,334.03,337.29,9,False,1,Bullish Candle,ALERT if price < 334.03 (inside break DOWN); stop > 337.29,Inside bar break DOWN (1-2),2U,2U,2U,2D,2D,Information Technology,Unknown,DIA|QQQ|SPY|XLK,4,"DIA, QQQ, SPY, XLK"
2026-10-07 16:23:57 EDT,GOOGL,https://finance.yahoo.com/quote/GOOGL/chart,350.37,Q,2U-1,1-2 BREAK_UP,bull,384.48,314.9,1,True,1,Bearish Candle,ALERT if price > 384.48 (inside break UP); stop < 314.9,Inside bar break UP (1-2),2U,1,2D,2D,2U,Communication Services,Unknown,QQQ|SPY,2,"QQQ, SPY"
2026-10-07 16:23:57 EDT,GOOGL,https://finance.yahoo.com/quote/GOOGL/chart,350.37,Q,2U-1,1-2 BREAK_DOWN,bear,314.9,384.48,1,False,1,Bearish Candle,ALERT if price < 314.9 (inside break DOWN); stop > 384.48,Inside bar break DOWN (1-2),2U,1,2D,2D,2U,Communication Services,Unknown,QQQ|SPY,2,"QQQ, SPY"
2026-10-07 16:23:57 EDT,GOOGL,https://finance.yahoo.com/quote/GOOGL/chart,350.37,W,3-2D,REVSTRAT 3-2-2 (watch 2U),bull,353.22,335.51,1,True,2D,Bullish Candle,ALERT if price > 353.22 (RevStrat bull); stop < 335.51,RevStrat after 3-2D: watch for 2U reversal (3-2D-2U),2U,1,2D,2D,2U,Communication Services,Unknown,QQQ|SPY,2,"QQQ, SPY"
2026-10-07 16:23:57 EDT,MSFT,https://finance.yahoo.com/quote/MSFT/chart,529.54,Y,2U-3,3-2 BREAK_UP,bull,555.45,344.79,10,True,3,Bullish Candle,ALERT if price > 555.45 (outside break UP); stop < 344.79,Outside bar break UP (3-2),3,2U,2U,2U,2U,Information Technology,Unknown,DIA|QQQ|SPY|XLK,4,"DIA, QQQ, SPY, XLK"
2026-10-07 16:23:57 EDT,MSFT,https://finance.yahoo.com/quote/MSFT/chart,529.54,Y,2U-3,3-2 BREAK_DOWN,bear,344.79,555.45,10,False,3,Bullish Candle,ALERT if price < 344.79 (outside break DOWN); stop > 555.45,Outside bar break DOWN (3-2),3,2U,2U,2U,2U,Information Technology,Unknown,DIA|QQQ|SPY|XLK,4,"DIA, QQQ, SPY, XLK"
2026-10-07 16:23:57 EDT,MSFT,https://finance.yahoo.com/quote/MSFT/chart,529.54,2H,2U-1,1-2 BREAK_UP,bull,531.67,529.13,10,True,1,Bearish Candle,ALERT if price > 531.67 (inside break UP); stop < 529.13,Inside bar break UP (1-2),3,2U,2U,2U,2U,Information Technology,Unknown,DIA|QQQ|SPY|XLK,4,"DIA, QQQ, SPY, XLK"
2026-10-07 16:23:57 EDT,MSFT,https://finance.yahoo.com/quote/MSFT/chart,529.54,2H,2U-1,1-2 BREAK_DOWN,bear,529.13,531.67,10,False,1,Bearish Candle,ALERT if price < 529.13 (inside break DOWN); stop > 531.67,Inside bar break DOWN (1-2),3,2U,2U,2U,2U,Information Technology,Unknown,DIA|QQQ|SPY|XLK,4,"DIA, QQQ, SPY, XLK"
2026-10-07 16:23:57 EDT,MSFT,https://finance.yahoo.com/quote/MSFT/chart,529.54,1H,2U-1,1-2 BREAK_UP,bull,531.67,529.84,10,True,1,Bearish Marubozu-like,ALERT if price > 531.67 (inside break UP); stop < 529.84,Inside bar break UP (1-2),3,2U,2U,2U,2U,Information Technology,Unknown,DIA|QQQ|SPY|XLK,4,"DIA, QQQ, SPY, XLK"
2026-10-07 16:23:57 EDT,MSFT,https://finance.yahoo.com/quote/MSFT/chart,529.54,1H,2U-1,1-2 BREAK_DOWN,bear,529.84,531.67,10,False,1,Bearish Marubozu-like,ALERT if price < 529.84 (inside break DOWN); stop > 531.67,Inside bar break DOWN (1-2),3,2U,2U,2U,2U,Information Technology,Unknown,DIA|QQQ|SPY|XLK,4,"DIA, QQQ, SPY, XLK"
2026-10-07 16:23:57 EDT,AMZN,https://finance.yahoo.com/quote/AMZN/chart,259.88,4H,3-2U,REVSTRAT 3-2-2 (watch 2D),bear,258.51,260.14,5,False,2U,Bullish Candle,ALERT if price < 258.51 (RevStrat bear); stop > 260.14,RevStrat after 3-2U: watch for 2D reversal (3-2U-2D),2U,2U,2D,2D,2U,Consumer Discretionary,Unknown,ARKK|DIA|QQQ|SPY|XLY,5,"ARKK, DIA, QQQ, SPY, XLY"
2026-10-07 16:23:57 EDT,AMZN,https://finance.yahoo.com/quote/AMZN/chart,259.88,3H,3-2U,REVSTRAT 3-2-2 (watch 2D),bear,256.7,259.39,5,False,2U,Bullish Candle,ALERT if price < 256.7 (RevStrat bear); stop > 259.39,RevStrat after 3-2U: watch for 2D reversal (3-2U-2D),2U,2U,2D,2D,2U,Consumer Discretionary,Unknown,ARKK|DIA|QQQ|SPY|XLY,5,"ARKK, DIA, QQQ, SPY, XLY"
2026-10-07 16:23:57 EDT,AMZN,https://finance.yahoo.com/quote/AMZN/chart,259.88,1H,1-2U,REVSTRAT 1-2-2 (watch 2D),bear,258.85,259.86,5,False,2U,Bullish Candle,ALERT if price < 258.85 (RevStrat bear); stop > 259.86,RevStrat after 1-2U: watch for 2D reversal (1-2U-2D),2U,2U,2D,2D,2U,Consumer Discretionary,Unknown,ARKK|DIA|QQQ|SPY|XLY,5,"ARKK, DIA, QQQ, SPY, XLY"
2026-10-07 16:23:57 EDT,META,https://finance.yahoo.com/quote/META/chart,721.15,Q,1-3,3-2 BREAK_UP,bull,779.82,524.49,9,True,3,Bullish Candle,ALERT if price > 779.82 (outside break UP); stop < 524.49,Outside bar break UP (3-2),2U,3,2U,1,2U,Communication Services,Unknown,QQQ|SPY,2,"QQQ, SPY"
2026-10-07 16:23:57 EDT,META,https://finance.yahoo.com/quote/META/chart,721.15,Q,1-3,3-2 BREAK_DOWN,bear,524.49,779.82,9,False,3,Bullish Candle,ALERT if price < 524.49 (outside break DOWN); stop > 779.82,Outside bar break DOWN (3-2),2U,3,2U,1,2U,Communication Services,Unknown,QQQ|SPY,2,"QQQ, SPY"
2026-10-07 16:23:57 EDT,META,https://finance.yahoo.com/quote/META/chart,721.15,M,1-2U,REVSTRAT 1-2-2 (watch 2D),bear,556.1,779.82,9,False,2U,Bullish Candle,ALERT if price < 556.1 (RevStrat bear); stop > 779.82,RevStrat after 1-2U: watch for 2D reversal (1-2U-2D),2U,3,2U,1,2U,Communication Services,Unknown,QQQ|SPY,2,"QQQ, SPY"
2026-10-07 16:23:57 EDT,META,https://finance.yahoo.com/quote/META/chart,721.15,W,2U-1,1-2 BREAK_UP,bull,750.58,713.19,9,True,1,Bearish Candle,ALERT if price > 750.58 (inside break UP); stop < 713.19,Inside bar break UP (1-2),2U,3,2U,1,2U,Communication Services,Unknown,QQQ|SPY,2,"QQQ, SPY"
2026-10-07 16:23:57 EDT,META,https://finance.yahoo.com/quote/META/chart,721.15,W,2U-1,1-2 BREAK_DOWN,bear,713.19,750.58,9,False,1,Bearish Candle,ALERT if price < 713.19 (inside break DOWN); stop > 750.58,Inside bar break DOWN (1-2),2U,3,2U,1,2U,Communication Services,Unknown,QQQ|SPY,2,"QQQ, SPY"
2026-10-07 16:23:57 EDT,META,https://finance.yahoo.com/quote/META/chart,721.15,3H,2D-1,1-2 BREAK_UP,bull,726.59,721.61,9,True,1,Bullish Candle,ALERT if price > 726.59 (inside break UP); stop < 721.61,Inside bar break UP (1-2),2U,3,2U,1,2U,Communication Services,Unknown,QQQ|SPY,2,"QQQ, SPY"
2026-10-07 16:23:57 EDT,META,https://finance.yahoo.com/quote/META/chart,721.15,3H,2D-1,1-2 BREAK_DOWN,bear,721.61,726.59,9,False,1,Bullish Candle,ALERT if price < 721.61 (inside break DOWN); stop > 726.59,Inside bar break DOWN (1-2),2U,3,2U,1,2U,Communication Services,Unknown,QQQ|SPY,2,"QQQ, SPY"
2026-10-07 16:23:57 EDT,META,https://finance.yahoo.com/quote/META/chart,721.15,2H,2U-3,3-2 BREAK_UP,bull,727.51,720.15,9,True,3,Bearish Candle,ALERT if price > 727.51 (outside break UP); stop < 720.15,Outside bar break UP (3-2),2U,3,2U,1,2U,Communication Services,Unknown,QQQ|SPY,2,"QQQ, SPY"
2026-10-07 16:23:57 EDT,META,https://finance.yahoo.com/quote/META/chart,721.15,2H,2U-3,3-2 BREAK_DOWN,bear,720.15,727.51,9,False,3,Bearish Candle,ALERT if price < 720.15 (outside break DOWN); stop > 727.51,Outside bar break DOWN (3-2),2U,3,2U,1,2U,Communication Services,Unknown,QQQ|SPY,2,"QQQ, SPY"
2026-10-07 16:23:57 EDT,META,https://finance.yahoo.com/quote/META/chart,721.15,1H,3-3,3-2 BREAK_UP,bull,727.51,722.14,9,True,3,Bearish Candle,ALERT if price > 727.51 (outside break UP); stop < 722.14,Outside bar break UP (3-2),2U,3,2U,1,2U,Communication Services,Unknown,QQQ|SPY,2,"QQQ, SPY"
2026-10-07 16:23:57 EDT,META,https://finance.yahoo.com/quote/META/chart,721.15,1H,3-3,3-2 BREAK_DOWN,bear,722.14,727.51,9,False,3,Bearish Candle,ALERT if price < 722.14 (outside break DOWN); stop > 727.51,Outside bar break DOWN (3-2),2U,3,2U,1,2U,Communication Services,Unknown,QQQ|SPY,2,"QQQ, SPY"
2026-10-07 16:23:57 EDT,AVGO,https://finance.yahoo.com/quote/AVGO/chart,376.27,Q,2U-1,1-2 BREAK_UP,bull,432.73,335.81,1,True,1,Bearish Candle,ALERT if price > 432.73 (inside break UP); stop < 335.81,Inside bar break UP (1-2),2U,1,2D,2D,2U,Information Technology,Unknown,QQQ|SMH|SPY|XLK,4,"QQQ, SMH, SPY, XLK"
2026-10-07 16:23:57 EDT,AVGO,https://finance.yahoo.com/quote/AVGO/chart,376.27,Q,2U-1,1-2 BREAK_DOWN,bear,335.81,432.73,1,False,1,Bearish Candle,ALERT if price < 335.81 (inside break DOWN); stop > 432.73,Inside bar break DOWN (1-2),2U,1,2D,2D,2U,Information Technology,Unknown,QQQ|SMH|SPY|XLK,4,"QQQ, SMH, SPY, XLK"
2026-10-07 16:23:57 EDT,AVGO,https://finance.yahoo.com/quote/AVGO/chart,376.27,M,3-2D,REVSTRAT 3-2-2 (watch 2U),bull,372.7,335.81,1,True,2D,Bearish Candle,ALERT if price > 372.7 (RevStrat bull); stop < 335.81,RevStrat after 3-2D: watch for 2U reversal (3-2D-2U),2U,1,2D,2D,2U,Information Technology,Unknown,QQQ|SMH|SPY|XLK,4,"QQQ, SMH, SPY, XLK"
2026-10-07 16:23:57 EDT,AVGO,https://finance.yahoo.com/quote/AVGO/chart,376.27,2H,1-2U,REVSTRAT 1-2-2 (watch 2D),bear,372.7,376.97,1,False,2U,Bullish Candle,ALERT if price < 372.7 (RevStrat bear); stop > 376.97,RevStrat after 1-2U: watch for 2D reversal (1-2U-2D),2U,1,2D,2D,2U,Information Technology,Unknown,QQQ|SMH|SPY|XLK,4,"QQQ, SMH, SPY, XLK"
2026-10-07 16:23:57 EDT,AVGO,https://finance.yahoo.com/quote/AVGO/chart,376.27,1H,3-1,1-2 BREAK_UP,bull,374.12,372.7,1,True,1,Bullish Candle,ALERT if price > 374.12 (inside break UP); stop < 372.7,Inside bar break UP (1-2),2U,1,2D,2D,2U,Information Technology,Unknown,QQQ|SMH|SPY|XLK,4,"QQQ, SMH, SPY, XLK"
2026-10-07 16:23:57 EDT,AVGO,https://finance.yahoo.com/quote/AVGO/chart,376.27,1H,3-1,1-2 BREAK_DOWN,bear,372.7,374.12,1,False,1,Bullish Candle,ALERT if price < 372.7 (inside break DOWN); stop > 374.12,Inside bar break DOWN (1-2),2U,1,2D,2D,2U,Information Technology,Unknown,QQQ|SMH|SPY|XLK,4,"QQQ, SMH, SPY, XLK"
2026-10-07 16:23:57 EDT,TSLA,https://finance.yahoo.com/quote/TSLA/chart,377.62,M,1-2U,REVSTRAT 1-2-2 (watch 2D),bear,345.88,386.83,3,False,2U,Bearish Candle,ALERT if price < 345.88 (RevStrat bear); stop > 386.83,RevStrat after 1-2U: watch for 2D reversal (1-2U-2D),2U,2D,2U,2D,2U,Consumer Discretionary,Unknown,ARKK|QQQ|SPY|XLY,4,"ARKK, QQQ, SPY, XLY"
2026-10-07 16:23:57 EDT,TSLA,https://finance.yahoo.com/quote/TSLA/chart,377.62,4H,3-1,1-2 BREAK_UP,bull,378.28,375.53,3,True,1,Bullish Candle,ALERT if price > 378.28 (inside break UP); stop < 375.53,Inside bar break UP (1-2),2U,2D,2U,2D,2U,Consumer Discretionary,Unknown,ARKK|QQQ|SPY|XLY,4,"ARKK, QQQ, SPY, XLY"
2026-10-07 16:23:57 EDT,TSLA,https://finance.yahoo.com/quote/TSLA/chart,377.62,4H,3-1,1-2 BREAK_DOWN,bear,375.53,378.28,3,False,1,Bullish Candle,ALERT if price < 375.53 (inside break DOWN); stop > 378.28,Inside bar break DOWN (1-2),2U,2D,2U,2D,2U,Consumer Discretionary,Unknown,ARKK|QQQ|SPY|XLY,4,"ARKK, QQQ, SPY, XLY"
2026-10-07 16:23:57 EDT,TSLA,https://finance.yahoo.com/quote/TSLA/chart,377.62,3H,3-1,1-2 BREAK_UP,bull,377.41,374.82,3,True,1,Bullish Candle,ALERT if price > 377.41 (inside break UP); stop < 374.82,Inside bar break UP (1-2),2U,2D,2U,2D,2U,Consumer Discretionary,Unknown,ARKK|QQQ|SPY|XLY,4,"ARKK, QQQ, SPY, XLY"
2026-10-07 16:23:57 EDT,TSLA,https://finance.yahoo.com/quote/TSLA/chart,377.62,3H,3-1,1-2 BREAK_DOWN,bear,374.82,377.41,3,False,1,Bullish Candle,ALERT if price < 374.82 (inside break DOWN); stop > 377.41,Inside bar break DOWN (1-2),2U,2D,2U,2D,2U,Consumer Discretionary,Unknown,ARKK|QQQ|SPY|XLY,4,"ARKK, QQQ, SPY, XLY"
2026-10-07 16:23:57 EDT,TSLA,https://finance.yahoo.com/quote/TSLA/chart,377.62,1H,1-2U,REVSTRAT 1-2-2 (watch 2D),bear,376.22,378.17,3,False,2U,Bullish Candle,ALERT if price < 376.22 (RevStrat bear); stop > 378.17,RevStrat after 1-2U: watch for 2D reversal (1-2U-2D),2U,2D,2U,2D,2U,Consumer Discretionary,Unknown,ARKK|QQQ|SPY|XLY,4,"ARKK, QQQ, SPY, XLY"
2026-10-07 16:23:57 EDT,TSM,https://finance.yahoo.com/quote/TSM/chart,472.15,Q,2U-1,1-2 BREAK_UP,bull,468.51,372.72,10,True,1,Bearish Hanging-Man-like,ALERT if price > 468.51 (inside break UP); stop < 372.72,Inside bar break UP (1-2),2U,1,2U,2U,1,Unknown,Unknown,ARKK|SMH,2,"ARKK, SMH"
2026-10-07 16:23:57 EDT,TSM,https://finance.yahoo.com/quote/TSM/chart,472.15,Q,2U-1,1-2 BREAK_DOWN,bear,372.72,468.51,10,False,1,Bearish Hanging-Man-like,ALERT if price < 372.72 (inside break DOWN); stop > 468.51,Inside bar break DOWN (1-2),2U,1,2U,2U,1,Unknown,Unknown,ARKK|SMH,2,"ARKK, SMH"
2026-10-07 16:23:57 EDT,TSM,https://finance.yahoo.com/quote/TSM/chart,472.15,M,1-2U,REVSTRAT 1-2-2 (watch 2D),bear,407.82,461.87,10,False,2U,Bullish Candle,ALERT if price < 407.82 (RevStrat bear); stop > 461.87,RevStrat after 1-2U: watch for 2D reversal (1-2U-2D),2U,1,2U,2U,1,Unknown,Unknown,ARKK|SMH,2,"ARKK, SMH"
2026-10-07 16:23:57 EDT,TSM,https://finance.yahoo.com/quote/TSM/chart,472.15,D,2U-1,1-2 BREAK_UP,bull,486.0,481.48,10,True,1,Bearish Candle,ALERT if price > 486.0 (inside break UP); stop < 481.48,Inside bar break UP (1-2),2U,1,2U,2U,1,Unknown,Unknown,ARKK|SMH,2,"ARKK, SMH"
2026-10-07 16:23:57 EDT,TSM,https://finance.yahoo.com/quote/TSM/chart,472.15,D,2U-1,1-2 BREAK_DOWN,bear,481.48,486.0,10,False,1,Bearish Candle,ALERT if price < 481.48 (inside break DOWN); stop > 486.0,Inside bar break DOWN (1-2),2U,1,2U,2U,1,Unknown,Unknown,ARKK|SMH,2,"ARKK, SMH"
2026-10-07 16:23:57 EDT,TSM,https://finance.yahoo.com/quote/TSM/chart,472.15,4H,2D-1,1-2 BREAK_UP,bull,474.17,471.3,10,True,1,Bearish Candle,ALERT if price > 474.17 (inside break UP); stop < 471.3,Inside bar break UP (1-2),2U,1,2U,2U,1,Unknown,Unknown,ARKK|SMH,2,"ARKK, SMH"
2026-10-07 16:23:57 EDT,TSM,https://finance.yahoo.com/quote/TSM/chart,472.15,4H,2D-1,1-2 BREAK_DOWN,bear,471.3,474.17,10,False,1,Bearish Candle,ALERT if price < 471.3 (inside break DOWN); stop > 474.17,Inside bar break DOWN (1-2),2U,1,2U,2U,1,Unknown,Unknown,ARKK|SMH,2,"ARKK, SMH"
2026-10-07 16:23:57 EDT,TSM,https://finance.yahoo.com/quote/TSM/chart,472.15,3H,2D-1,1-2 BREAK_UP,bull,474.17,472.17,10,True,1,Bullish Candle,ALERT if price > 474.17 (inside break UP); stop < 472.17,Inside bar break UP (1-2),2U,1,2U,2U,1,Unknown,Unknown,ARKK|SMH,2,"ARKK, SMH"
2026-10-07 16:23:57 EDT,TSM,https://finance.yahoo.com/quote/TSM/chart,472.15,3H,2D-1,1-2 BREAK_DOWN,bear,472.17,474.17,10,False,1,Bullish Candle,ALERT if price < 472.17 (inside break DOWN); stop > 474.17,Inside bar break DOWN (1-2),2U,1,2U,2U,1,Unknown,Unknown,ARKK|SMH,2,"ARKK, SMH"
2026-10-07 16:23:57 EDT,TSM,https://finance.yahoo.com/quote/TSM/chart,472.15,1H,1-2D,REVSTRAT 1-2-2 (watch 2U),bull,473.46,471.3,10,True,2D,Bearish Candle,ALERT if price > 473.46 (RevStrat bull); stop < 471.3,RevStrat after 1-2D: watch for 2U reversal (1-2D-2U),2U,1,2U,2U,1,Unknown,Unknown,ARKK|SMH,2,"ARKK, SMH"
2026-10-07 16:23:57 EDT,BRK-B,https://finance.yahoo.com/quote/BRK-B/chart,506.31,M,2U-1,1-2 BREAK_UP,bull,523.74,497.95,8,True,1,Bearish Shooting-Star-like,ALERT if price > 523.74 (inside break UP); stop < 497.95,Inside bar break UP (1-2),2U,2U,1,2D,2U,Financials,Unknown,SPY|XLF,2,"SPY, XLF"
2026-10-07 16:23:57 EDT,BRK-B,https://finance.yahoo.com/quote/BRK-B/chart,506.31,M,2U-1,1-2 BREAK_DOWN,bear,497.95,523.74,8,False,1,Bearish Shooting-Star-like,ALERT if price < 497.95 (inside break DOWN); stop > 523.74,Inside bar break DOWN (1-2),2U,2U,1,2D,2U,Financials,Unknown,SPY|XLF,2,"SPY, XLF"
2026-10-07 16:23:57 EDT,BRK-B,https://finance.yahoo.com/quote/BRK-B/chart,506.31,4H,2D-1,1-2 BREAK_UP,bull,506.39,505.19,8,True,1,Bullish Candle,ALERT if price > 506.39 (inside break UP); stop < 505.19,Inside bar break UP (1-2),2U,2U,1,2D,2U,Financials,Unknown,SPY|XLF,2,"SPY, XLF"
2026-10-07 16:23:57 EDT,BRK-B,https://finance.yahoo.com/quote/BRK-B/chart,506.31,4H,2D-1,1-2 BREAK_DOWN,bear,505.19,506.39,8,False,1,Bullish Candle,ALERT if price < 505.19 (inside break DOWN); stop > 506.39,Inside bar break DOWN (1-2),2U,2U,1,2D,2U,Financials,Unknown,SPY|XLF,2,"SPY, XLF"
2026-10-07 16:23:57 EDT,BRK-B,https://finance.yahoo.com/quote/BRK-B/chart,506.31,3H,2D-1,1-2 BREAK_UP,bull,506.25,504.56,8,True,1,Bullish Candle,ALERT if price > 506.25 (inside break UP); stop < 504.56,Inside bar break UP (1-2),2U,2U,1,2D,2U,Financials,Unknown,SPY|XLF,2,"SPY, XLF"
2026-10-07 16:23:57 EDT,BRK-B,https://finance.yahoo.com/quote/BRK-B/chart,506.31,3H,2D-1,1-2 BREAK_DOWN,bear,504.56,506.25,8,False,1,Bullish Candle,ALERT if price < 504.56 (inside break DOWN); stop > 506.25,Inside bar break DOWN (1-2),2U,2U,1,2D,2U,Financials,Unknown,SPY|XLF,2,"SPY, XLF"
2026-10-07 16:23:57 EDT,BRK-B,https://finance.yahoo.com/quote/BRK-B/chart,506.31,2H,2U-3,3-2 BREAK_UP,bull,506.39,505.19,8,True,3,Bullish Candle,ALERT if price > 506.39 (outside break UP); stop < 505.19,Outside bar break UP (3-2),2U,2U,1,2D,2U,Financials,Unknown,SPY|XLF,2,"SPY, XLF"
2026-10-07 16:23:57 EDT,BRK-B,https://finance.yahoo.com/quote/BRK-B/chart,506.31,2H,2U-3,3-2 BREAK_DOWN,bear,505.19,506.39,8,False,3,Bullish Candle,ALERT if price < 505.19 (outside break DOWN); stop > 506.39,Outside bar break DOWN (3-2),2U,2U,1,2D,2U,Financials,Unknown,SPY|XLF,2,"SPY, XLF"
2026-10-07 16:23:57 EDT,BRK-B,https://finance.yahoo.com/quote/BRK-B/chart,506.31,1H,1-3,3-2 BREAK_UP,bull,506.3,505.19,8,True,3,Doji,ALERT if price > 506.3 (outside break UP); stop < 505.19,Outside bar break UP (3-2),2U,2U,1,2D,2U,Financials,Unknown,SPY|XLF,2,"SPY, XLF"
2026-10-07 16:23:57 EDT,BRK-B,https://finance.yahoo.com/quote/BRK-B/chart,506.31,1H,1-3,3-2 BREAK_DOWN,bear,505.19,506.3,8,False,3,Doji,ALERT if price < 505.19 (outside break DOWN); stop > 506.3,Outside bar break DOWN (3-2),2U,2U,1,2D,2U,Financials,Unknown,SPY|XLF,2,"SPY, XLF"
2026-10-07 16:23:57 EDT,LLY,https://finance.yahoo.com/quote/LLY/chart,1188.25,Q,3-2U,REVSTRAT 3-2-2 (watch 2D),bear,1109.15,1292.65,12,False,2U,Bearish Candle,ALERT if price < 1109.15 (RevStrat bear); stop > 1292.65,RevStrat after 3-2U: watch for 2D reversal (3-2U-2D),2U,2U,1,2U,2U,Health Care,Unknown,SPY|XLV,2,"SPY, XLV"
2026-10-07 16:23:57 EDT,LLY,https://finance.yahoo.com/quote/LLY/chart,1188.25,M,3-1,1-2 BREAK_UP,bull,1215.0,1113.29,12,True,1,Bearish Candle,ALERT if price > 1215.0 (inside break UP); stop < 1113.29,Inside bar break UP (1-2),2U,2U,1,2U,2U,Health Care,Unknown,SPY|XLV,2,"SPY, XLV"
2026-10-07 16:23:57 EDT,LLY,https://finance.yahoo.com/quote/LLY/chart,1188.25,M,3-1,1-2 BREAK_DOWN,bear,1113.29,1215.0,12,False,1,Bearish Candle,ALERT if price < 1113.29 (inside break DOWN); stop > 1215.0,Inside bar break DOWN (1-2),2U,2U,1,2U,2U,Health Care,Unknown,SPY|XLV,2,"SPY, XLV"
2026-10-07 16:23:57 EDT,LLY,https://finance.yahoo.com/quote/LLY/chart,1188.25,4H,2U-1,1-2 BREAK_UP,bull,1206.63,1183.83,12,True,1,Bearish Candle,ALERT if price > 1206.63 (inside break UP); stop < 1183.83,Inside bar break UP (1-2),2U,2U,1,2U,2U,Health Care,Unknown,SPY|XLV,2,"SPY, XLV"
2026-10-07 16:23:57 EDT,LLY,https://finance.yahoo.com/quote/LLY/chart,1188.25,4H,2U-1,1-2 BREAK_DOWN,bear,1183.83,1206.63,12,False,1,Bearish Candle,ALERT if price < 1183.83 (inside break DOWN); stop > 1206.63,Inside bar break DOWN (1-2),2U,2U,1,2U,2U,Health Care,Unknown,SPY|XLV,2,"SPY, XLV"
2026-10-07 16:23:57 EDT,LLY,https://finance.yahoo.com/quote/LLY/chart,1188.25,2H,1-2D,REVSTRAT 1-2-2 (watch 2U),bull,1198.23,1183.83,12,True,2D,Bearish Candle,ALERT if price > 1198.23 (RevStrat bull); stop < 1183.83,RevStrat after 1-2D: watch for 2U reversal (1-2D-2U),2U,2U,1,2U,2U,Health Care,Unknown,SPY|XLV,2,"SPY, XLV"
2026-10-07 16:23:57 EDT,LLY,https://finance.yahoo.com/quote/LLY/chart,1188.25,1H,1-2D,REVSTRAT 1-2-2 (watch 2U),bull,1198.23,1185.17,12,True,2D,Bearish Candle,ALERT if price > 1198.23 (RevStrat bull); stop < 1185.17,RevStrat after 1-2D: watch for 2U reversal (1-2D-2U),2U,2U,1,2U,2U,Health Care,Unknown,SPY|XLV,2,"SPY, XLV"
2026-10-07 16:23:57 EDT,WMT,https://finance.yahoo.com/quote/WMT/chart,108.12,M,2D-1,1-2 BREAK_UP,bull,111.23,103.92,0,False,1,Bearish Shooting-Star-like,ALERT if price > 111.23 (inside break UP); stop < 103.92,Inside bar break UP (1-2),2U,2D,1,2D,2U,Consumer Staples,Unknown,DIA|SPY|XLP,3,"DIA, SPY, XLP"
2026-10-07 16:23:57 EDT,WMT,https://finance.yahoo.com/quote/WMT/chart,108.12,M,2D-1,1-2 BREAK_DOWN,bear,103.92,111.23,0,False,1,Bearish Shooting-Star-like,ALERT if price < 103.92 (inside break DOWN); stop > 111.23,Inside bar break DOWN (1-2),2U,2D,1,2D,2U,Consumer Staples,Unknown,DIA|SPY|XLP,3,"DIA, SPY, XLP"
2026-10-07 16:23:57 EDT,WMT,https://finance.yahoo.com/quote/WMT/chart,108.12,W,3-2D,REVSTRAT 3-2-2 (watch 2U),bull,109.42,103.59,0,False,2D,Bearish Candle,ALERT if price > 109.42 (RevStrat bull); stop < 103.59,RevStrat after 3-2D: watch for 2U reversal (3-2D-2U),2U,2D,1,2D,2U,Consumer Staples,Unknown,DIA|SPY|XLP,3,"DIA, SPY, XLP"
2026-10-07 16:23:57 EDT,WMT,https://finance.yahoo.com/quote/WMT/chart,108.12,4H,2U-1,1-2 BREAK_UP,bull,108.57,107.97,0,False,1,Bearish Candle,ALERT if price > 108.57 (inside break UP); stop < 107.97,Inside bar break UP (1-2),2U,2D,1,2D,2U,Consumer Staples,Unknown,DIA|SPY|XLP,3,"DIA, SPY, XLP"
2026-10-07 16:23:57 EDT,WMT,https://finance.yahoo.com/quote/WMT/chart,108.12,4H,2U-1,1-2 BREAK_DOWN,bear,107.97,108.57,0,False,1,Bearish Candle,ALERT if price < 107.97 (inside break DOWN); stop > 108.57,Inside bar break DOWN (1-2),2U,2D,1,2D,2U,Consumer Staples,Unknown,DIA|SPY|XLP,3,"DIA, SPY, XLP"
2026-10-07 16:23:57 EDT,WMT,https://finance.yahoo.com/quote/WMT/chart,108.12,3H,2U-1,1-2 BREAK_UP,bull,108.75,108.06,0,False,1,Bearish Candle,ALERT if price > 108.75 (inside break UP); stop < 108.06,Inside bar break UP (1-2),2U,2D,1,2D,2U,Consumer Staples,Unknown,DIA|SPY|XLP,3,"DIA, SPY, XLP"
2026-10-07 16:23:57 EDT,WMT,https://finance.yahoo.com/quote/WMT/chart,108.12,3H,2U-1,1-2 BREAK_DOWN,bear,108.06,108.75,0,False,1,Bearish Candle,ALERT if price < 108.06 (inside break DOWN); stop > 108.75,Inside bar break DOWN (1-2),2U,2D,1,2D,2U,Consumer Staples,Unknown,DIA|SPY|XLP,3,"DIA, SPY, XLP"
2026-10-07 16:23:57 EDT,WMT,https://finance.yahoo.com/quote/WMT/chart,108.12,1H,1-3,3-2 BREAK_UP,bull,108.39,108.05,0,False,3,Bearish Candle,ALERT if price > 108.39 (outside break UP); stop < 108.05,Outside bar break UP (3-2),2U,2D,1,2D,2U,Consumer Staples,Unknown,DIA|SPY|XLP,3,"DIA, SPY, XLP"
2026-10-07 16:23:57 EDT,WMT,https://finance.yahoo.com/quote/WMT/chart,108.12,1H,1-3,3-2 BREAK_DOWN,bear,108.05,108.39,0,False,3,Bearish Candle,ALERT if price < 108.05 (outside break DOWN); stop > 108.39,Outside bar break DOWN (3-2),2U,2D,1,2D,2U,Consumer Staples,Unknown,DIA|SPY|XLP,3,"DIA, SPY, XLP"
2026-10-07 16:23:57 EDT,JPM,https://finance.yahoo.com/quote/JPM/chart,329.48,D,1-2U,REVSTRAT 1-2-2 (watch 2D),bear,330.93,333.79,5,False,2U,Bearish Candle,ALERT if price < 330.93 (RevStrat bear); stop > 333.79,RevStrat after 1-2U: watch for 2D reversal (1-2U-2D),2U,2U,2D,2D,2U,Financials,Unknown,DIA|SPY|XLF,3,"DIA, SPY, XLF"
2026-10-07 16:23:57 EDT,JPM,https://finance.yahoo.com/quote/JPM/chart,329.48,1H,2U-3,3-2 BREAK_UP,bull,329.8,328.4,5,True,3,Bullish Candle,ALERT if price > 329.8 (outside break UP); stop < 328.4,Outside bar break UP (3-2),2U,2U,2D,2D,2U,Financials,Unknown,DIA|SPY|XLF,3,"DIA, SPY, XLF"
2026-10-07 16:23:57 EDT,JPM,https://finance.yahoo.com/quote/JPM/chart,329.48,1H,2U-3,3-2 BREAK_DOWN,bear,328.4,329.8,5,False,3,Bullish Candle,ALERT if price < 328.4 (outside break DOWN); stop > 329.8,Outside bar break DOWN (3-2),2U,2U,2D,2D,2U,Financials,Unknown,DIA|SPY|XLF,3,"DIA, SPY, XLF"
2026-10-07 16:23:57 EDT,V,https://finance.yahoo.com/quote/V/chart,372.04,M,2U-1,1-2 BREAK_UP,bull,382.21,359.33,8,True,1,Bearish Candle,ALERT if price > 382.21 (inside break UP); stop < 359.33,Inside bar break UP (1-2),2U,2U,1,2D,2U,Financials,Unknown,DIA|SPY|XLF,3,"DIA, SPY, XLF"
2026-10-07 16:23:57 EDT,V,https://finance.yahoo.com/quote/V/chart,372.04,M,2U-1,1-2 BREAK_DOWN,bear,359.33,382.21,8,False,1,Bearish Candle,ALERT if price < 359.33 (inside break DOWN); stop > 382.21,Inside bar break DOWN (1-2),2U,2U,1,2D,2U,Financials,Unknown,DIA|SPY|XLF,3,"DIA, SPY, XLF"
2026-10-07 16:23:57 EDT,ORCL,https://finance.yahoo.com/quote/ORCL/chart,143.56,Q,3-2D,REVSTRAT 3-2-2 (watch 2U),bull,170.7,114.5,3,True,2D,Bearish Candle,ALERT if price > 170.7 (RevStrat bull); stop < 114.5,RevStrat after 3-2D: watch for 2U reversal (3-2D-2U),2U,2D,2U,2D,2U,Information Technology,Unknown,XLK,1,XLK
2026-10-07 16:23:57 EDT,ORCL,https://finance.yahoo.com/quote/ORCL/chart,143.56,W,3-2D,REVSTRAT 3-2-2 (watch 2U),bull,144.86,131.58,3,True,2D,Bullish Candle,ALERT if price > 144.86 (RevStrat bull); stop < 131.58,RevStrat after 3-2D: watch for 2U reversal (3-2D-2U),2U,2D,2U,2D,2U,Information Technology,Unknown,XLK,1,XLK
2026-10-07 16:23:57 EDT,ORCL,https://finance.yahoo.com/quote/ORCL/chart,143.56,4H,2D-1,1-2 BREAK_UP,bull,144.65,143.54,3,True,1,Bearish Shooting-Star-like,ALERT if price > 144.65 (inside break UP); stop < 143.54,Inside bar break UP (1-2),2U,2D,2U,2D,2U,Information Technology,Unknown,XLK,1,XLK
2026-10-07 16:23:57 EDT,ORCL,https://finance.yahoo.com/quote/ORCL/chart,143.56,4H,2D-1,1-2 BREAK_DOWN,bear,143.54,144.65,3,False,1,Bearish Shooting-Star-like,ALERT if price < 143.54 (inside break DOWN); stop > 144.65,Inside bar break DOWN (1-2),2U,2D,2U,2D,2U,Information Technology,Unknown,XLK,1,XLK
2026-10-07 16:23:57 EDT,ORCL,https://finance.yahoo.com/quote/ORCL/chart,143.56,3H,2D-1,1-2 BREAK_UP,bull,144.7,143.0,3,True,1,Bullish Candle,ALERT if price > 144.7 (inside break UP); stop < 143.0,Inside bar break UP (1-2),2U,2D,2U,2D,2U,Information Technology,Unknown,XLK,1,XLK
2026-10-07 16:23:57 EDT,ORCL,https://finance.yahoo.com/quote/ORCL/chart,143.56,3H,2D-1,1-2 BREAK_DOWN,bear,143.0,144.7,3,False,1,Bullish Candle,ALERT if price < 143.0 (inside break DOWN); stop > 144.7,Inside bar break DOWN (1-2),2U,2D,2U,2D,2U,Information Technology,Unknown,XLK,1,XLK
2026-10-07 16:23:57 EDT,ORCL,https://finance.yahoo.com/quote/ORCL/chart,143.56,2H,1-1,1-2 BREAK_UP,bull,144.53,143.56,3,True,1,Bearish Candle,ALERT if price > 144.53 (inside break UP); stop < 143.56,Inside bar break UP (1-2),2U,2D,2U,2D,2U,Information Technology,Unknown,XLK,1,XLK
2026-10-07 16:23:57 EDT,ORCL,https://finance.yahoo.com/quote/ORCL/chart,143.56,2H,1-1,1-2 BREAK_DOWN,bear,143.56,144.53,3,False,1,Bearish Candle,ALERT if price < 143.56 (inside break DOWN); stop > 144.53,Inside bar break DOWN (1-2),2U,2D,2U,2D,2U,Information Technology,Unknown,XLK,1,XLK
2026-10-07 16:23:57 EDT,MA,https://finance.yahoo.com/quote/MA/chart,570.0,2H,2U-3,3-2 BREAK_UP,bull,573.71,569.19,5,True,3,Bearish Candle,ALERT if price > 573.71 (outside break UP); stop < 569.19,Outside bar break UP (3-2),2U,2U,2D,2D,2U,Financials,Unknown,SPY|XLF,2,"SPY, XLF"
2026-10-07 16:23:57 EDT,MA,https://finance.yahoo.com/quote/MA/chart,570.0,2H,2U-3,3-2 BREAK_DOWN,bear,569.19,573.71,5,False,3,Bearish Candle,ALERT if price < 569.19 (outside break DOWN); stop > 573.71,Outside bar break DOWN (3-2),2U,2U,2D,2D,2U,Financials,Unknown,SPY|XLF,2,"SPY, XLF"
2026-10-07 16:23:57 EDT,XOM,https://finance.yahoo.com/quote/XOM/chart,164.05,Y,3-1,1-2 BREAK_UP,bull,121.8,97.8,8,True,1,Bullish Candle,ALERT if price > 121.8 (inside break UP); stop < 97.8,Inside bar break UP (1-2),1,2U,2U,1,2U,Energy,Unknown,SPY|XLE,2,"SPY, XLE"
2026-10-07 16:23:57 EDT,XOM,https://finance.yahoo.com/quote/XOM/chart,164.05,Y,3-1,1-2 BREAK_DOWN,bear,97.8,121.8,8,False,1,Bullish Candle,ALERT if price < 97.8 (inside break DOWN); stop > 121.8,Inside bar break DOWN (1-2),1,2U,2U,1,2U,Energy,Unknown,SPY|XLE,2,"SPY, XLE"
2026-10-07 16:23:57 EDT,XOM,https://finance.yahoo.com/quote/XOM/chart,164.05,Q,1-2U,REVSTRAT 1-2-2 (watch 2D),bear,135.63,169.64,8,False,2U,Bullish Candle,ALERT if price < 135.63 (RevStrat bear); stop > 169.64,RevStrat after 1-2U: watch for 2D reversal (1-2U-2D),1,2U,2U,1,2U,Energy,Unknown,SPY|XLE,2,"SPY, XLE"
2026-10-07 16:23:57 EDT,XOM,https://finance.yahoo.com/quote/XOM/chart,164.05,W,2D-1,1-2 BREAK_UP,bull,164.61,159.27,8,True,1,Bullish Candle,ALERT if price > 164.61 (inside break UP); stop < 159.27,Inside bar break UP (1-2),1,2U,2U,1,2U,Energy,Unknown,SPY|XLE,2,"SPY, XLE"
2026-10-07 16:23:57 EDT,XOM,https://finance.yahoo.com/quote/XOM/chart,164.05,W,2D-1,1-2 BREAK_DOWN,bear,159.27,164.61,8,False,1,Bullish Candle,ALERT if price < 159.27 (inside break DOWN); stop > 164.61,Inside bar break DOWN (1-2),1,2U,2U,1,2U,Energy,Unknown,SPY|XLE,2,"SPY, XLE"
2026-10-07 16:23:57 EDT,XOM,https://finance.yahoo.com/quote/XOM/chart,164.05,D,3-2U,REVSTRAT 3-2-2 (watch 2D),bear,162.94,165.95,8,False,2U,Bullish Candle,ALERT if price < 162.94 (RevStrat bear); stop > 165.95,RevStrat after 3-2U: watch for 2D reversal (3-2U-2D),1,2U,2U,1,2U,Energy,Unknown,SPY|XLE,2,"SPY, XLE"
2026-10-07 16:23:57 EDT,XOM,https://finance.yahoo.com/quote/XOM/chart,164.05,4H,3-2D,REVSTRAT 3-2-2 (watch 2U),bull,164.87,163.46,8,True,2D,Bullish Candle,ALERT if price > 164.87 (RevStrat bull); stop < 163.46,RevStrat after 3-2D: watch for 2U reversal (3-2D-2U),1,2U,2U,1,2U,Energy,Unknown,SPY|XLE,2,"SPY, XLE"
2026-10-07 16:23:57 EDT,XOM,https://finance.yahoo.com/quote/XOM/chart,164.05,3H,3-2D,REVSTRAT 3-2-2 (watch 2U),bull,164.11,163.46,8,True,2D,Doji,ALERT if price > 164.11 (RevStrat bull); stop < 163.46,RevStrat after 3-2D: watch for 2U reversal (3-2D-2U),1,2U,2U,1,2U,Energy,Unknown,SPY|XLE,2,"SPY, XLE"
2026-10-07 16:23:57 EDT,XOM,https://finance.yahoo.com/quote/XOM/chart,164.05,1H,3-2U,REVSTRAT 3-2-2 (watch 2D),bear,163.73,164.87,8,False,2U,Bullish Candle,ALERT if price < 163.73 (RevStrat bear); stop > 164.87,RevStrat after 3-2U: watch for 2D reversal (3-2U-2D),1,2U,2U,1,2U,Energy,Unknown,SPY|XLE,2,"SPY, XLE"
2026-10-07 16:23:57 EDT,JNJ,https://finance.yahoo.com/quote/JNJ/chart,258.37,Y,2D-3,3-2 BREAK_UP,bull,215.19,140.68,4,True,3,Bullish Candle,ALERT if price > 215.19 (outside break UP); stop < 140.68,Outside bar break UP (3-2),3,2U,2U,2D,2D,Health Care,Unknown,DIA|SPY|XLV,3,"DIA, SPY, XLV"
2026-10-07 16:23:57 EDT,JNJ,https://finance.yahoo.com/quote/JNJ/chart,258.37,Y,2D-3,3-2 BREAK_DOWN,bear,140.68,215.19,4,False,3,Bullish Candle,ALERT if price < 140.68 (outside break DOWN); stop > 215.19,Outside bar break DOWN (3-2),3,2U,2U,2D,2D,Health Care,Unknown,DIA|SPY|XLV,3,"DIA, SPY, XLV"
2026-10-07 16:23:57 EDT,JNJ,https://finance.yahoo.com/quote/JNJ/chart,258.37,4H,2U-1,1-2 BREAK_UP,bull,260.51,258.18,4,True,1,Bearish Marubozu-like,ALERT if price > 260.51 (inside break UP); stop < 258.18,Inside bar break UP (1-2),3,2U,2U,2D,2D,Health Care,Unknown,DIA|SPY|XLV,3,"DIA, SPY, XLV"
2026-10-07 16:23:57 EDT,JNJ,https://finance.yahoo.com/quote/JNJ/chart,258.37,4H,2U-1,1-2 BREAK_DOWN,bear,258.18,260.51,4,False,1,Bearish Marubozu-like,ALERT if price < 258.18 (inside break DOWN); stop > 260.51,Inside bar break DOWN (1-2),3,2U,2U,2D,2D,Health Care,Unknown,DIA|SPY|XLV,3,"DIA, SPY, XLV"
2026-10-07 16:23:57 EDT,JNJ,https://finance.yahoo.com/quote/JNJ/chart,258.37,2H,1-2D,REVSTRAT 1-2-2 (watch 2U),bull,259.74,258.18,4,True,2D,Bearish Candle,ALERT if price > 259.74 (RevStrat bull); stop < 258.18,RevStrat after 1-2D: watch for 2U reversal (1-2D-2U),3,2U,2U,2D,2D,Health Care,Unknown,DIA|SPY|XLV,3,"DIA, SPY, XLV"
2026-10-07 16:23:57 EDT,ASML,https://finance.yahoo.com/quote/ASML/chart,1804.7,Y,2U-3,3-2 BREAK_UP,bull,1141.72,578.51,-1,False,3,Bullish Candle,ALERT if price > 1141.72 (outside break UP); stop < 578.51,Outside bar break UP (3-2),3,1,2D,2U,3,Unknown,Unknown,SMH,1,SMH
2026-10-07 16:23:57 EDT,ASML,https://finance.yahoo.com/quote/ASML/chart,1804.7,Y,2U-3,3-2 BREAK_DOWN,bear,578.51,1141.72,-1,True,3,Bullish Candle,ALERT if price < 578.51 (outside break DOWN); stop > 1141.72,Outside bar break DOWN (3-2),3,1,2D,2U,3,Unknown,Unknown,SMH,1,SMH
2026-10-07 16:23:57 EDT,ASML,https://finance.yahoo.com/quote/ASML/chart,1804.7,Q,2U-1,1-2 BREAK_UP,bull,1943.0,1530.64,-1,False,1,Bearish Hanging-Man-like,ALERT if price > 1943.0 (inside break UP); stop < 1530.64,Inside bar break UP (1-2),3,1,2D,2U,3,Unknown,Unknown,SMH,1,SMH
2026-10-07 16:23:57 EDT,ASML,https://finance.yahoo.com/quote/ASML/chart,1804.7,Q,2U-1,1-2 BREAK_DOWN,bear,1530.64,1943.0,-1,True,1,Bearish Hanging-Man-like,ALERT if price < 1530.64 (inside break DOWN); stop > 1943.0,Inside bar break DOWN (1-2),3,1,2D,2U,3,Unknown,Unknown,SMH,1,SMH
2026-10-07 16:23:57 EDT,ASML,https://finance.yahoo.com/quote/ASML/chart,1804.7,M,1-2D,REVSTRAT 1-2-2 (watch 2U),bull,1841.77,1572.84,-1,False,2D,Bullish Candle,ALERT if price > 1841.77 (RevStrat bull); stop < 1572.84,RevStrat after 1-2D: watch for 2U reversal (1-2D-2U),3,1,2D,2U,3,Unknown,Unknown,SMH,1,SMH
2026-10-07 16:23:57 EDT,ASML,https://finance.yahoo.com/quote/ASML/chart,1804.7,D,2D-3,3-2 BREAK_UP,bull,1870.0,1819.09,-1,False,3,Bearish Candle,ALERT if price > 1870.0 (outside break UP); stop < 1819.09,Outside bar break UP (3-2),3,1,2D,2U,3,Unknown,Unknown,SMH,1,SMH
2026-10-07 16:23:57 EDT,ASML,https://finance.yahoo.com/quote/ASML/chart,1804.7,D,2D-3,3-2 BREAK_DOWN,bear,1819.09,1870.0,-1,True,3,Bearish Candle,ALERT if price < 1819.09 (outside break DOWN); stop > 1870.0,Outside bar break DOWN (3-2),3,1,2D,2U,3,Unknown,Unknown,SMH,1,SMH
2026-10-07 16:23:57 EDT,ASML,https://finance.yahoo.com/quote/ASML/chart,1804.7,4H,2D-1,1-2 BREAK_UP,bull,1809.74,1794.78,-1,False,1,Bullish Candle,ALERT if price > 1809.74 (inside break UP); stop < 1794.78,Inside bar break UP (1-2),3,1,2D,2U,3,Unknown,Unknown,SMH,1,SMH
2026-10-07 16:23:57 EDT,ASML,https://finance.yahoo.com/quote/ASML/chart,1804.7,4H,2D-1,1-2 BREAK_DOWN,bear,1794.78,1809.74,-1,True,1,Bullish Candle,ALERT if price < 1794.78 (inside break DOWN); stop > 1809.74,Inside bar break DOWN (1-2),3,1,2D,2U,3,Unknown,Unknown,SMH,1,SMH
2026-10-07 16:23:57 EDT,ASML,https://finance.yahoo.com/quote/ASML/chart,1804.7,3H,2D-1,1-2 BREAK_UP,bull,1809.74,1798.69,-1,False,1,Bearish Candle,ALERT if price > 1809.74 (inside break UP); stop < 1798.69,Inside bar break UP (1-2),3,1,2D,2U,3,Unknown,Unknown,SMH,1,SMH
2026-10-07 16:23:57 EDT,ASML,https://finance.yahoo.com/quote/ASML/chart,1804.7,3H,2D-1,1-2 BREAK_DOWN,bear,1798.69,1809.74,-1,True,1,Bearish Candle,ALERT if price < 1798.69 (inside break DOWN); stop > 1809.74,Inside bar break DOWN (1-2),3,1,2D,2U,3,Unknown,Unknown,SMH,1,SMH
2026-10-07 16:23:57 EDT,ASML,https://finance.yahoo.com/quote/ASML/chart,1804.7,1H,3-2D,REVSTRAT 3-2-2 (watch 2U),bull,1802.04,1794.78,-1,False,2D,Bearish Candle,ALERT if price > 1802.04 (RevStrat bull); stop < 1794.78,RevStrat after 3-2D: watch for 2U reversal (3-2D-2U),3,1,2D,2U,3,Unknown,Unknown,SMH,1,SMH
2026-10-07 16:23:57 EDT,PLTR,https://finance.yahoo.com/quote/PLTR/chart,194.07,4H,3-1,1-2 BREAK_UP,bull,194.19,192.56,15,True,1,Bullish Candle,ALERT if price > 194.19 (inside break UP); stop < 192.56,Inside bar break UP (1-2),2U,2U,2U,2U,2U,Information Technology,Unknown,ARKK|QQQ|SPY|XLK,4,"ARKK, QQQ, SPY, XLK"
2026-10-07 16:23:57 EDT,PLTR,https://finance.yahoo.com/quote/PLTR/chart,194.07,4H,3-1,1-2 BREAK_DOWN,bear,192.56,194.19,15,False,1,Bullish Candle,ALERT if price < 192.56 (inside break DOWN); stop > 194.19,Inside bar break DOWN (1-2),2U,2U,2U,2U,2U,Information Technology,Unknown,ARKK|QQQ|SPY|XLK,4,"ARKK, QQQ, SPY, XLK"
2026-10-07 16:23:57 EDT,PLTR,https://finance.yahoo.com/quote/PLTR/chart,194.07,3H,3-1,1-2 BREAK_UP,bull,194.18,191.44,15,True,1,Bullish Candle,ALERT if price > 194.18 (inside break UP); stop < 191.44,Inside bar break UP (1-2),2U,2U,2U,2U,2U,Information Technology,Unknown,ARKK|QQQ|SPY|XLK,4,"ARKK, QQQ, SPY, XLK"
2026-10-07 16:23:57 EDT,PLTR,https://finance.yahoo.com/quote/PLTR/chart,194.07,3H,3-1,1-2 BREAK_DOWN,bear,191.44,194.18,15,False,1,Bullish Candle,ALERT if price < 191.44 (inside break DOWN); stop > 194.18,Inside bar break DOWN (1-2),2U,2U,2U,2U,2U,Information Technology,Unknown,ARKK|QQQ|SPY|XLK,4,"ARKK, QQQ, SPY, XLK"
2026-10-07 16:23:57 EDT,PLTR,https://finance.yahoo.com/quote/PLTR/chart,194.07,2H,2U-3,3-2 BREAK_UP,bull,194.19,192.56,15,True,3,Bullish Candle,ALERT if price > 194.19 (outside break UP); stop < 192.56,Outside bar break UP (3-2),2U,2U,2U,2U,2U,Information Technology,Unknown,ARKK|QQQ|SPY|XLK,4,"ARKK, QQQ, SPY, XLK"
2026-10-07 16:23:57 EDT,PLTR,https://finance.yahoo.com/quote/PLTR/chart,194.07,2H,2U-3,3-2 BREAK_DOWN,bear,192.56,194.19,15,False,3,Bullish Candle,ALERT if price < 192.56 (outside break DOWN); stop > 194.19,Outside bar break DOWN (3-2),2U,2U,2U,2U,2U,Information Technology,Unknown,ARKK|QQQ|SPY|XLK,4,"ARKK, QQQ, SPY, XLK"
2026-10-07 16:23:57 EDT,PLTR,https://finance.yahoo.com/quote/PLTR/chart,194.07,1H,2U-1,1-2 BREAK_UP,bull,193.8,193.0,15,True,1,Bearish Marubozu-like,ALERT if price > 193.8 (inside break UP); stop < 193.0,Inside bar break UP (1-2),2U,2U,2U,2U,2U,Information Technology,Unknown,ARKK|QQQ|SPY|XLK,4,"ARKK, QQQ, SPY, XLK"
2026-10-07 16:23:57 EDT,PLTR,https://finance.yahoo.com/quote/PLTR/chart,194.07,1H,2U-1,1-2 BREAK_DOWN,bear,193.0,193.8,15,False,1,Bearish Marubozu-like,ALERT if price < 193.0 (inside break DOWN); stop > 193.8,Inside bar break DOWN (1-2),2U,2U,2U,2U,2U,Information Technology,Unknown,ARKK|QQQ|SPY|XLK,4,"ARKK, QQQ, SPY, XLK"
2026-10-07 16:23:57 EDT,NFLX,https://finance.yahoo.com/quote/NFLX/chart,69.69,Q,3-2D,REVSTRAT 3-2-2 (watch 2U),bull,83.6,65.08,0,False,2D,Bearish Candle,ALERT if price > 83.6 (RevStrat bull); stop < 65.08,RevStrat after 3-2D: watch for 2U reversal (3-2D-2U),2U,2D,3,2D,2U,Communication Services,Unknown,QQQ|SPY,2,"QQQ, SPY"
2026-10-07 16:23:57 EDT,NFLX,https://finance.yahoo.com/quote/NFLX/chart,69.69,M,2U-3,3-2 BREAK_UP,bull,83.6,68.88,0,False,3,Bearish Candle,ALERT if price > 83.6 (outside break UP); stop < 68.88,Outside bar break UP (3-2),2U,2D,3,2D,2U,Communication Services,Unknown,QQQ|SPY,2,"QQQ, SPY"
2026-10-07 16:23:57 EDT,NFLX,https://finance.yahoo.com/quote/NFLX/chart,69.69,M,2U-3,3-2 BREAK_DOWN,bear,68.88,83.6,0,False,3,Bearish Candle,ALERT if price < 68.88 (outside break DOWN); stop > 83.6,Outside bar break DOWN (3-2),2U,2D,3,2D,2U,Communication Services,Unknown,QQQ|SPY,2,"QQQ, SPY"
2026-10-07 16:23:57 EDT,NFLX,https://finance.yahoo.com/quote/NFLX/chart,69.69,W,1-2D,REVSTRAT 1-2-2 (watch 2U),bull,71.65,66.75,0,False,2D,Bearish Marubozu-like,ALERT if price > 71.65 (RevStrat bull); stop < 66.75,RevStrat after 1-2D: watch for 2U reversal (1-2D-2U),2U,2D,3,2D,2U,Communication Services,Unknown,QQQ|SPY,2,"QQQ, SPY"
2026-10-07 16:23:57 EDT,ABBV,https://finance.yahoo.com/quote/ABBV/chart,271.31,Q,3-2U,REVSTRAT 3-2-2 (watch 2D),bear,241.2,269.39,11,False,2U,Bullish Candle,ALERT if price < 241.2 (RevStrat bear); stop > 269.39,RevStrat after 3-2U: watch for 2D reversal (3-2U-2D),2U,2U,2U,2D,2U,Health Care,Unknown,SPY|XLV,2,"SPY, XLV"
2026-10-07 16:23:57 EDT,ABBV,https://finance.yahoo.com/quote/ABBV/chart,271.31,4H,2U-1,1-2 BREAK_UP,bull,274.89,270.59,11,True,1,Bearish Candle,ALERT if price > 274.89 (inside break UP); stop < 270.59,Inside bar break UP (1-2),2U,2U,2U,2D,2U,Health Care,Unknown,SPY|XLV,2,"SPY, XLV"
2026-10-07 16:23:57 EDT,ABBV,https://finance.yahoo.com/quote/ABBV/chart,271.31,4H,2U-1,1-2 BREAK_DOWN,bear,270.59,274.89,11,False,1,Bearish Candle,ALERT if price < 270.59 (inside break DOWN); stop > 274.89,Inside bar break DOWN (1-2),2U,2U,2U,2D,2U,Health Care,Unknown,SPY|XLV,2,"SPY, XLV"
2026-10-07 16:23:57 EDT,ABBV,https://finance.yahoo.com/quote/ABBV/chart,271.31,2H,1-2D,REVSTRAT 1-2-2 (watch 2U),bull,273.36,270.59,11,True,2D,Bearish Candle,ALERT if price > 273.36 (RevStrat bull); stop < 270.59,RevStrat after 1-2D: watch for 2U reversal (1-2D-2U),2U,2U,2U,2D,2U,Health Care,Unknown,SPY|XLV,2,"SPY, XLV"
2026-10-07 16:23:57 EDT,COST,https://finance.yahoo.com/quote/COST/chart,942.01,M,1-2D,REVSTRAT 1-2-2 (watch 2U),bull,952.1,883.1,1,True,2D,Bearish Candle,ALERT if price > 952.1 (RevStrat bull); stop < 883.1,RevStrat after 1-2D: watch for 2U reversal (1-2D-2U),2U,2D,2D,2U,2U,Consumer Staples,Unknown,QQQ|SPY|XLP,3,"QQQ, SPY, XLP"
2026-10-07 16:23:57 EDT,COST,https://finance.yahoo.com/quote/COST/chart,942.01,W,3-2U,REVSTRAT 3-2-2 (watch 2D),bear,903.78,931.09,1,False,2U,Bearish Candle,ALERT if price < 903.78 (RevStrat bear); stop > 931.09,RevStrat after 3-2U: watch for 2D reversal (3-2U-2D),2U,2D,2D,2U,2U,Consumer Staples,Unknown,QQQ|SPY|XLP,3,"QQQ, SPY, XLP"
2026-10-07 16:23:57 EDT,COST,https://finance.yahoo.com/quote/COST/chart,942.01,4H,2U-1,1-2 BREAK_UP,bull,947.9,940.23,1,True,1,Bearish Candle,ALERT if price > 947.9 (inside break UP); stop < 940.23,Inside bar break UP (1-2),2U,2D,2D,2U,2U,Consumer Staples,Unknown,QQQ|SPY|XLP,3,"QQQ, SPY, XLP"
2026-10-07 16:23:57 EDT,COST,https://finance.yahoo.com/quote/COST/chart,942.01,4H,2U-1,1-2 BREAK_DOWN,bear,940.23,947.9,1,False,1,Bearish Candle,ALERT if price < 940.23 (inside break DOWN); stop > 947.9,Inside bar break DOWN (1-2),2U,2D,2D,2U,2U,Consumer Staples,Unknown,QQQ|SPY|XLP,3,"QQQ, SPY, XLP"
2026-10-07 16:23:57 EDT,COST,https://finance.yahoo.com/quote/COST/chart,942.01,2H,1-2D,REVSTRAT 1-2-2 (watch 2U),bull,946.99,940.23,1,True,2D,Bearish Candle,ALERT if price > 946.99 (RevStrat bull); stop < 940.23,RevStrat after 1-2D: watch for 2U reversal (1-2D-2U),2U,2D,2D,2U,2U,Consumer Staples,Unknown,QQQ|SPY|XLP,3,"QQQ, SPY, XLP"
2026-10-07 16:23:57 EDT,COST,https://finance.yahoo.com/quote/COST/chart,942.01,1H,1-2D,REVSTRAT 1-2-2 (watch 2U),bull,946.99,941.21,1,True,2D,Bearish Marubozu-like,ALERT if price > 946.99 (RevStrat bull); stop < 941.21,RevStrat after 1-2D: watch for 2U reversal (1-2D-2U),2U,2D,2D,2U,2U,Consumer Staples,Unknown,QQQ|SPY|XLP,3,"QQQ, SPY, XLP"
2026-10-07 16:23:57 EDT,MU,https://finance.yahoo.com/quote/MU/chart,1087.83,Y,2U-3,3-2 BREAK_UP,bull,298.83,61.54,0,False,3,Bullish Marubozu-like,ALERT if price > 298.83 (outside break UP); stop < 61.54,Outside bar break UP (3-2),3,1,2U,2D,2D,Information Technology,Unknown,QQQ|SMH|SPY|XLK,4,"QQQ, SMH, SPY, XLK"
2026-10-07 16:23:57 EDT,MU,https://finance.yahoo.com/quote/MU/chart,1087.83,Y,2U-3,3-2 BREAK_DOWN,bear,61.54,298.83,0,False,3,Bullish Marubozu-like,ALERT if price < 61.54 (outside break DOWN); stop > 298.83,Outside bar break DOWN (3-2),3,1,2U,2D,2D,Information Technology,Unknown,QQQ|SMH|SPY|XLK,4,"QQQ, SMH, SPY, XLK"
2026-10-07 16:23:57 EDT,MU,https://finance.yahoo.com/quote/MU/chart,1087.83,Q,2U-1,1-2 BREAK_UP,bull,1108.72,737.88,0,False,1,Dragonfly Doji (bullish-leaning),ALERT if price > 1108.72 (inside break UP); stop < 737.88,Inside bar break UP (1-2),3,1,2U,2D,2D,Information Technology,Unknown,QQQ|SMH|SPY|XLK,4,"QQQ, SMH, SPY, XLK"
2026-10-07 16:23:57 EDT,MU,https://finance.yahoo.com/quote/MU/chart,1087.83,Q,2U-1,1-2 BREAK_DOWN,bear,737.88,1108.72,0,False,1,Dragonfly Doji (bullish-leaning),ALERT if price < 737.88 (inside break DOWN); stop > 1108.72,Inside bar break DOWN (1-2),3,1,2U,2D,2D,Information Technology,Unknown,QQQ|SMH|SPY|XLK,4,"QQQ, SMH, SPY, XLK"
2026-10-07 16:23:57 EDT,MU,https://finance.yahoo.com/quote/MU/chart,1087.83,M,1-2U,REVSTRAT 1-2-2 (watch 2D),bear,902.6,1108.72,0,False,2U,Bullish Candle,ALERT if price < 902.6 (RevStrat bear); stop > 1108.72,RevStrat after 1-2U: watch for 2D reversal (1-2U-2D),3,1,2U,2D,2D,Information Technology,Unknown,QQQ|SMH|SPY|XLK,4,"QQQ, SMH, SPY, XLK"
2026-10-07 16:23:57 EDT,MU,https://finance.yahoo.com/quote/MU/chart,1087.83,4H,3-2U,REVSTRAT 3-2-2 (watch 2D),bear,1076.24,1089.2,0,False,2U,Bullish Candle,ALERT if price < 1076.24 (RevStrat bear); stop > 1089.2,RevStrat after 3-2U: watch for 2D reversal (3-2U-2D),3,1,2U,2D,2D,Information Technology,Unknown,QQQ|SMH|SPY|XLK,4,"QQQ, SMH, SPY, XLK"
2026-10-07 16:23:57 EDT,MU,https://finance.yahoo.com/quote/MU/chart,1087.83,3H,3-2U,REVSTRAT 3-2-2 (watch 2D),bear,1069.0,1089.2,0,False,2U,Bullish Marubozu-like,ALERT if price < 1069.0 (RevStrat bear); stop > 1089.2,RevStrat after 3-2U: watch for 2D reversal (3-2U-2D),3,1,2U,2D,2D,Information Technology,Unknown,QQQ|SMH|SPY|XLK,4,"QQQ, SMH, SPY, XLK"
2026-10-07 16:23:57 EDT,MU,https://finance.yahoo.com/quote/MU/chart,1087.83,2H,2U-1,1-2 BREAK_UP,bull,1088.5,1078.69,0,False,1,Dragonfly Doji (bullish-leaning),ALERT if price > 1088.5 (inside break UP); stop < 1078.69,Inside bar break UP (1-2),3,1,2U,2D,2D,Information Technology,Unknown,QQQ|SMH|SPY|XLK,4,"QQQ, SMH, SPY, XLK"
2026-10-07 16:23:57 EDT,MU,https://finance.yahoo.com/quote/MU/chart,1087.83,2H,2U-1,1-2 BREAK_DOWN,bear,1078.69,1088.5,0,False,1,Dragonfly Doji (bullish-leaning),ALERT if price < 1078.69 (inside break DOWN); stop > 1088.5,Inside bar break DOWN (1-2),3,1,2U,2D,2D,Information Technology,Unknown,QQQ|SMH|SPY|XLK,4,"QQQ, SMH, SPY, XLK"
2026-10-07 16:23:57 EDT,MU,https://finance.yahoo.com/quote/MU/chart,1087.83,1H,1-3,3-2 BREAK_UP,bull,1088.5,1078.69,0,False,3,Bearish Candle,ALERT if price > 1088.5 (outside break UP); stop < 1078.69,Outside bar break UP (3-2),3,1,2U,2D,2D,Information Technology,Unknown,QQQ|SMH|SPY|XLK,4,"QQQ, SMH, SPY, XLK"
2026-10-07 16:23:57 EDT,MU,https://finance.yahoo.com/quote/MU/chart,1087.83,1H,1-3,3-2 BREAK_DOWN,bear,1078.69,1088.5,0,False,3,Bearish Candle,ALERT if price < 1078.69 (outside break DOWN); stop > 1088.5,Outside bar break DOWN (3-2),3,1,2U,2D,2D,Information Technology,Unknown,QQQ|SMH|SPY|XLK,4,"QQQ, SMH, SPY, XLK"
2026-10-07 16:23:57 EDT,AMD,https://finance.yahoo.com/quote/AMD/chart,645.83,Y,2U-3,3-2 BREAK_UP,bull,267.08,76.48,7,True,3,Bullish Candle,ALERT if price > 267.08 (outside break UP); stop < 76.48,Outside bar break UP (3-2),3,2U,3,2U,2U,Information Technology,Unknown,ARKK|QQQ|SMH|SPY|XLK,5,"ARKK, QQQ, SMH, SPY, XLK"
2026-10-07 16:23:57 EDT,AMD,https://finance.yahoo.com/quote/AMD/chart,645.83,Y,2U-3,3-2 BREAK_DOWN,bear,76.48,267.08,7,False,3,Bullish Candle,ALERT if price < 76.48 (outside break DOWN); stop > 267.08,Outside bar break DOWN (3-2),3,2U,3,2U,2U,Information Technology,Unknown,ARKK|QQQ|SMH|SPY|XLK,5,"ARKK, QQQ, SMH, SPY, XLK"
2026-10-07 16:23:57 EDT,AMD,https://finance.yahoo.com/quote/AMD/chart,645.83,M,1-3,3-2 BREAK_UP,bull,639.0,440.5,7,True,3,Bullish Candle,ALERT if price > 639.0 (outside break UP); stop < 440.5,Outside bar break UP (3-2),3,2U,3,2U,2U,Information Technology,Unknown,ARKK|QQQ|SMH|SPY|XLK,5,"ARKK, QQQ, SMH, SPY, XLK"
2026-10-07 16:23:57 EDT,AMD,https://finance.yahoo.com/quote/AMD/chart,645.83,M,1-3,3-2 BREAK_DOWN,bear,440.5,639.0,7,False,3,Bullish Candle,ALERT if price < 440.5 (outside break DOWN); stop > 639.0,Outside bar break DOWN (3-2),3,2U,3,2U,2U,Information Technology,Unknown,ARKK|QQQ|SMH|SPY|XLK,5,"ARKK, QQQ, SMH, SPY, XLK"
2026-10-07 16:23:57 EDT,AMD,https://finance.yahoo.com/quote/AMD/chart,645.83,4H,2D-1,1-2 BREAK_UP,bull,647.98,639.93,7,True,1,Bullish Candle,ALERT if price > 647.98 (inside break UP); stop < 639.93,Inside bar break UP (1-2),3,2U,3,2U,2U,Information Technology,Unknown,ARKK|QQQ|SMH|SPY|XLK,5,"ARKK, QQQ, SMH, SPY, XLK"
2026-10-07 16:23:57 EDT,AMD,https://finance.yahoo.com/quote/AMD/chart,645.83,4H,2D-1,1-2 BREAK_DOWN,bear,639.93,647.98,7,False,1,Bullish Candle,ALERT if price < 639.93 (inside break DOWN); stop > 647.98,Inside bar break DOWN (1-2),3,2U,3,2U,2U,Information Technology,Unknown,ARKK|QQQ|SMH|SPY|XLK,5,"ARKK, QQQ, SMH, SPY, XLK"
2026-10-07 16:23:57 EDT,AMD,https://finance.yahoo.com/quote/AMD/chart,645.83,3H,2D-1,1-2 BREAK_UP,bull,647.62,641.6,7,True,1,Bullish Candle,ALERT if price > 647.62 (inside break UP); stop < 641.6,Inside bar break UP (1-2),3,2U,3,2U,2U,Information Technology,Unknown,ARKK|QQQ|SMH|SPY|XLK,5,"ARKK, QQQ, SMH, SPY, XLK"
2026-10-07 16:23:57 EDT,AMD,https://finance.yahoo.com/quote/AMD/chart,645.83,3H,2D-1,1-2 BREAK_DOWN,bear,641.6,647.62,7,False,1,Bullish Candle,ALERT if price < 641.6 (inside break DOWN); stop > 647.62,Inside bar break DOWN (1-2),3,2U,3,2U,2U,Information Technology,Unknown,ARKK|QQQ|SMH|SPY|XLK,5,"ARKK, QQQ, SMH, SPY, XLK"
2026-10-07 16:23:57 EDT,AMD,https://finance.yahoo.com/quote/AMD/chart,645.83,2H,2U-3,3-2 BREAK_UP,bull,647.98,639.93,7,True,3,Doji,ALERT if price > 647.98 (outside break UP); stop < 639.93,Outside bar break UP (3-2),3,2U,3,2U,2U,Information Technology,Unknown,ARKK|QQQ|SMH|SPY|XLK,5,"ARKK, QQQ, SMH, SPY, XLK"
2026-10-07 16:23:57 EDT,AMD,https://finance.yahoo.com/quote/AMD/chart,645.83,2H,2U-3,3-2 BREAK_DOWN,bear,639.93,647.98,7,False,3,Doji,ALERT if price < 639.93 (outside break DOWN); stop > 647.98,Outside bar break DOWN (3-2),3,2U,3,2U,2U,Information Technology,Unknown,ARKK|QQQ|SMH|SPY|XLK,5,"ARKK, QQQ, SMH, SPY, XLK"
2026-10-07 16:23:57 EDT,AMD,https://finance.yahoo.com/quote/AMD/chart,645.83,1H,1-2D,REVSTRAT 1-2-2 (watch 2U),bull,646.99,639.93,7,True,2D,Bearish Candle,ALERT if price > 646.99 (RevStrat bull); stop < 639.93,RevStrat after 1-2D: watch for 2U reversal (1-2D-2U),3,2U,3,2U,2U,Information Technology,Unknown,ARKK|QQQ|SMH|SPY|XLK,5,"ARKK, QQQ, SMH, SPY, XLK"
2026-10-07 16:23:57 EDT,HD,https://finance.yahoo.com/quote/HD/chart,285.76,Y,2U-1,1-2 BREAK_UP,bull,426.75,326.31,-4,False,1,Bearish Candle,ALERT if price > 426.75 (inside break UP); stop < 326.31,Inside bar break UP (1-2),1,3,2D,2D,2U,Consumer Discretionary,Unknown,DIA|SPY|XLY,3,"DIA, SPY, XLY"
2026-10-07 16:23:57 EDT,HD,https://finance.yahoo.com/quote/HD/chart,285.76,Y,2U-1,1-2 BREAK_DOWN,bear,326.31,426.75,-4,True,1,Bearish Candle,ALERT if price < 326.31 (inside break DOWN); stop > 426.75,Inside bar break DOWN (1-2),1,3,2D,2D,2U,Consumer Discretionary,Unknown,DIA|SPY|XLY,3,"DIA, SPY, XLY"
2026-10-07 16:23:57 EDT,HD,https://finance.yahoo.com/quote/HD/chart,285.76,Q,2D-3,3-2 BREAK_UP,bull,358.85,284.01,-4,False,3,Bearish Marubozu-like,ALERT if price > 358.85 (outside break UP); stop < 284.01,Outside bar break UP (3-2),1,3,2D,2D,2U,Consumer Discretionary,Unknown,DIA|SPY|XLY,3,"DIA, SPY, XLY"
2026-10-07 16:23:57 EDT,HD,https://finance.yahoo.com/quote/HD/chart,285.76,Q,2D-3,3-2 BREAK_DOWN,bear,284.01,358.85,-4,True,3,Bearish Marubozu-like,ALERT if price < 284.01 (outside break DOWN); stop > 358.85,Outside bar break DOWN (3-2),1,3,2D,2D,2U,Consumer Discretionary,Unknown,DIA|SPY|XLY,3,"DIA, SPY, XLY"
2026-10-07 16:23:57 EDT,HD,https://finance.yahoo.com/quote/HD/chart,285.76,M,1-2D,REVSTRAT 1-2-2 (watch 2U),bull,326.83,284.01,-4,False,2D,Bearish Marubozu-like,ALERT if price > 326.83 (RevStrat bull); stop < 284.01,RevStrat after 1-2D: watch for 2U reversal (1-2D-2U),1,3,2D,2D,2U,Consumer Discretionary,Unknown,DIA|SPY|XLY,3,"DIA, SPY, XLY"
2026-10-07 16:23:57 EDT,HD,https://finance.yahoo.com/quote/HD/chart,285.76,4H,2D-1,1-2 BREAK_UP,bull,285.89,283.97,-4,False,1,Bullish Hammer-like,ALERT if price > 285.89 (inside break UP); stop < 283.97,Inside bar break UP (1-2),1,3,2D,2D,2U,Consumer Discretionary,Unknown,DIA|SPY|XLY,3,"DIA, SPY, XLY"
2026-10-07 16:23:57 EDT,HD,https://finance.yahoo.com/quote/HD/chart,285.76,4H,2D-1,1-2 BREAK_DOWN,bear,283.97,285.89,-4,True,1,Bullish Hammer-like,ALERT if price < 283.97 (inside break DOWN); stop > 285.89,Inside bar break DOWN (1-2),1,3,2D,2D,2U,Consumer Discretionary,Unknown,DIA|SPY|XLY,3,"DIA, SPY, XLY"
2026-10-07 16:23:57 EDT,HD,https://finance.yahoo.com/quote/HD/chart,285.76,3H,2D-1,1-2 BREAK_UP,bull,285.54,283.97,-4,False,1,Doji,ALERT if price > 285.54 (inside break UP); stop < 283.97,Inside bar break UP (1-2),1,3,2D,2D,2U,Consumer Discretionary,Unknown,DIA|SPY|XLY,3,"DIA, SPY, XLY"
2026-10-07 16:23:57 EDT,HD,https://finance.yahoo.com/quote/HD/chart,285.76,3H,2D-1,1-2 BREAK_DOWN,bear,283.97,285.54,-4,True,1,Doji,ALERT if price < 283.97 (inside break DOWN); stop > 285.54,Inside bar break DOWN (1-2),1,3,2D,2D,2U,Consumer Discretionary,Unknown,DIA|SPY|XLY,3,"DIA, SPY, XLY"
2026-10-07 16:23:57 EDT,HD,https://finance.yahoo.com/quote/HD/chart,285.76,2H,3-2U,REVSTRAT 3-2-2 (watch 2D),bear,284.34,285.89,-4,True,2U,Bullish Marubozu-like,ALERT if price < 284.34 (RevStrat bear); stop > 285.89,RevStrat after 3-2U: watch for 2D reversal (3-2U-2D),1,3,2D,2D,2U,Consumer Discretionary,Unknown,DIA|SPY|XLY,3,"DIA, SPY, XLY"
2026-10-07 16:23:57 EDT,HD,https://finance.yahoo.com/quote/HD/chart,285.76,1H,1-2U,REVSTRAT 1-2-2 (watch 2D),bear,284.34,285.52,-4,True,2U,Bullish Marubozu-like,ALERT if price < 284.34 (RevStrat bear); stop > 285.52,RevStrat after 1-2U: watch for 2D reversal (1-2U-2D),1,3,2D,2D,2U,Consumer Discretionary,Unknown,DIA|SPY|XLY,3,"DIA, SPY, XLY"
2026-10-07 16:23:57 EDT,GE,https://finance.yahoo.com/quote/GE/chart,303.61,Q,3-2U,REVSTRAT 3-2-2 (watch 2D),bear,306.8,388.84,4,False,2U,Bearish Candle,ALERT if price < 306.8 (RevStrat bear); stop > 388.84,RevStrat after 3-2U: watch for 2D reversal (3-2U-2D),2U,2U,2D,2D,3,Industrials,Unknown,XLI,1,XLI
2026-10-07 16:23:57 EDT,GE,https://finance.yahoo.com/quote/GE/chart,303.61,M,3-2D,REVSTRAT 3-2-2 (watch 2U),bull,342.73,306.8,4,True,2D,Bearish Candle,ALERT if price > 342.73 (RevStrat bull); stop < 306.8,RevStrat after 3-2D: watch for 2U reversal (3-2D-2U),2U,2U,2D,2D,3,Industrials,Unknown,XLI,1,XLI
2026-10-07 16:23:57 EDT,GE,https://finance.yahoo.com/quote/GE/chart,303.61,D,2D-3,3-2 BREAK_UP,bull,310.85,304.0,4,True,3,Bullish Candle,ALERT if price > 310.85 (outside break UP); stop < 304.0,Outside bar break UP (3-2),2U,2U,2D,2D,3,Industrials,Unknown,XLI,1,XLI
2026-10-07 16:23:57 EDT,GE,https://finance.yahoo.com/quote/GE/chart,303.61,D,2D-3,3-2 BREAK_DOWN,bear,304.0,310.85,4,False,3,Bullish Candle,ALERT if price < 304.0 (outside break DOWN); stop > 310.85,Outside bar break DOWN (3-2),2U,2U,2D,2D,3,Industrials,Unknown,XLI,1,XLI
2026-10-07 16:23:57 EDT,GE,https://finance.yahoo.com/quote/GE/chart,303.61,3H,2D-1,1-2 BREAK_UP,bull,306.76,303.9,4,True,1,Bullish Candle,ALERT if price > 306.76 (inside break UP); stop < 303.9,Inside bar break UP (1-2),2U,2U,2D,2D,3,Industrials,Unknown,XLI,1,XLI
2026-10-07 16:23:57 EDT,GE,https://finance.yahoo.com/quote/GE/chart,303.61,3H,2D-1,1-2 BREAK_DOWN,bear,303.9,306.76,4,False,1,Bullish Candle,ALERT if price < 303.9 (inside break DOWN); stop > 306.76,Inside bar break DOWN (1-2),2U,2U,2D,2D,3,Industrials,Unknown,XLI,1,XLI
2026-10-07 16:23:57 EDT,BABA,https://finance.yahoo.com/quote/BABA/chart,106.99,Q,2D-1,1-2 BREAK_UP,bull,132.57,95.19,0,False,1,Bullish Inverted Hammer-like,ALERT if price > 132.57 (inside break UP); stop < 95.19,Inside bar break UP (1-2),2U,1,2D,2D,1,Unknown,Unknown,,0,
2026-10-07 16:23:57 EDT,BABA,https://finance.yahoo.com/quote/BABA/chart,106.99,Q,2D-1,1-2 BREAK_DOWN,bear,95.19,132.57,0,False,1,Bullish Inverted Hammer-like,ALERT if price < 95.19 (inside break DOWN); stop > 132.57,Inside bar break DOWN (1-2),2U,1,2D,2D,1,Unknown,Unknown,,0,
2026-10-07 16:23:57 EDT,BABA,https://finance.yahoo.com/quote/BABA/chart,106.99,D,2U-1,1-2 BREAK_UP,bull,110.16,108.05,0,False,1,Bearish Candle,ALERT if price > 110.16 (inside break UP); stop < 108.05,Inside bar break UP (1-2),2U,1,2D,2D,1,Unknown,Unknown,,0,
2026-10-07 16:23:57 EDT,BABA,https://finance.yahoo.com/quote/BABA/chart,106.99,D,2U-1,1-2 BREAK_DOWN,bear,108.05,110.16,0,False,1,Bearish Candle,ALERT if price < 108.05 (inside break DOWN); stop > 110.16,Inside bar break DOWN (1-2),2U,1,2D,2D,1,Unknown,Unknown,,0,
2026-10-07 16:23:57 EDT,BABA,https://finance.yahoo.com/quote/BABA/chart,106.99,4H,2D-1,1-2 BREAK_UP,bull,107.21,106.45,0,False,1,Bullish Candle,ALERT if price > 107.21 (inside break UP); stop < 106.45,Inside bar break UP (1-2),2U,1,2D,2D,1,Unknown,Unknown,,0,
2026-10-07 16:23:57 EDT,BABA,https://finance.yahoo.com/quote/BABA/chart,106.99,4H,2D-1,1-2 BREAK_DOWN,bear,106.45,107.21,0,False,1,Bullish Candle,ALERT if price < 106.45 (inside break DOWN); stop > 107.21,Inside bar break DOWN (1-2),2U,1,2D,2D,1,Unknown,Unknown,,0,
2026-10-07 16:23:57 EDT,BABA,https://finance.yahoo.com/quote/BABA/chart,106.99,3H,2D-1,1-2 BREAK_UP,bull,107.0,106.45,0,False,1,Bearish Candle,ALERT if price > 107.0 (inside break UP); stop < 106.45,Inside bar break UP (1-2),2U,1,2D,2D,1,Unknown,Unknown,,0,
2026-10-07 16:23:57 EDT,BABA,https://finance.yahoo.com/quote/BABA/chart,106.99,3H,2D-1,1-2 BREAK_DOWN,bear,106.45,107.0,0,False,1,Bearish Candle,ALERT if price < 106.45 (inside break DOWN); stop > 107.0,Inside bar break DOWN (1-2),2U,1,2D,2D,1,Unknown,Unknown,,0,
2026-10-07 16:23:57 EDT,BABA,https://finance.yahoo.com/quote/BABA/chart,106.99,2H,1-2U,REVSTRAT 1-2-2 (watch 2D),bear,106.55,107.21,0,False,2U,Bullish Candle,ALERT if price < 106.55 (RevStrat bear); stop > 107.21,RevStrat after 1-2U: watch for 2D reversal (1-2U-2D),2U,1,2D,2D,1,Unknown,Unknown,,0,
2026-10-07 16:23:57 EDT,PG,https://finance.yahoo.com/quote/PG/chart,147.79,Q,1-2U,REVSTRAT 1-2-2 (watch 2D),bear,140.2,154.32,0,False,2U,Doji,ALERT if price < 140.2 (RevStrat bear); stop > 154.32,RevStrat after 1-2U: watch for 2D reversal (1-2U-2D),2D,2U,3,3,2U,Consumer Staples,Unknown,DIA|XLP,2,"DIA, XLP"
2026-10-07 16:23:57 EDT,PG,https://finance.yahoo.com/quote/PG/chart,147.79,M,1-3,3-2 BREAK_UP,bull,149.48,141.86,0,False,3,Doji,ALERT if price > 149.48 (outside break UP); stop < 141.86,Outside bar break UP (3-2),2D,2U,3,3,2U,Consumer Staples,Unknown,DIA|XLP,2,"DIA, XLP"
2026-10-07 16:23:57 EDT,PG,https://finance.yahoo.com/quote/PG/chart,147.79,M,1-3,3-2 BREAK_DOWN,bear,141.86,149.48,0,False,3,Doji,ALERT if price < 141.86 (outside break DOWN); stop > 149.48,Outside bar break DOWN (3-2),2D,2U,3,3,2U,Consumer Staples,Unknown,DIA|XLP,2,"DIA, XLP"
2026-10-07 16:23:57 EDT,PG,https://finance.yahoo.com/quote/PG/chart,147.79,W,2U-3,3-2 BREAK_UP,bull,149.48,143.4,0,False,3,Bearish Candle,ALERT if price > 149.48 (outside break UP); stop < 143.4,Outside bar break UP (3-2),2D,2U,3,3,2U,Consumer Staples,Unknown,DIA|XLP,2,"DIA, XLP"
2026-10-07 16:23:57 EDT,PG,https://finance.yahoo.com/quote/PG/chart,147.79,W,2U-3,3-2 BREAK_DOWN,bear,143.4,149.48,0,False,3,Bearish Candle,ALERT if price < 143.4 (outside break DOWN); stop > 149.48,Outside bar break DOWN (3-2),2D,2U,3,3,2U,Consumer Staples,Unknown,DIA|XLP,2,"DIA, XLP"
2026-10-07 16:23:57 EDT,PG,https://finance.yahoo.com/quote/PG/chart,147.79,4H,3-2D,REVSTRAT 3-2-2 (watch 2U),bull,148.98,147.76,0,False,2D,Bearish Marubozu-like,ALERT if price > 148.98 (RevStrat bull); stop < 147.76,RevStrat after 3-2D: watch for 2U reversal (3-2D-2U),2D,2U,3,3,2U,Consumer Staples,Unknown,DIA|XLP,2,"DIA, XLP"
2026-10-07 16:23:57 EDT,PG,https://finance.yahoo.com/quote/PG/chart,147.79,3H,3-1,1-2 BREAK_UP,bull,149.36,148.22,0,False,1,Bearish Candle,ALERT if price > 149.36 (inside break UP); stop < 148.22,Inside bar break UP (1-2),2D,2U,3,3,2U,Consumer Staples,Unknown,DIA|XLP,2,"DIA, XLP"
2026-10-07 16:23:57 EDT,PG,https://finance.yahoo.com/quote/PG/chart,147.79,3H,3-1,1-2 BREAK_DOWN,bear,148.22,149.36,0,False,1,Bearish Candle,ALERT if price < 148.22 (inside break DOWN); stop > 149.36,Inside bar break DOWN (1-2),2D,2U,3,3,2U,Consumer Staples,Unknown,DIA|XLP,2,"DIA, XLP"
2026-10-07 16:23:57 EDT,UNH,https://finance.yahoo.com/quote/UNH/chart,375.89,Y,3-2D,REVSTRAT 3-2-2 (watch 2U),bull,606.36,234.6,-5,False,2D,Bearish Candle,ALERT if price > 606.36 (RevStrat bull); stop < 234.6,RevStrat after 3-2D: watch for 2U reversal (3-2D-2U),2D,2U,2D,2D,2U,Health Care,Unknown,DIA|XLV,2,"DIA, XLV"
2026-10-07 16:23:57 EDT,UNH,https://finance.yahoo.com/quote/UNH/chart,375.89,2H,1-2D,REVSTRAT 1-2-2 (watch 2U),bull,383.15,372.01,-5,False,2D,Bearish Candle,ALERT if price > 383.15 (RevStrat bull); stop < 372.01,RevStrat after 1-2D: watch for 2U reversal (1-2D-2U),2D,2U,2D,2D,2U,Health Care,Unknown,DIA|XLV,2,"DIA, XLV"
2026-10-07 16:23:57 EDT,UNH,https://finance.yahoo.com/quote/UNH/chart,375.89,1H,1-3,3-2 BREAK_UP,bull,383.15,375.68,-5,False,3,Bearish Candle,ALERT if price > 383.15 (outside break UP); stop < 375.68,Outside bar break UP (3-2),2D,2U,2D,2D,2U,Health Care,Unknown,DIA|XLV,2,"DIA, XLV"
2026-10-07 16:23:57 EDT,UNH,https://finance.yahoo.com/quote/UNH/chart,375.89,1H,1-3,3-2 BREAK_DOWN,bear,375.68,383.15,-5,True,3,Bearish Candle,ALERT if price < 375.68 (outside break DOWN); stop > 383.15,Outside bar break DOWN (3-2),2D,2U,2D,2D,2U,Health Care,Unknown,DIA|XLV,2,"DIA, XLV"
2026-10-07 16:23:57 EDT,CVX,https://finance.yahoo.com/quote/CVX/chart,205.17,Y,2D-3,3-2 BREAK_UP,bull,168.96,132.04,4,True,3,Bullish Candle,ALERT if price > 168.96 (outside break UP); stop < 132.04,Outside bar break UP (3-2),3,3,2U,1,2U,Energy,Unknown,DIA|XLE,2,"DIA, XLE"
2026-10-07 16:23:57 EDT,CVX,https://finance.yahoo.com/quote/CVX/chart,205.17,Y,2D-3,3-2 BREAK_DOWN,bear,132.04,168.96,4,False,3,Bullish Candle,ALERT if price < 132.04 (outside break DOWN); stop > 168.96,Outside bar break DOWN (3-2),3,3,2U,1,2U,Energy,Unknown,DIA|XLE,2,"DIA, XLE"
2026-10-07 16:23:57 EDT,CVX,https://finance.yahoo.com/quote/CVX/chart,205.17,Q,1-3,3-2 BREAK_UP,bull,217.78,164.78,4,True,3,Bullish Candle,ALERT if price > 217.78 (outside break UP); stop < 164.78,Outside bar break UP (3-2),3,3,2U,1,2U,Energy,Unknown,DIA|XLE,2,"DIA, XLE"
2026-10-07 16:23:57 EDT,CVX,https://finance.yahoo.com/quote/CVX/chart,205.17,Q,1-3,3-2 BREAK_DOWN,bear,164.78,217.78,4,False,3,Bullish Candle,ALERT if price < 164.78 (outside break DOWN); stop > 217.78,Outside bar break DOWN (3-2),3,3,2U,1,2U,Energy,Unknown,DIA|XLE,2,"DIA, XLE"
2026-10-07 16:23:57 EDT,CVX,https://finance.yahoo.com/quote/CVX/chart,205.17,W,2D-1,1-2 BREAK_UP,bull,208.25,202.7,4,True,1,Doji,ALERT if price > 208.25 (inside break UP); stop < 202.7,Inside bar break UP (1-2),3,3,2U,1,2U,Energy,Unknown,DIA|XLE,2,"DIA, XLE"
2026-10-07 16:23:57 EDT,CVX,https://finance.yahoo.com/quote/CVX/chart,205.17,W,2D-1,1-2 BREAK_DOWN,bear,202.7,208.25,4,False,1,Doji,ALERT if price < 202.7 (inside break DOWN); stop > 208.25,Inside bar break DOWN (1-2),3,3,2U,1,2U,Energy,Unknown,DIA|XLE,2,"DIA, XLE"
2026-10-07 16:23:57 EDT,CVX,https://finance.yahoo.com/quote/CVX/chart,205.17,4H,3-1,1-2 BREAK_UP,bull,206.42,204.86,4,True,1,Bearish Candle,ALERT if price > 206.42 (inside break UP); stop < 204.86,Inside bar break UP (1-2),3,3,2U,1,2U,Energy,Unknown,DIA|XLE,2,"DIA, XLE"
2026-10-07 16:23:57 EDT,CVX,https://finance.yahoo.com/quote/CVX/chart,205.17,4H,3-1,1-2 BREAK_DOWN,bear,204.86,206.42,4,False,1,Bearish Candle,ALERT if price < 204.86 (inside break DOWN); stop > 206.42,Inside bar break DOWN (1-2),3,3,2U,1,2U,Energy,Unknown,DIA|XLE,2,"DIA, XLE"
2026-10-07 16:23:57 EDT,CVX,https://finance.yahoo.com/quote/CVX/chart,205.17,3H,3-2D,REVSTRAT 3-2-2 (watch 2U),bull,205.64,204.86,4,True,2D,Doji,ALERT if price > 205.64 (RevStrat bull); stop < 204.86,RevStrat after 3-2D: watch for 2U reversal (3-2D-2U),3,3,2U,1,2U,Energy,Unknown,DIA|XLE,2,"DIA, XLE"
2026-10-07 16:23:57 EDT,CVX,https://finance.yahoo.com/quote/CVX/chart,205.17,2H,1-2U,REVSTRAT 1-2-2 (watch 2D),bear,205.1,206.42,4,False,2U,Gravestone Doji (bearish-leaning),ALERT if price < 205.1 (RevStrat bear); stop > 206.42,RevStrat after 1-2U: watch for 2D reversal (1-2U-2D),3,3,2U,1,2U,Energy,Unknown,DIA|XLE,2,"DIA, XLE"
2026-10-07 16:23:57 EDT,CVX,https://finance.yahoo.com/quote/CVX/chart,205.17,1H,3-2U,REVSTRAT 3-2-2 (watch 2D),bear,205.1,206.42,4,False,2U,Bullish Candle,ALERT if price < 205.1 (RevStrat bear); stop > 206.42,RevStrat after 3-2U: watch for 2D reversal (3-2U-2D),3,3,2U,1,2U,Energy,Unknown,DIA|XLE,2,"DIA, XLE"
2026-10-07 16:23:57 EDT,WFC,https://finance.yahoo.com/quote/WFC/chart,80.25,M,2U-3,3-2 BREAK_UP,bull,91.99,79.82,7,True,3,Bearish Candle,ALERT if price > 91.99 (outside break UP); stop < 79.82,Outside bar break UP (3-2),2U,2U,3,2D,1,Financials,Unknown,XLF,1,XLF
2026-10-07 16:23:57 EDT,WFC,https://finance.yahoo.com/quote/WFC/chart,80.25,M,2U-3,3-2 BREAK_DOWN,bear,79.82,91.99,7,False,3,Bearish Candle,ALERT if price < 79.82 (outside break DOWN); stop > 91.99,Outside bar break DOWN (3-2),2U,2U,3,2D,1,Financials,Unknown,XLF,1,XLF
2026-10-07 16:23:57 EDT,WFC,https://finance.yahoo.com/quote/WFC/chart,80.25,D,2U-1,1-2 BREAK_UP,bull,81.98,81.08,7,True,1,Bearish Candle,ALERT if price > 81.98 (inside break UP); stop < 81.08,Inside bar break UP (1-2),2U,2U,3,2D,1,Financials,Unknown,XLF,1,XLF
2026-10-07 16:23:57 EDT,WFC,https://finance.yahoo.com/quote/WFC/chart,80.25,D,2U-1,1-2 BREAK_DOWN,bear,81.08,81.98,7,False,1,Bearish Candle,ALERT if price < 81.08 (inside break DOWN); stop > 81.98,Inside bar break DOWN (1-2),2U,2U,3,2D,1,Financials,Unknown,XLF,1,XLF
2026-10-07 16:23:57 EDT,WFC,https://finance.yahoo.com/quote/WFC/chart,80.25,4H,2D-1,1-2 BREAK_UP,bull,80.42,79.88,7,True,1,Bullish Candle,ALERT if price > 80.42 (inside break UP); stop < 79.88,Inside bar break UP (1-2),2U,2U,3,2D,1,Financials,Unknown,XLF,1,XLF
2026-10-07 16:23:57 EDT,WFC,https://finance.yahoo.com/quote/WFC/chart,80.25,4H,2D-1,1-2 BREAK_DOWN,bear,79.88,80.42,7,False,1,Bullish Candle,ALERT if price < 79.88 (inside break DOWN); stop > 80.42,Inside bar break DOWN (1-2),2U,2U,3,2D,1,Financials,Unknown,XLF,1,XLF
2026-10-07 16:23:57 EDT,WFC,https://finance.yahoo.com/quote/WFC/chart,80.25,2H,1-2D,REVSTRAT 1-2-2 (watch 2U),bull,80.39,79.88,7,True,2D,Bullish Candle,ALERT if price > 80.39 (RevStrat bull); stop < 79.88,RevStrat after 1-2D: watch for 2U reversal (1-2D-2U),2U,2U,3,2D,1,Financials,Unknown,XLF,1,XLF
2026-10-07 16:23:57 EDT,WFC,https://finance.yahoo.com/quote/WFC/chart,80.25,1H,1-2D,REVSTRAT 1-2-2 (watch 2U),bull,80.23,79.88,7,True,2D,Bullish Candle,ALERT if price > 80.23 (RevStrat bull); stop < 79.88,RevStrat after 1-2D: watch for 2U reversal (1-2D-2U),2U,2U,3,2D,1,Financials,Unknown,XLF,1,XLF
2026-10-07 16:23:57 EDT,GS,https://finance.yahoo.com/quote/GS/chart,887.19,M,1-2D,REVSTRAT 1-2-2 (watch 2U),bull,1043.84,900.36,5,True,2D,Bearish Candle,ALERT if price > 1043.84 (RevStrat bull); stop < 900.36,RevStrat after 1-2D: watch for 2U reversal (1-2D-2U),2U,2U,2D,2D,2U,Financials,Unknown,DIA|XLF,2,"DIA, XLF"
2026-10-07 16:23:57 EDT,MS,https://finance.yahoo.com/quote/MS/chart,189.64,M,1-2D,REVSTRAT 1-2-2 (watch 2U),bull,218.51,188.07,5,True,2D,Bearish Candle,ALERT if price > 218.51 (RevStrat bull); stop < 188.07,RevStrat after 1-2D: watch for 2U reversal (1-2D-2U),2U,2U,2D,2D,2U,Financials,Unknown,XLF,1,XLF
2026-10-07 16:23:57 EDT,CSCO,https://finance.yahoo.com/quote/CSCO/chart,117.38,Y,3-2U,REVSTRAT 3-2-2 (watch 2D),bear,52.11,80.82,5,False,2U,Bullish Candle,ALERT if price < 52.11 (RevStrat bear); stop > 80.82,RevStrat after 3-2U: watch for 2D reversal (3-2U-2D),2U,1,2D,2U,2U,Information Technology,Unknown,QQQ|XLK,2,"QQQ, XLK"
2026-10-07 16:23:57 EDT,CSCO,https://finance.yahoo.com/quote/CSCO/chart,117.38,Q,2U-1,1-2 BREAK_UP,bull,124.71,104.51,5,True,1,Bearish Candle,ALERT if price > 124.71 (inside break UP); stop < 104.51,Inside bar break UP (1-2),2U,1,2D,2U,2U,Information Technology,Unknown,QQQ|XLK,2,"QQQ, XLK"
2026-10-07 16:23:57 EDT,CSCO,https://finance.yahoo.com/quote/CSCO/chart,117.38,Q,2U-1,1-2 BREAK_DOWN,bear,104.51,124.71,5,False,1,Bearish Candle,ALERT if price < 104.51 (inside break DOWN); stop > 124.71,Inside bar break DOWN (1-2),2U,1,2D,2U,2U,Information Technology,Unknown,QQQ|XLK,2,"QQQ, XLK"
2026-10-07 16:23:57 EDT,CSCO,https://finance.yahoo.com/quote/CSCO/chart,117.38,4H,1-2U,REVSTRAT 1-2-2 (watch 2D),bear,117.37,118.39,5,False,2U,Bearish Candle,ALERT if price < 117.37 (RevStrat bear); stop > 118.39,RevStrat after 1-2U: watch for 2D reversal (1-2U-2D),2U,1,2D,2U,2U,Information Technology,Unknown,QQQ|XLK,2,"QQQ, XLK"
2026-10-07 16:23:57 EDT,AZN,https://finance.yahoo.com/quote/AZN/chart,160.13,Y,3-2U,REVSTRAT 3-2-2 (watch 2D),bear,122.48,188.04,0,False,2U,Bullish Candle,ALERT if price < 122.48 (RevStrat bear); stop > 188.04,RevStrat after 3-2U: watch for 2D reversal (3-2U-2D),2U,2D,1,2D,2U,Unknown,Unknown,,0,
2026-10-07 16:23:57 EDT,AZN,https://finance.yahoo.com/quote/AZN/chart,160.13,M,2D-1,1-2 BREAK_UP,bull,169.35,156.74,0,False,1,Bearish Candle,ALERT if price > 169.35 (inside break UP); stop < 156.74,Inside bar break UP (1-2),2U,2D,1,2D,2U,Unknown,Unknown,,0,
2026-10-07 16:23:57 EDT,AZN,https://finance.yahoo.com/quote/AZN/chart,160.13,M,2D-1,1-2 BREAK_DOWN,bear,156.74,169.35,0,False,1,Bearish Candle,ALERT if price < 156.74 (inside break DOWN); stop > 169.35,Inside bar break DOWN (1-2),2U,2D,1,2D,2U,Unknown,Unknown,,0,
2026-10-07 16:23:57 EDT,AZN,https://finance.yahoo.com/quote/AZN/chart,160.13,4H,2U-1,1-2 BREAK_UP,bull,161.24,159.97,0,False,1,Bearish Candle,ALERT if price > 161.24 (inside break UP); stop < 159.97,Inside bar break UP (1-2),2U,2D,1,2D,2U,Unknown,Unknown,,0,
2026-10-07 16:23:57 EDT,AZN,https://finance.yahoo.com/quote/AZN/chart,160.13,4H,2U-1,1-2 BREAK_DOWN,bear,159.97,161.24,0,False,1,Bearish Candle,ALERT if price < 159.97 (inside break DOWN); stop > 161.24,Inside bar break DOWN (1-2),2U,2D,1,2D,2U,Unknown,Unknown,,0,
2026-10-07 16:23:57 EDT,AZN,https://finance.yahoo.com/quote/AZN/chart,160.13,2H,1-2D,REVSTRAT 1-2-2 (watch 2U),bull,160.81,159.97,0,False,2D,Bearish Candle,ALERT if price > 160.81 (RevStrat bull); stop < 159.97,RevStrat after 1-2D: watch for 2U reversal (1-2D-2U),2U,2D,1,2D,2U,Unknown,Unknown,,0,
2026-10-07 16:23:57 EDT,KO,https://finance.yahoo.com/quote/KO/chart,85.8,M,2U-1,1-2 BREAK_UP,bull,90.36,86.07,8,True,1,Bearish Candle,ALERT if price > 90.36 (inside break UP); stop < 86.07,Inside bar break UP (1-2),2U,2U,1,2D,2U,Consumer Staples,Unknown,XLP,1,XLP
2026-10-07 16:23:57 EDT,KO,https://finance.yahoo.com/quote/KO/chart,85.8,M,2U-1,1-2 BREAK_DOWN,bear,86.07,90.36,8,False,1,Bearish Candle,ALERT if price < 86.07 (inside break DOWN); stop > 90.36,Inside bar break DOWN (1-2),2U,2U,1,2D,2U,Consumer Staples,Unknown,XLP,1,XLP
2026-10-07 16:23:57 EDT,KO,https://finance.yahoo.com/quote/KO/chart,85.8,D,3-2U,REVSTRAT 3-2-2 (watch 2D),bear,86.16,87.29,8,False,2U,Bearish Candle,ALERT if price < 86.16 (RevStrat bear); stop > 87.29,RevStrat after 3-2U: watch for 2D reversal (3-2U-2D),2U,2U,1,2D,2U,Consumer Staples,Unknown,XLP,1,XLP
2026-10-07 16:23:57 EDT,KO,https://finance.yahoo.com/quote/KO/chart,85.8,4H,1-2D,REVSTRAT 1-2-2 (watch 2U),bull,86.52,85.67,8,True,2D,Bearish Candle,ALERT if price > 86.52 (RevStrat bull); stop < 85.67,RevStrat after 1-2D: watch for 2U reversal (1-2D-2U),2U,2U,1,2D,2U,Consumer Staples,Unknown,XLP,1,XLP
2026-10-07 16:23:57 EDT,CAT,https://finance.yahoo.com/quote/CAT/chart,813.63,Y,2U-3,3-2 BREAK_UP,bull,627.5,267.3,0,False,3,Bullish Candle,ALERT if price > 627.5 (outside break UP); stop < 267.3,Outside bar break UP (3-2),3,1,2D,2U,2U,Industrials,Unknown,DIA|XLI,2,"DIA, XLI"
2026-10-07 16:23:57 EDT,CAT,https://finance.yahoo.com/quote/CAT/chart,813.63,Y,2U-3,3-2 BREAK_DOWN,bear,267.3,627.5,0,False,3,Bullish Candle,ALERT if price < 267.3 (outside break DOWN); stop > 627.5,Outside bar break DOWN (3-2),3,1,2D,2U,2U,Industrials,Unknown,DIA|XLI,2,"DIA, XLI"
2026-10-07 16:23:57 EDT,CAT,https://finance.yahoo.com/quote/CAT/chart,813.63,Q,2U-1,1-2 BREAK_UP,bull,1041.26,771.39,0,False,1,Bearish Candle,ALERT if price > 1041.26 (inside break UP); stop < 771.39,Inside bar break UP (1-2),3,1,2D,2U,2U,Industrials,Unknown,DIA|XLI,2,"DIA, XLI"
2026-10-07 16:23:57 EDT,CAT,https://finance.yahoo.com/quote/CAT/chart,813.63,Q,2U-1,1-2 BREAK_DOWN,bear,771.39,1041.26,0,False,1,Bearish Candle,ALERT if price < 771.39 (inside break DOWN); stop > 1041.26,Inside bar break DOWN (1-2),3,1,2D,2U,2U,Industrials,Unknown,DIA|XLI,2,"DIA, XLI"
2026-10-07 16:23:57 EDT,CAT,https://finance.yahoo.com/quote/CAT/chart,813.63,M,1-2D,REVSTRAT 1-2-2 (watch 2U),bull,831.95,771.39,0,False,2D,Bullish Candle,ALERT if price > 831.95 (RevStrat bull); stop < 771.39,RevStrat after 1-2D: watch for 2U reversal (1-2D-2U),3,1,2D,2U,2U,Industrials,Unknown,DIA|XLI,2,"DIA, XLI"
2026-10-07 16:23:57 EDT,CAT,https://finance.yahoo.com/quote/CAT/chart,813.63,4H,2D-1,1-2 BREAK_UP,bull,817.25,808.8,0,False,1,Doji,ALERT if price > 817.25 (inside break UP); stop < 808.8,Inside bar break UP (1-2),3,1,2D,2U,2U,Industrials,Unknown,DIA|XLI,2,"DIA, XLI"
2026-10-07 16:23:57 EDT,CAT,https://finance.yahoo.com/quote/CAT/chart,813.63,4H,2D-1,1-2 BREAK_DOWN,bear,808.8,817.25,0,False,1,Doji,ALERT if price < 808.8 (inside break DOWN); stop > 817.25,Inside bar break DOWN (1-2),3,1,2D,2U,2U,Industrials,Unknown,DIA|XLI,2,"DIA, XLI"
2026-10-07 16:23:57 EDT,CAT,https://finance.yahoo.com/quote/CAT/chart,813.63,3H,2D-1,1-2 BREAK_UP,bull,817.25,807.23,0,False,1,Bullish Candle,ALERT if price > 817.25 (inside break UP); stop < 807.23,Inside bar break UP (1-2),3,1,2D,2U,2U,Industrials,Unknown,DIA|XLI,2,"DIA, XLI"
2026-10-07 16:23:57 EDT,CAT,https://finance.yahoo.com/quote/CAT/chart,813.63,3H,2D-1,1-2 BREAK_DOWN,bear,807.23,817.25,0,False,1,Bullish Candle,ALERT if price < 807.23 (inside break DOWN); stop > 817.25,Inside bar break DOWN (1-2),3,1,2D,2U,2U,Industrials,Unknown,DIA|XLI,2,"DIA, XLI"
2026-10-07 16:23:57 EDT,CAT,https://finance.yahoo.com/quote/CAT/chart,813.63,2H,1-2D,REVSTRAT 1-2-2 (watch 2U),bull,816.78,808.8,0,False,2D,Bullish Candle,ALERT if price > 816.78 (RevStrat bull); stop < 808.8,RevStrat after 1-2D: watch for 2U reversal (1-2D-2U),3,1,2D,2U,2U,Industrials,Unknown,DIA|XLI,2,"DIA, XLI"
2026-10-07 16:23:57 EDT,TM,https://finance.yahoo.com/quote/TM/chart,183.07,Q,2D-1,1-2 BREAK_UP,bull,200.86,168.67,-6,False,1,Bullish Candle,ALERT if price > 200.86 (inside break UP); stop < 168.67,Inside bar break UP (1-2),2D,1,3,2D,2U,Unknown,Unknown,,0,
2026-10-07 16:23:57 EDT,TM,https://finance.yahoo.com/quote/TM/chart,183.07,Q,2D-1,1-2 BREAK_DOWN,bear,168.67,200.86,-6,True,1,Bullish Candle,ALERT if price < 168.67 (inside break DOWN); stop > 200.86,Inside bar break DOWN (1-2),2D,1,3,2D,2U,Unknown,Unknown,,0,
2026-10-07 16:23:57 EDT,TM,https://finance.yahoo.com/quote/TM/chart,183.07,M,2U-3,3-2 BREAK_UP,bull,200.86,182.91,-6,False,3,Bearish Candle,ALERT if price > 200.86 (outside break UP); stop < 182.91,Outside bar break UP (3-2),2D,1,3,2D,2U,Unknown,Unknown,,0,
2026-10-07 16:23:57 EDT,TM,https://finance.yahoo.com/quote/TM/chart,183.07,M,2U-3,3-2 BREAK_DOWN,bear,182.91,200.86,-6,True,3,Bearish Candle,ALERT if price < 182.91 (outside break DOWN); stop > 200.86,Outside bar break DOWN (3-2),2D,1,3,2D,2U,Unknown,Unknown,,0,
2026-10-07 16:23:57 EDT,TM,https://finance.yahoo.com/quote/TM/chart,183.07,4H,2D-1,1-2 BREAK_UP,bull,183.27,182.65,-6,False,1,Bullish Candle,ALERT if price > 183.27 (inside break UP); stop < 182.65,Inside bar break UP (1-2),2D,1,3,2D,2U,Unknown,Unknown,,0,
2026-10-07 16:23:57 EDT,TM,https://finance.yahoo.com/quote/TM/chart,183.07,4H,2D-1,1-2 BREAK_DOWN,bear,182.65,183.27,-6,True,1,Bullish Candle,ALERT if price < 182.65 (inside break DOWN); stop > 183.27,Inside bar break DOWN (1-2),2D,1,3,2D,2U,Unknown,Unknown,,0,
2026-10-07 16:23:57 EDT,TM,https://finance.yahoo.com/quote/TM/chart,183.07,3H,2D-1,1-2 BREAK_UP,bull,183.13,182.59,-6,False,1,Bullish Candle,ALERT if price > 183.13 (inside break UP); stop < 182.59,Inside bar break UP (1-2),2D,1,3,2D,2U,Unknown,Unknown,,0,
2026-10-07 16:23:57 EDT,TM,https://finance.yahoo.com/quote/TM/chart,183.07,3H,2D-1,1-2 BREAK_DOWN,bear,182.59,183.13,-6,True,1,Bullish Candle,ALERT if price < 182.59 (inside break DOWN); stop > 183.13,Inside bar break DOWN (1-2),2D,1,3,2D,2U,Unknown,Unknown,,0,
2026-10-07 16:23:57 EDT,IBM,https://finance.yahoo.com/quote/IBM/chart,220.56,Q,3-2D,REVSTRAT 3-2-2 (watch 2U),bull,311.8,199.19,0,False,2D,Bearish Candle,ALERT if price > 311.8 (RevStrat bull); stop < 199.19,RevStrat after 3-2D: watch for 2U reversal (3-2D-2U),2U,2D,3,2D,2U,Information Technology,Unknown,DIA|XLK,2,"DIA, XLK"
2026-10-07 16:23:57 EDT,IBM,https://finance.yahoo.com/quote/IBM/chart,220.56,M,1-3,3-2 BREAK_UP,bull,251.82,218.6,0,False,3,Bearish Candle,ALERT if price > 251.82 (outside break UP); stop < 218.6,Outside bar break UP (3-2),2U,2D,3,2D,2U,Information Technology,Unknown,DIA|XLK,2,"DIA, XLK"
2026-10-07 16:23:57 EDT,IBM,https://finance.yahoo.com/quote/IBM/chart,220.56,M,1-3,3-2 BREAK_DOWN,bear,218.6,251.82,0,False,3,Bearish Candle,ALERT if price < 218.6 (outside break DOWN); stop > 251.82,Outside bar break DOWN (3-2),2U,2D,3,2D,2U,Information Technology,Unknown,DIA|XLK,2,"DIA, XLK"
2026-10-07 16:23:57 EDT,IBM,https://finance.yahoo.com/quote/IBM/chart,220.56,4H,2D-1,1-2 BREAK_UP,bull,221.98,219.81,0,False,1,Bullish Inverted Hammer-like,ALERT if price > 221.98 (inside break UP); stop < 219.81,Inside bar break UP (1-2),2U,2D,3,2D,2U,Information Technology,Unknown,DIA|XLK,2,"DIA, XLK"
2026-10-07 16:23:57 EDT,IBM,https://finance.yahoo.com/quote/IBM/chart,220.56,4H,2D-1,1-2 BREAK_DOWN,bear,219.81,221.98,0,False,1,Bullish Inverted Hammer-like,ALERT if price < 219.81 (inside break DOWN); stop > 221.98,Inside bar break DOWN (1-2),2U,2D,3,2D,2U,Information Technology,Unknown,DIA|XLK,2,"DIA, XLK"
2026-10-07 16:23:57 EDT,IBM,https://finance.yahoo.com/quote/IBM/chart,220.56,3H,2D-1,1-2 BREAK_UP,bull,221.98,219.67,0,False,1,Bullish Candle,ALERT if price > 221.98 (inside break UP); stop < 219.67,Inside bar break UP (1-2),2U,2D,3,2D,2U,Information Technology,Unknown,DIA|XLK,2,"DIA, XLK"
2026-10-07 16:23:57 EDT,IBM,https://finance.yahoo.com/quote/IBM/chart,220.56,3H,2D-1,1-2 BREAK_DOWN,bear,219.67,221.98,0,False,1,Bullish Candle,ALERT if price < 219.67 (inside break DOWN); stop > 221.98,Inside bar break DOWN (1-2),2U,2D,3,2D,2U,Information Technology,Unknown,DIA|XLK,2,"DIA, XLK"
2026-10-07 16:23:57 EDT,IBM,https://finance.yahoo.com/quote/IBM/chart,220.56,2H,2U-1,1-2 BREAK_UP,bull,221.95,220.48,0,False,1,Bearish Candle,ALERT if price > 221.95 (inside break UP); stop < 220.48,Inside bar break UP (1-2),2U,2D,3,2D,2U,Information Technology,Unknown,DIA|XLK,2,"DIA, XLK"
2026-10-07 16:23:57 EDT,IBM,https://finance.yahoo.com/quote/IBM/chart,220.56,2H,2U-1,1-2 BREAK_DOWN,bear,220.48,221.95,0,False,1,Bearish Candle,ALERT if price < 220.48 (inside break DOWN); stop > 221.95,Inside bar break DOWN (1-2),2U,2D,3,2D,2U,Information Technology,Unknown,DIA|XLK,2,"DIA, XLK"
2026-10-07 16:23:57 EDT,IBM,https://finance.yahoo.com/quote/IBM/chart,220.56,1H,2U-1,1-2 BREAK_UP,bull,221.95,221.17,0,False,1,Bearish Candle,ALERT if price > 221.95 (inside break UP); stop < 221.17,Inside bar break UP (1-2),2U,2D,3,2D,2U,Information Technology,Unknown,DIA|XLK,2,"DIA, XLK"
2026-10-07 16:23:57 EDT,IBM,https://finance.yahoo.com/quote/IBM/chart,220.56,1H,2U-1,1-2 BREAK_DOWN,bear,221.17,221.95,0,False,1,Bearish Candle,ALERT if price < 221.17 (inside break DOWN); stop > 221.95,Inside bar break DOWN (1-2),2U,2D,3,2D,2U,Information Technology,Unknown,DIA|XLK,2,"DIA, XLK"
2026-10-07 16:23:57 EDT,HSBC,https://finance.yahoo.com/quote/HSBC/chart,93.7,4H,2D-1,1-2 BREAK_UP,bull,93.86,93.44,5,True,1,Bullish Candle,ALERT if price > 93.86 (inside break UP); stop < 93.44,Inside bar break UP (1-2),2U,2U,2D,2D,2U,Unknown,Unknown,,0,
2026-10-07 16:23:57 EDT,HSBC,https://finance.yahoo.com/quote/HSBC/chart,93.7,4H,2D-1,1-2 BREAK_DOWN,bear,93.44,93.86,5,False,1,Bullish Candle,ALERT if price < 93.44 (inside break DOWN); stop > 93.86,Inside bar break DOWN (1-2),2U,2U,2D,2D,2U,Unknown,Unknown,,0,
2026-10-07 16:23:57 EDT,HSBC,https://finance.yahoo.com/quote/HSBC/chart,93.7,3H,2D-1,1-2 BREAK_UP,bull,93.86,93.32,5,True,1,Bullish Candle,ALERT if price > 93.86 (inside break UP); stop < 93.32,Inside bar break UP (1-2),2U,2U,2D,2D,2U,Unknown,Unknown,,0,
2026-10-07 16:23:57 EDT,HSBC,https://finance.yahoo.com/quote/HSBC/chart,93.7,3H,2D-1,1-2 BREAK_DOWN,bear,93.32,93.86,5,False,1,Bullish Candle,ALERT if price < 93.32 (inside break DOWN); stop > 93.86,Inside bar break DOWN (1-2),2U,2U,2D,2D,2U,Unknown,Unknown,,0,
2026-10-07 16:23:57 EDT,HSBC,https://finance.yahoo.com/quote/HSBC/chart,93.7,2H,1-1,1-2 BREAK_UP,bull,93.74,93.46,5,True,1,Bullish Candle,ALERT if price > 93.74 (inside break UP); stop < 93.46,Inside bar break UP (1-2),2U,2U,2D,2D,2U,Unknown,Unknown,,0,
2026-10-07 16:23:57 EDT,HSBC,https://finance.yahoo.com/quote/HSBC/chart,93.7,2H,1-1,1-2 BREAK_DOWN,bear,93.46,93.74,5,False,1,Bullish Candle,ALERT if price < 93.46 (inside break DOWN); stop > 93.74,Inside bar break DOWN (1-2),2U,2U,2D,2D,2U,Unknown,Unknown,,0,
2026-10-07 16:23:57 EDT,HSBC,https://finance.yahoo.com/quote/HSBC/chart,93.7,1H,1-2D,REVSTRAT 1-2-2 (watch 2U),bull,93.71,93.46,5,True,2D,Bullish Candle,ALERT if price > 93.71 (RevStrat bull); stop < 93.46,RevStrat after 1-2D: watch for 2U reversal (1-2D-2U),2U,2U,2D,2D,2U,Unknown,Unknown,,0,
2026-10-07 16:23:57 EDT,SAP,https://finance.yahoo.com/quote/SAP/chart,210.02,Q,2D-3,3-2 BREAK_UP,bull,223.28,144.97,6,True,3,Bullish Candle,ALERT if price > 223.28 (outside break UP); stop < 144.97,Outside bar break UP (3-2),2U,3,1,3,2U,Unknown,Unknown,,0,
2026-10-07 16:23:57 EDT,SAP,https://finance.yahoo.com/quote/SAP/chart,210.02,Q,2D-3,3-2 BREAK_DOWN,bear,144.97,223.28,6,False,3,Bullish Candle,ALERT if price < 144.97 (outside break DOWN); stop > 223.28,Outside bar break DOWN (3-2),2U,3,1,3,2U,Unknown,Unknown,,0,
2026-10-07 16:23:57 EDT,SAP,https://finance.yahoo.com/quote/SAP/chart,210.02,M,2U-1,1-2 BREAK_UP,bull,220.33,203.17,6,True,1,Bearish Candle,ALERT if price > 220.33 (inside break UP); stop < 203.17,Inside bar break UP (1-2),2U,3,1,3,2U,Unknown,Unknown,,0,
2026-10-07 16:23:57 EDT,SAP,https://finance.yahoo.com/quote/SAP/chart,210.02,M,2U-1,1-2 BREAK_DOWN,bear,203.17,220.33,6,False,1,Bearish Candle,ALERT if price < 203.17 (inside break DOWN); stop > 220.33,Inside bar break DOWN (1-2),2U,3,1,3,2U,Unknown,Unknown,,0,
2026-10-07 16:23:57 EDT,SAP,https://finance.yahoo.com/quote/SAP/chart,210.02,W,2D-3,3-2 BREAK_UP,bull,214.72,203.17,6,True,3,Bullish Candle,ALERT if price > 214.72 (outside break UP); stop < 203.17,Outside bar break UP (3-2),2U,3,1,3,2U,Unknown,Unknown,,0,
2026-10-07 16:23:57 EDT,SAP,https://finance.yahoo.com/quote/SAP/chart,210.02,W,2D-3,3-2 BREAK_DOWN,bear,203.17,214.72,6,False,3,Bullish Candle,ALERT if price < 203.17 (outside break DOWN); stop > 214.72,Outside bar break DOWN (3-2),2U,3,1,3,2U,Unknown,Unknown,,0,
2026-10-07 16:23:57 EDT,SAP,https://finance.yahoo.com/quote/SAP/chart,210.02,2H,2U-3,3-2 BREAK_UP,bull,211.54,209.99,6,True,3,Bearish Candle,ALERT if price > 211.54 (outside break UP); stop < 209.99,Outside bar break UP (3-2),2U,3,1,3,2U,Unknown,Unknown,,0,
2026-10-07 16:23:57 EDT,SAP,https://finance.yahoo.com/quote/SAP/chart,210.02,2H,2U-3,3-2 BREAK_DOWN,bear,209.99,211.54,6,False,3,Bearish Candle,ALERT if price < 209.99 (outside break DOWN); stop > 211.54,Outside bar break DOWN (3-2),2U,3,1,3,2U,Unknown,Unknown,,0,
2026-10-07 16:23:57 EDT,SAP,https://finance.yahoo.com/quote/SAP/chart,210.02,1H,2U-3,3-2 BREAK_UP,bull,211.54,210.61,6,True,3,Bearish Candle,ALERT if price > 211.54 (outside break UP); stop < 210.61,Outside bar break UP (3-2),2U,3,1,3,2U,Unknown,Unknown,,0,
2026-10-07 16:23:57 EDT,SAP,https://finance.yahoo.com/quote/SAP/chart,210.02,1H,2U-3,3-2 BREAK_DOWN,bear,210.61,211.54,6,False,3,Bearish Candle,ALERT if price < 210.61 (outside break DOWN); stop > 211.54,Outside bar break DOWN (3-2),2U,3,1,3,2U,Unknown,Unknown,,0,
2026-10-07 16:23:57 EDT,MRK,https://finance.yahoo.com/quote/MRK/chart,142.75,Y,3-2D,REVSTRAT 3-2-2 (watch 2U),bull,107.59,73.31,-3,False,2D,Bullish Candle,ALERT if price > 107.59 (RevStrat bull); stop < 73.31,RevStrat after 3-2D: watch for 2U reversal (3-2D-2U),2D,2U,1,2D,1,Health Care,Unknown,XLV,1,XLV
2026-10-07 16:23:57 EDT,MRK,https://finance.yahoo.com/quote/MRK/chart,142.75,M,2U-1,1-2 BREAK_UP,bull,153.57,142.32,-3,False,1,Bearish Candle,ALERT if price > 153.57 (inside break UP); stop < 142.32,Inside bar break UP (1-2),2D,2U,1,2D,1,Health Care,Unknown,XLV,1,XLV
2026-10-07 16:23:57 EDT,MRK,https://finance.yahoo.com/quote/MRK/chart,142.75,M,2U-1,1-2 BREAK_DOWN,bear,142.32,153.57,-3,True,1,Bearish Candle,ALERT if price < 142.32 (inside break DOWN); stop > 153.57,Inside bar break DOWN (1-2),2D,2U,1,2D,1,Health Care,Unknown,XLV,1,XLV
2026-10-07 16:23:57 EDT,MRK,https://finance.yahoo.com/quote/MRK/chart,142.75,D,2D-1,1-2 BREAK_UP,bull,142.16,139.74,-3,False,1,Bullish Candle,ALERT if price > 142.16 (inside break UP); stop < 139.74,Inside bar break UP (1-2),2D,2U,1,2D,1,Health Care,Unknown,XLV,1,XLV
2026-10-07 16:23:57 EDT,MRK,https://finance.yahoo.com/quote/MRK/chart,142.75,D,2D-1,1-2 BREAK_DOWN,bear,139.74,142.16,-3,True,1,Bullish Candle,ALERT if price < 139.74 (inside break DOWN); stop > 142.16,Inside bar break DOWN (1-2),2D,2U,1,2D,1,Health Care,Unknown,XLV,1,XLV
2026-10-07 16:23:57 EDT,MRK,https://finance.yahoo.com/quote/MRK/chart,142.75,4H,2U-1,1-2 BREAK_UP,bull,143.74,142.28,-3,False,1,Bearish Candle,ALERT if price > 143.74 (inside break UP); stop < 142.28,Inside bar break UP (1-2),2D,2U,1,2D,1,Health Care,Unknown,XLV,1,XLV
2026-10-07 16:23:57 EDT,MRK,https://finance.yahoo.com/quote/MRK/chart,142.75,4H,2U-1,1-2 BREAK_DOWN,bear,142.28,143.74,-3,True,1,Bearish Candle,ALERT if price < 142.28 (inside break DOWN); stop > 143.74,Inside bar break DOWN (1-2),2D,2U,1,2D,1,Health Care,Unknown,XLV,1,XLV
2026-10-07 16:23:57 EDT,NVS,https://finance.yahoo.com/quote/NVS/chart,143.26,Q,1-3,3-2 BREAK_UP,bull,164.48,137.0,6,True,3,Bearish Candle,ALERT if price > 164.48 (outside break UP); stop < 137.0,Outside bar break UP (3-2),2U,3,3,3,2U,Unknown,Unknown,,0,
2026-10-07 16:23:57 EDT,NVS,https://finance.yahoo.com/quote/NVS/chart,143.26,Q,1-3,3-2 BREAK_DOWN,bear,137.0,164.48,6,False,3,Bearish Candle,ALERT if price < 137.0 (outside break DOWN); stop > 164.48,Outside bar break DOWN (3-2),2U,3,3,3,2U,Unknown,Unknown,,0,
2026-10-07 16:23:57 EDT,NVS,https://finance.yahoo.com/quote/NVS/chart,143.26,M,3-3,3-2 BREAK_UP,bull,164.48,137.0,6,True,3,Bearish Candle,ALERT if price > 164.48 (outside break UP); stop < 137.0,Outside bar break UP (3-2),2U,3,3,3,2U,Unknown,Unknown,,0,
2026-10-07 16:23:57 EDT,NVS,https://finance.yahoo.com/quote/NVS/chart,143.26,M,3-3,3-2 BREAK_DOWN,bear,137.0,164.48,6,False,3,Bearish Candle,ALERT if price < 137.0 (outside break DOWN); stop > 164.48,Outside bar break DOWN (3-2),2U,3,3,3,2U,Unknown,Unknown,,0,
2026-10-07 16:23:57 EDT,NVS,https://finance.yahoo.com/quote/NVS/chart,143.26,W,2U-3,3-2 BREAK_UP,bull,147.03,139.95,6,True,3,Bearish Candle,ALERT if price > 147.03 (outside break UP); stop < 139.95,Outside bar break UP (3-2),2U,3,3,3,2U,Unknown,Unknown,,0,
2026-10-07 16:23:57 EDT,NVS,https://finance.yahoo.com/quote/NVS/chart,143.26,W,2U-3,3-2 BREAK_DOWN,bear,139.95,147.03,6,False,3,Bearish Candle,ALERT if price < 139.95 (outside break DOWN); stop > 147.03,Outside bar break DOWN (3-2),2U,3,3,3,2U,Unknown,Unknown,,0,
2026-10-07 16:23:57 EDT,NVS,https://finance.yahoo.com/quote/NVS/chart,143.26,4H,2U-1,1-2 BREAK_UP,bull,144.01,143.01,6,True,1,Bearish Candle,ALERT if price > 144.01 (inside break UP); stop < 143.01,Inside bar break UP (1-2),2U,3,3,3,2U,Unknown,Unknown,,0,
2026-10-07 16:23:57 EDT,NVS,https://finance.yahoo.com/quote/NVS/chart,143.26,4H,2U-1,1-2 BREAK_DOWN,bear,143.01,144.01,6,False,1,Bearish Candle,ALERT if price < 143.01 (inside break DOWN); stop > 144.01,Inside bar break DOWN (1-2),2U,3,3,3,2U,Unknown,Unknown,,0,
2026-10-07 16:23:57 EDT,AXP,https://finance.yahoo.com/quote/AXP/chart,304.18,Q,1-2U,REVSTRAT 1-2-2 (watch 2D),bear,299.91,363.14,5,False,2U,Bearish Candle,ALERT if price < 299.91 (RevStrat bear); stop > 363.14,RevStrat after 1-2U: watch for 2D reversal (1-2U-2D),2U,2U,2D,2D,2U,Financials,Unknown,DIA|XLF,2,"DIA, XLF"
2026-10-07 16:23:57 EDT,AXP,https://finance.yahoo.com/quote/AXP/chart,304.18,M,1-2D,REVSTRAT 1-2-2 (watch 2U),bull,335.0,299.91,5,True,2D,Bearish Candle,ALERT if price > 335.0 (RevStrat bull); stop < 299.91,RevStrat after 1-2D: watch for 2U reversal (1-2D-2U),2U,2U,2D,2D,2U,Financials,Unknown,DIA|XLF,2,"DIA, XLF"
2026-10-07 16:23:57 EDT,AXP,https://finance.yahoo.com/quote/AXP/chart,304.18,1H,1-1,1-2 BREAK_UP,bull,303.84,303.14,5,True,1,Bullish Candle,ALERT if price > 303.84 (inside break UP); stop < 303.14,Inside bar break UP (1-2),2U,2U,2D,2D,2U,Financials,Unknown,DIA|XLF,2,"DIA, XLF"
2026-10-07 16:23:57 EDT,AXP,https://finance.yahoo.com/quote/AXP/chart,304.18,1H,1-1,1-2 BREAK_DOWN,bear,303.14,303.84,5,False,1,Bullish Candle,ALERT if price < 303.14 (inside break DOWN); stop > 303.84,Inside bar break DOWN (1-2),2U,2U,2D,2D,2U,Financials,Unknown,DIA|XLF,2,"DIA, XLF"
2026-10-07 16:23:57 EDT,LRCX,https://finance.yahoo.com/quote/LRCX/chart,329.33,Y,2U-3,3-2 BREAK_UP,bull,179.8,56.32,-2,False,3,Bullish Candle,ALERT if price > 179.8 (outside break UP); stop < 56.32,Outside bar break UP (3-2),3,1,2D,2U,2D,Information Technology,Unknown,QQQ|SMH|XLK,3,"QQQ, SMH, XLK"
2026-10-07 16:23:57 EDT,LRCX,https://finance.yahoo.com/quote/LRCX/chart,329.33,Y,2U-3,3-2 BREAK_DOWN,bear,56.32,179.8,-2,True,3,Bullish Candle,ALERT if price < 56.32 (outside break DOWN); stop > 179.8,Outside bar break DOWN (3-2),3,1,2D,2U,2D,Information Technology,Unknown,QQQ|SMH|XLK,3,"QQQ, SMH, XLK"
2026-10-07 16:23:57 EDT,LRCX,https://finance.yahoo.com/quote/LRCX/chart,329.33,Q,2U-1,1-2 BREAK_UP,bull,415.49,250.5,-2,False,1,Bearish Candle,ALERT if price > 415.49 (inside break UP); stop < 250.5,Inside bar break UP (1-2),3,1,2D,2U,2D,Information Technology,Unknown,QQQ|SMH|XLK,3,"QQQ, SMH, XLK"
2026-10-07 16:23:57 EDT,LRCX,https://finance.yahoo.com/quote/LRCX/chart,329.33,Q,2U-1,1-2 BREAK_DOWN,bear,250.5,415.49,-2,True,1,Bearish Candle,ALERT if price < 250.5 (inside break DOWN); stop > 415.49,Inside bar break DOWN (1-2),3,1,2D,2U,2D,Information Technology,Unknown,QQQ|SMH|XLK,3,"QQQ, SMH, XLK"
2026-10-07 16:23:57 EDT,LRCX,https://finance.yahoo.com/quote/LRCX/chart,329.33,M,1-2D,REVSTRAT 1-2-2 (watch 2U),bull,330.5,265.37,-2,False,2D,Bullish Candle,ALERT if price > 330.5 (RevStrat bull); stop < 265.37,RevStrat after 1-2D: watch for 2U reversal (1-2D-2U),3,1,2D,2U,2D,Information Technology,Unknown,QQQ|SMH|XLK,3,"QQQ, SMH, XLK"
2026-10-07 16:23:57 EDT,LRCX,https://finance.yahoo.com/quote/LRCX/chart,329.33,2H,2U-3,3-2 BREAK_UP,bull,329.75,325.61,-2,False,3,Bullish Candle,ALERT if price > 329.75 (outside break UP); stop < 325.61,Outside bar break UP (3-2),3,1,2D,2U,2D,Information Technology,Unknown,QQQ|SMH|XLK,3,"QQQ, SMH, XLK"
2026-10-07 16:23:57 EDT,LRCX,https://finance.yahoo.com/quote/LRCX/chart,329.33,2H,2U-3,3-2 BREAK_DOWN,bear,325.61,329.75,-2,True,3,Bullish Candle,ALERT if price < 325.61 (outside break DOWN); stop > 329.75,Outside bar break DOWN (3-2),3,1,2D,2U,2D,Information Technology,Unknown,QQQ|SMH|XLK,3,"QQQ, SMH, XLK"
2026-10-07 16:23:57 EDT,LRCX,https://finance.yahoo.com/quote/LRCX/chart,329.33,1H,3-2D,REVSTRAT 3-2-2 (watch 2U),bull,327.39,325.61,-2,False,2D,Bullish Hammer-like,ALERT if price > 327.39 (RevStrat bull); stop < 325.61,RevStrat after 3-2D: watch for 2U reversal (3-2D-2U),3,1,2D,2U,2D,Information Technology,Unknown,QQQ|SMH|XLK,3,"QQQ, SMH, XLK"
2026-10-07 16:23:57 EDT,RTX,https://finance.yahoo.com/quote/RTX/chart,180.28,3H,2D-1,1-2 BREAK_UP,bull,181.38,180.11,3,True,1,Bullish Candle,ALERT if price > 181.38 (inside break UP); stop < 180.11,Inside bar break UP (1-2),2U,2U,2D,2D,2D,Industrials,Unknown,XLI,1,XLI
2026-10-07 16:23:57 EDT,RTX,https://finance.yahoo.com/quote/RTX/chart,180.28,3H,2D-1,1-2 BREAK_DOWN,bear,180.11,181.38,3,False,1,Bullish Candle,ALERT if price < 180.11 (inside break DOWN); stop > 181.38,Inside bar break DOWN (1-2),2U,2U,2D,2D,2D,Industrials,Unknown,XLI,1,XLI
2026-10-07 16:23:57 EDT,RTX,https://finance.yahoo.com/quote/RTX/chart,180.28,2H,1-3,3-2 BREAK_UP,bull,181.58,179.95,3,True,3,Bearish Candle,ALERT if price > 181.58 (outside break UP); stop < 179.95,Outside bar break UP (3-2),2U,2U,2D,2D,2D,Industrials,Unknown,XLI,1,XLI
2026-10-07 16:23:57 EDT,RTX,https://finance.yahoo.com/quote/RTX/chart,180.28,2H,1-3,3-2 BREAK_DOWN,bear,179.95,181.58,3,False,3,Bearish Candle,ALERT if price < 179.95 (outside break DOWN); stop > 181.58,Outside bar break DOWN (3-2),2U,2U,2D,2D,2D,Industrials,Unknown,XLI,1,XLI
2026-10-07 16:23:57 EDT,NVO,https://finance.yahoo.com/quote/NVO/chart,38.25,Q,1-2U,REVSTRAT 1-2-2 (watch 2D),bear,37.89,52.12,-7,True,2U,Bearish Candle,ALERT if price < 37.89 (RevStrat bear); stop > 52.12,RevStrat after 1-2U: watch for 2D reversal (1-2U-2D),2D,2U,2D,2D,2D,Unknown,Unknown,,0,
2026-10-07 16:23:57 EDT,NVO,https://finance.yahoo.com/quote/NVO/chart,38.25,4H,2U-1,1-2 BREAK_UP,bull,38.35,38.12,-7,False,1,Bearish Candle,ALERT if price > 38.35 (inside break UP); stop < 38.12,Inside bar break UP (1-2),2D,2U,2D,2D,2D,Unknown,Unknown,,0,
2026-10-07 16:23:57 EDT,NVO,https://finance.yahoo.com/quote/NVO/chart,38.25,4H,2U-1,1-2 BREAK_DOWN,bear,38.12,38.35,-7,True,1,Bearish Candle,ALERT if price < 38.12 (inside break DOWN); stop > 38.35,Inside bar break DOWN (1-2),2D,2U,2D,2D,2D,Unknown,Unknown,,0,
2026-10-07 16:23:57 EDT,NVO,https://finance.yahoo.com/quote/NVO/chart,38.25,2H,1-2U,REVSTRAT 1-2-2 (watch 2D),bear,38.14,38.35,-7,True,2U,Bullish Candle,ALERT if price < 38.14 (RevStrat bear); stop > 38.35,RevStrat after 1-2U: watch for 2D reversal (1-2U-2D),2D,2U,2D,2D,2D,Unknown,Unknown,,0,
2026-10-07 16:23:57 EDT,NVO,https://finance.yahoo.com/quote/NVO/chart,38.25,1H,1-2U,REVSTRAT 1-2-2 (watch 2D),bear,38.14,38.26,-7,True,2U,Bearish Candle,ALERT if price < 38.14 (RevStrat bear); stop > 38.26,RevStrat after 1-2U: watch for 2D reversal (1-2U-2D),2D,2U,2D,2D,2D,Unknown,Unknown,,0,
2026-10-07 16:23:57 EDT,CRM,https://finance.yahoo.com/quote/CRM/chart,224.55,Y,2U-1,1-2 BREAK_UP,bull,367.09,221.96,4,True,1,Bearish Candle,ALERT if price > 367.09 (inside break UP); stop < 221.96,Inside bar break UP (1-2),1,2U,2U,2D,2D,Information Technology,Unknown,DIA|XLK,2,"DIA, XLK"
2026-10-07 16:23:57 EDT,CRM,https://finance.yahoo.com/quote/CRM/chart,224.55,Y,2U-1,1-2 BREAK_DOWN,bear,221.96,367.09,4,False,1,Bearish Candle,ALERT if price < 221.96 (inside break DOWN); stop > 367.09,Inside bar break DOWN (1-2),1,2U,2U,2D,2D,Information Technology,Unknown,DIA|XLK,2,"DIA, XLK"
2026-10-07 16:23:57 EDT,CRM,https://finance.yahoo.com/quote/CRM/chart,224.55,3H,3-2U,REVSTRAT 3-2-2 (watch 2D),bear,223.31,225.83,4,False,2U,Bullish Marubozu-like,ALERT if price < 223.31 (RevStrat bear); stop > 225.83,RevStrat after 3-2U: watch for 2D reversal (3-2U-2D),1,2U,2U,2D,2D,Information Technology,Unknown,DIA|XLK,2,"DIA, XLK"
2026-10-07 16:23:57 EDT,RY,https://finance.yahoo.com/quote/RY/chart,191.25,W,3-2D,REVSTRAT 3-2-2 (watch 2U),bull,202.64,191.39,5,True,2D,Bearish Candle,ALERT if price > 202.64 (RevStrat bull); stop < 191.39,RevStrat after 3-2D: watch for 2U reversal (3-2D-2U),2U,2U,2D,2D,2U,Unknown,Unknown,,0,
2026-10-07 16:23:57 EDT,RY,https://finance.yahoo.com/quote/RY/chart,191.25,2H,3-2D,REVSTRAT 3-2-2 (watch 2U),bull,191.78,191.09,5,True,2D,Bearish Candle,ALERT if price > 191.78 (RevStrat bull); stop < 191.09,RevStrat after 3-2D: watch for 2U reversal (3-2D-2U),2U,2U,2D,2D,2U,Unknown,Unknown,,0,
2026-10-07 16:23:57 EDT,PM,https://finance.yahoo.com/quote/PM/chart,192.69,Q,3-2U,REVSTRAT 3-2-2 (watch 2D),bear,175.76,207.76,9,False,2U,Bullish Candle,ALERT if price < 175.76 (RevStrat bear); stop > 207.76,RevStrat after 3-2U: watch for 2D reversal (3-2U-2D),2U,2U,2D,2U,2U,Consumer Staples,Unknown,XLP,1,XLP
2026-10-07 16:23:57 EDT,PM,https://finance.yahoo.com/quote/PM/chart,192.69,M,1-2D,REVSTRAT 1-2-2 (watch 2U),bull,195.49,181.01,9,True,2D,Doji,ALERT if price > 195.49 (RevStrat bull); stop < 181.01,RevStrat after 1-2D: watch for 2U reversal (1-2D-2U),2U,2U,2D,2U,2U,Consumer Staples,Unknown,XLP,1,XLP
2026-10-07 16:23:57 EDT,PM,https://finance.yahoo.com/quote/PM/chart,192.69,D,3-2U,REVSTRAT 3-2-2 (watch 2D),bear,189.01,192.05,9,False,2U,Bullish Candle,ALERT if price < 189.01 (RevStrat bear); stop > 192.05,RevStrat after 3-2U: watch for 2D reversal (3-2U-2D),2U,2U,2D,2U,2U,Consumer Staples,Unknown,XLP,1,XLP
2026-10-07 16:23:57 EDT,PM,https://finance.yahoo.com/quote/PM/chart,192.69,3H,2U-1,1-2 BREAK_UP,bull,192.51,191.29,9,True,1,Bearish Candle,ALERT if price > 192.51 (inside break UP); stop < 191.29,Inside bar break UP (1-2),2U,2U,2D,2U,2U,Consumer Staples,Unknown,XLP,1,XLP
2026-10-07 16:23:57 EDT,PM,https://finance.yahoo.com/quote/PM/chart,192.69,3H,2U-1,1-2 BREAK_DOWN,bear,191.29,192.51,9,False,1,Bearish Candle,ALERT if price < 191.29 (inside break DOWN); stop > 192.51,Inside bar break DOWN (1-2),2U,2U,2D,2U,2U,Consumer Staples,Unknown,XLP,1,XLP
2026-10-07 16:23:57 EDT,AMAT,https://finance.yahoo.com/quote/AMAT/chart,520.65,Y,2U-3,3-2 BREAK_UP,bull,276.1,123.74,-1,False,3,Bullish Candle,ALERT if price > 276.1 (outside break UP); stop < 123.74,Outside bar break UP (3-2),3,1,2D,2U,3,Information Technology,Unknown,QQQ|SMH|XLK,3,"QQQ, SMH, XLK"
2026-10-07 16:23:57 EDT,AMAT,https://finance.yahoo.com/quote/AMAT/chart,520.65,Y,2U-3,3-2 BREAK_DOWN,bear,123.74,276.1,-1,True,3,Bullish Candle,ALERT if price < 123.74 (outside break DOWN); stop > 276.1,Outside bar break DOWN (3-2),3,1,2D,2U,3,Information Technology,Unknown,QQQ|SMH|XLK,3,"QQQ, SMH, XLK"
2026-10-07 16:23:57 EDT,AMAT,https://finance.yahoo.com/quote/AMAT/chart,520.65,Q,2U-1,1-2 BREAK_UP,bull,693.78,411.51,-1,False,1,Bearish Candle,ALERT if price > 693.78 (inside break UP); stop < 411.51,Inside bar break UP (1-2),3,1,2D,2U,3,Information Technology,Unknown,QQQ|SMH|XLK,3,"QQQ, SMH, XLK"
2026-10-07 16:23:57 EDT,AMAT,https://finance.yahoo.com/quote/AMAT/chart,520.65,Q,2U-1,1-2 BREAK_DOWN,bear,411.51,693.78,-1,True,1,Bearish Candle,ALERT if price < 411.51 (inside break DOWN); stop > 693.78,Inside bar break DOWN (1-2),3,1,2D,2U,3,Information Technology,Unknown,QQQ|SMH|XLK,3,"QQQ, SMH, XLK"
2026-10-07 16:23:57 EDT,AMAT,https://finance.yahoo.com/quote/AMAT/chart,520.65,M,1-2D,REVSTRAT 1-2-2 (watch 2U),bull,515.42,411.51,-1,False,2D,Bullish Candle,ALERT if price > 515.42 (RevStrat bull); stop < 411.51,RevStrat after 1-2D: watch for 2U reversal (1-2D-2U),3,1,2D,2U,3,Information Technology,Unknown,QQQ|SMH|XLK,3,"QQQ, SMH, XLK"
2026-10-07 16:23:57 EDT,AMAT,https://finance.yahoo.com/quote/AMAT/chart,520.65,D,2D-3,3-2 BREAK_UP,bull,546.0,526.52,-1,False,3,Bearish Candle,ALERT if price > 546.0 (outside break UP); stop < 526.52,Outside bar break UP (3-2),3,1,2D,2U,3,Information Technology,Unknown,QQQ|SMH|XLK,3,"QQQ, SMH, XLK"
2026-10-07 16:23:57 EDT,AMAT,https://finance.yahoo.com/quote/AMAT/chart,520.65,D,2D-3,3-2 BREAK_DOWN,bear,526.52,546.0,-1,True,3,Bearish Candle,ALERT if price < 526.52 (outside break DOWN); stop > 546.0,Outside bar break DOWN (3-2),3,1,2D,2U,3,Information Technology,Unknown,QQQ|SMH|XLK,3,"QQQ, SMH, XLK"
2026-10-07 16:23:57 EDT,AMAT,https://finance.yahoo.com/quote/AMAT/chart,520.65,4H,2D-1,1-2 BREAK_UP,bull,522.49,518.17,-1,False,1,Bearish Candle,ALERT if price > 522.49 (inside break UP); stop < 518.17,Inside bar break UP (1-2),3,1,2D,2U,3,Information Technology,Unknown,QQQ|SMH|XLK,3,"QQQ, SMH, XLK"
2026-10-07 16:23:57 EDT,AMAT,https://finance.yahoo.com/quote/AMAT/chart,520.65,4H,2D-1,1-2 BREAK_DOWN,bear,518.17,522.49,-1,True,1,Bearish Candle,ALERT if price < 518.17 (inside break DOWN); stop > 522.49,Inside bar break DOWN (1-2),3,1,2D,2U,3,Information Technology,Unknown,QQQ|SMH|XLK,3,"QQQ, SMH, XLK"
2026-10-07 16:23:57 EDT,AMAT,https://finance.yahoo.com/quote/AMAT/chart,520.65,3H,2D-1,1-2 BREAK_UP,bull,522.49,518.36,-1,False,1,Bearish Candle,ALERT if price > 522.49 (inside break UP); stop < 518.36,Inside bar break UP (1-2),3,1,2D,2U,3,Information Technology,Unknown,QQQ|SMH|XLK,3,"QQQ, SMH, XLK"
2026-10-07 16:23:57 EDT,AMAT,https://finance.yahoo.com/quote/AMAT/chart,520.65,3H,2D-1,1-2 BREAK_DOWN,bear,518.36,522.49,-1,True,1,Bearish Candle,ALERT if price < 518.36 (inside break DOWN); stop > 522.49,Inside bar break DOWN (1-2),3,1,2D,2U,3,Information Technology,Unknown,QQQ|SMH|XLK,3,"QQQ, SMH, XLK"
2026-10-07 16:23:57 EDT,AMAT,https://finance.yahoo.com/quote/AMAT/chart,520.65,1H,3-2D,REVSTRAT 3-2-2 (watch 2U),bull,519.86,518.17,-1,False,2D,Dragonfly Doji (bullish-leaning),ALERT if price > 519.86 (RevStrat bull); stop < 518.17,RevStrat after 3-2D: watch for 2U reversal (3-2D-2U),3,1,2D,2U,3,Information Technology,Unknown,QQQ|SMH|XLK,3,"QQQ, SMH, XLK"
2026-10-07 16:23:57 EDT,TMO,https://finance.yahoo.com/quote/TMO/chart,661.88,W,2U-3,3-2 BREAK_UP,bull,683.63,648.29,3,True,3,Bearish Candle,ALERT if price > 683.63 (outside break UP); stop < 648.29,Outside bar break UP (3-2),2D,2U,2U,3,2U,Health Care,Unknown,XLV,1,XLV
2026-10-07 16:23:57 EDT,TMO,https://finance.yahoo.com/quote/TMO/chart,661.88,W,2U-3,3-2 BREAK_DOWN,bear,648.29,683.63,3,False,3,Bearish Candle,ALERT if price < 648.29 (outside break DOWN); stop > 683.63,Outside bar break DOWN (3-2),2D,2U,2U,3,2U,Health Care,Unknown,XLV,1,XLV
2026-10-07 16:23:57 EDT,TMO,https://finance.yahoo.com/quote/TMO/chart,661.88,D,3-2U,REVSTRAT 3-2-2 (watch 2D),bear,654.51,694.33,3,False,2U,Bearish Candle,ALERT if price < 654.51 (RevStrat bear); stop > 694.33,RevStrat after 3-2U: watch for 2D reversal (3-2U-2D),2D,2U,2U,3,2U,Health Care,Unknown,XLV,1,XLV
2026-10-07 16:23:57 EDT,TMO,https://finance.yahoo.com/quote/TMO/chart,661.88,4H,3-1,1-2 BREAK_UP,bull,667.07,658.1,3,True,1,Bearish Candle,ALERT if price > 667.07 (inside break UP); stop < 658.1,Inside bar break UP (1-2),2D,2U,2U,3,2U,Health Care,Unknown,XLV,1,XLV
2026-10-07 16:23:57 EDT,TMO,https://finance.yahoo.com/quote/TMO/chart,661.88,4H,3-1,1-2 BREAK_DOWN,bear,658.1,667.07,3,False,1,Bearish Candle,ALERT if price < 658.1 (inside break DOWN); stop > 667.07,Inside bar break DOWN (1-2),2D,2U,2U,3,2U,Health Care,Unknown,XLV,1,XLV
2026-10-07 16:23:57 EDT,TMO,https://finance.yahoo.com/quote/TMO/chart,661.88,3H,3-1,1-2 BREAK_UP,bull,670.87,660.38,3,True,1,Bearish Marubozu-like,ALERT if price > 670.87 (inside break UP); stop < 660.38,Inside bar break UP (1-2),2D,2U,2U,3,2U,Health Care,Unknown,XLV,1,XLV
2026-10-07 16:23:57 EDT,TMO,https://finance.yahoo.com/quote/TMO/chart,661.88,3H,3-1,1-2 BREAK_DOWN,bear,660.38,670.87,3,False,1,Bearish Marubozu-like,ALERT if price < 660.38 (inside break DOWN); stop > 670.87,Inside bar break DOWN (1-2),2D,2U,2U,3,2U,Health Care,Unknown,XLV,1,XLV
2026-10-07 16:23:57 EDT,TMO,https://finance.yahoo.com/quote/TMO/chart,661.88,2H,1-2D,REVSTRAT 1-2-2 (watch 2U),bull,662.71,658.1,3,True,2D,Bullish Candle,ALERT if price > 662.71 (RevStrat bull); stop < 658.1,RevStrat after 1-2D: watch for 2U reversal (1-2D-2U),2D,2U,2U,3,2U,Health Care,Unknown,XLV,1,XLV
2026-10-07 16:23:57 EDT,TMO,https://finance.yahoo.com/quote/TMO/chart,661.88,1H,2D-1,1-2 BREAK_UP,bull,662.71,660.43,3,True,1,Bearish Candle,ALERT if price > 662.71 (inside break UP); stop < 660.43,Inside bar break UP (1-2),2D,2U,2U,3,2U,Health Care,Unknown,XLV,1,XLV
2026-10-07 16:23:57 EDT,TMO,https://finance.yahoo.com/quote/TMO/chart,661.88,1H,2D-1,1-2 BREAK_DOWN,bear,660.43,662.71,3,False,1,Bearish Candle,ALERT if price < 660.43 (inside break DOWN); stop > 662.71,Inside bar break DOWN (1-2),2D,2U,2U,3,2U,Health Care,Unknown,XLV,1,XLV
2026-10-07 16:23:57 EDT,ABT,https://finance.yahoo.com/quote/ABT/chart,98.72,W,3-2D,REVSTRAT 3-2-2 (watch 2U),bull,101.76,95.06,5,True,2D,Bearish Candle,ALERT if price > 101.76 (RevStrat bull); stop < 95.06,RevStrat after 3-2D: watch for 2U reversal (3-2D-2U),2U,2U,2D,2D,2U,Health Care,Unknown,XLV,1,XLV
2026-10-07 16:23:57 EDT,ABT,https://finance.yahoo.com/quote/ABT/chart,98.72,4H,3-1,1-2 BREAK_UP,bull,99.25,98.4,5,True,1,Doji,ALERT if price > 99.25 (inside break UP); stop < 98.4,Inside bar break UP (1-2),2U,2U,2D,2D,2U,Health Care,Unknown,XLV,1,XLV
2026-10-07 16:23:57 EDT,ABT,https://finance.yahoo.com/quote/ABT/chart,98.72,4H,3-1,1-2 BREAK_DOWN,bear,98.4,99.25,5,False,1,Doji,ALERT if price < 98.4 (inside break DOWN); stop > 99.25,Inside bar break DOWN (1-2),2U,2U,2D,2D,2U,Health Care,Unknown,XLV,1,XLV
2026-10-07 16:23:57 EDT,ABT,https://finance.yahoo.com/quote/ABT/chart,98.72,3H,3-1,1-2 BREAK_UP,bull,99.02,97.82,5,True,1,Bullish Candle,ALERT if price > 99.02 (inside break UP); stop < 97.82,Inside bar break UP (1-2),2U,2U,2D,2D,2U,Health Care,Unknown,XLV,1,XLV
2026-10-07 16:23:57 EDT,ABT,https://finance.yahoo.com/quote/ABT/chart,98.72,3H,3-1,1-2 BREAK_DOWN,bear,97.82,99.02,5,False,1,Bullish Candle,ALERT if price < 97.82 (inside break DOWN); stop > 99.02,Inside bar break DOWN (1-2),2U,2U,2D,2D,2U,Health Care,Unknown,XLV,1,XLV
2026-10-07 16:23:57 EDT,ABT,https://finance.yahoo.com/quote/ABT/chart,98.72,2H,2U-3,3-2 BREAK_UP,bull,99.25,98.4,5,True,3,Doji,ALERT if price > 99.25 (outside break UP); stop < 98.4,Outside bar break UP (3-2),2U,2U,2D,2D,2U,Health Care,Unknown,XLV,1,XLV
2026-10-07 16:23:57 EDT,ABT,https://finance.yahoo.com/quote/ABT/chart,98.72,2H,2U-3,3-2 BREAK_DOWN,bear,98.4,99.25,5,False,3,Doji,ALERT if price < 98.4 (outside break DOWN); stop > 99.25,Outside bar break DOWN (3-2),2U,2U,2D,2D,2U,Health Care,Unknown,XLV,1,XLV
2026-10-07 16:23:57 EDT,ABT,https://finance.yahoo.com/quote/ABT/chart,98.72,1H,2U-3,3-2 BREAK_UP,bull,99.25,98.61,5,True,3,Bearish Candle,ALERT if price > 99.25 (outside break UP); stop < 98.61,Outside bar break UP (3-2),2U,2U,2D,2D,2U,Health Care,Unknown,XLV,1,XLV
2026-10-07 16:23:57 EDT,ABT,https://finance.yahoo.com/quote/ABT/chart,98.72,1H,2U-3,3-2 BREAK_DOWN,bear,98.61,99.25,5,False,3,Bearish Candle,ALERT if price < 98.61 (outside break DOWN); stop > 99.25,Outside bar break DOWN (3-2),2U,2U,2D,2D,2U,Health Care,Unknown,XLV,1,XLV
2026-10-07 16:23:57 EDT,TMUS,https://finance.yahoo.com/quote/TMUS/chart,167.57,M,1-3,3-2 BREAK_UP,bull,189.87,161.14,0,False,3,Bearish Candle,ALERT if price > 189.87 (outside break UP); stop < 161.14,Outside bar break UP (3-2),2U,2D,3,2D,2U,Communication Services,Unknown,QQQ,1,QQQ
2026-10-07 16:23:57 EDT,TMUS,https://finance.yahoo.com/quote/TMUS/chart,167.57,M,1-3,3-2 BREAK_DOWN,bear,161.14,189.87,0,False,3,Bearish Candle,ALERT if price < 161.14 (outside break DOWN); stop > 189.87,Outside bar break DOWN (3-2),2U,2D,3,2D,2U,Communication Services,Unknown,QQQ,1,QQQ
2026-10-07 16:23:57 EDT,TMUS,https://finance.yahoo.com/quote/TMUS/chart,167.57,4H,2U-1,1-2 BREAK_UP,bull,169.67,167.49,0,False,1,Bearish Marubozu-like,ALERT if price > 169.67 (inside break UP); stop < 167.49,Inside bar break UP (1-2),2U,2D,3,2D,2U,Communication Services,Unknown,QQQ,1,QQQ
2026-10-07 16:23:57 EDT,TMUS,https://finance.yahoo.com/quote/TMUS/chart,167.57,4H,2U-1,1-2 BREAK_DOWN,bear,167.49,169.67,0,False,1,Bearish Marubozu-like,ALERT if price < 167.49 (inside break DOWN); stop > 169.67,Inside bar break DOWN (1-2),2U,2D,3,2D,2U,Communication Services,Unknown,QQQ,1,QQQ
2026-10-07 16:23:57 EDT,TMUS,https://finance.yahoo.com/quote/TMUS/chart,167.57,2H,1-2D,REVSTRAT 1-2-2 (watch 2U),bull,169.21,167.49,0,False,2D,Bearish Candle,ALERT if price > 169.21 (RevStrat bull); stop < 167.49,RevStrat after 1-2D: watch for 2U reversal (1-2D-2U),2U,2D,3,2D,2U,Communication Services,Unknown,QQQ,1,QQQ
2026-10-07 16:23:57 EDT,TMUS,https://finance.yahoo.com/quote/TMUS/chart,167.57,1H,2D-3,3-2 BREAK_UP,bull,169.21,168.65,0,False,3,Bullish Candle,ALERT if price > 169.21 (outside break UP); stop < 168.65,Outside bar break UP (3-2),2U,2D,3,2D,2U,Communication Services,Unknown,QQQ,1,QQQ
2026-10-07 16:23:57 EDT,TMUS,https://finance.yahoo.com/quote/TMUS/chart,167.57,1H,2D-3,3-2 BREAK_DOWN,bear,168.65,169.21,0,False,3,Bullish Candle,ALERT if price < 168.65 (outside break DOWN); stop > 169.21,Outside bar break DOWN (3-2),2U,2D,3,2D,2U,Communication Services,Unknown,QQQ,1,QQQ
2026-10-07 16:23:57 EDT,SHOP,https://finance.yahoo.com/quote/SHOP/chart,165.95,M,2U-1,1-2 BREAK_UP,bull,151.73,124.03,12,True,1,Bullish Candle,ALERT if price > 151.73 (inside break UP); stop < 124.03,Inside bar break UP (1-2),2U,2U,1,2U,2U,Unknown,Unknown,ARKK|QQQ,2,"ARKK, QQQ"
2026-10-07 16:23:57 EDT,SHOP,https://finance.yahoo.com/quote/SHOP/chart,165.95,M,2U-1,1-2 BREAK_DOWN,bear,124.03,151.73,12,False,1,Bullish Candle,ALERT if price < 124.03 (inside break DOWN); stop > 151.73,Inside bar break DOWN (1-2),2U,2U,1,2U,2U,Unknown,Unknown,ARKK|QQQ,2,"ARKK, QQQ"
2026-10-07 16:23:57 EDT,SHOP,https://finance.yahoo.com/quote/SHOP/chart,165.95,W,3-2U,REVSTRAT 3-2-2 (watch 2D),bear,136.49,153.01,12,False,2U,Bullish Marubozu-like,ALERT if price < 136.49 (RevStrat bear); stop > 153.01,RevStrat after 3-2U: watch for 2D reversal (3-2U-2D),2U,2U,1,2U,2U,Unknown,Unknown,ARKK|QQQ,2,"ARKK, QQQ"
2026-10-07 16:23:57 EDT,C,https://finance.yahoo.com/quote/C/chart,127.29,Q,2U-1,1-2 BREAK_UP,bull,144.71,126.78,3,True,1,Bearish Candle,ALERT if price > 144.71 (inside break UP); stop < 126.78,Inside bar break UP (1-2),2U,1,3,2D,3,Financials,Unknown,XLF,1,XLF
2026-10-07 16:23:57 EDT,C,https://finance.yahoo.com/quote/C/chart,127.29,Q,2U-1,1-2 BREAK_DOWN,bear,126.78,144.71,3,False,1,Bearish Candle,ALERT if price < 126.78 (inside break DOWN); stop > 144.71,Inside bar break DOWN (1-2),2U,1,3,2D,3,Financials,Unknown,XLF,1,XLF
2026-10-07 16:23:57 EDT,C,https://finance.yahoo.com/quote/C/chart,127.29,M,1-3,3-2 BREAK_UP,bull,141.27,129.45,3,True,3,Bearish Shooting-Star-like,ALERT if price > 141.27 (outside break UP); stop < 129.45,Outside bar break UP (3-2),2U,1,3,2D,3,Financials,Unknown,XLF,1,XLF
2026-10-07 16:23:57 EDT,C,https://finance.yahoo.com/quote/C/chart,127.29,M,1-3,3-2 BREAK_DOWN,bear,129.45,141.27,3,False,3,Bearish Shooting-Star-like,ALERT if price < 129.45 (outside break DOWN); stop > 141.27,Outside bar break DOWN (3-2),2U,1,3,2D,3,Financials,Unknown,XLF,1,XLF
2026-10-07 16:23:57 EDT,C,https://finance.yahoo.com/quote/C/chart,127.29,W,1-2D,REVSTRAT 1-2-2 (watch 2U),bull,133.96,123.57,3,True,2D,Bearish Candle,ALERT if price > 133.96 (RevStrat bull); stop < 123.57,RevStrat after 1-2D: watch for 2U reversal (1-2D-2U),2U,1,3,2D,3,Financials,Unknown,XLF,1,XLF
2026-10-07 16:23:57 EDT,C,https://finance.yahoo.com/quote/C/chart,127.29,D,2U-3,3-2 BREAK_UP,bull,130.07,127.96,3,True,3,Bearish Candle,ALERT if price > 130.07 (outside break UP); stop < 127.96,Outside bar break UP (3-2),2U,1,3,2D,3,Financials,Unknown,XLF,1,XLF
2026-10-07 16:23:57 EDT,C,https://finance.yahoo.com/quote/C/chart,127.29,D,2U-3,3-2 BREAK_DOWN,bear,127.96,130.07,3,False,3,Bearish Candle,ALERT if price < 127.96 (outside break DOWN); stop > 130.07,Outside bar break DOWN (3-2),2U,1,3,2D,3,Financials,Unknown,XLF,1,XLF
2026-10-07 16:23:57 EDT,C,https://finance.yahoo.com/quote/C/chart,127.29,1H,1-3,3-2 BREAK_UP,bull,126.79,126.35,3,True,3,Bullish Candle,ALERT if price > 126.79 (outside break UP); stop < 126.35,Outside bar break UP (3-2),2U,1,3,2D,3,Financials,Unknown,XLF,1,XLF
2026-10-07 16:23:57 EDT,C,https://finance.yahoo.com/quote/C/chart,127.29,1H,1-3,3-2 BREAK_DOWN,bear,126.35,126.79,3,False,3,Bullish Candle,ALERT if price < 126.35 (outside break DOWN); stop > 126.79,Outside bar break DOWN (3-2),2U,1,3,2D,3,Financials,Unknown,XLF,1,XLF
2026-10-07 16:23:57 EDT,MCD,https://finance.yahoo.com/quote/MCD/chart,230.86,Y,3-2U,REVSTRAT 3-2-2 (watch 2D),bear,276.53,326.32,-3,True,2U,Bullish Candle,ALERT if price < 276.53 (RevStrat bear); stop > 326.32,RevStrat after 3-2U: watch for 2D reversal (3-2U-2D),2U,2D,2D,2D,2U,Consumer Discretionary,Unknown,DIA|XLY,2,"DIA, XLY"
2026-10-07 16:23:57 EDT,MCD,https://finance.yahoo.com/quote/MCD/chart,230.86,D,3-2U,REVSTRAT 3-2-2 (watch 2D),bear,231.7,234.3,-3,True,2U,Bearish Candle,ALERT if price < 231.7 (RevStrat bear); stop > 234.3,RevStrat after 3-2U: watch for 2D reversal (3-2U-2D),2U,2D,2D,2D,2U,Consumer Discretionary,Unknown,DIA|XLY,2,"DIA, XLY"
2026-10-07 16:23:57 EDT,MCD,https://finance.yahoo.com/quote/MCD/chart,230.86,4H,3-2D,REVSTRAT 3-2-2 (watch 2U),bull,232.66,230.6,-3,False,2D,Bearish Candle,ALERT if price > 232.66 (RevStrat bull); stop < 230.6,RevStrat after 3-2D: watch for 2U reversal (3-2D-2U),2U,2D,2D,2D,2U,Consumer Discretionary,Unknown,DIA|XLY,2,"DIA, XLY"
2026-10-07 16:23:57 EDT,MCD,https://finance.yahoo.com/quote/MCD/chart,230.86,3H,3-1,1-2 BREAK_UP,bull,232.66,231.3,-3,False,1,Bullish Candle,ALERT if price > 232.66 (inside break UP); stop < 231.3,Inside bar break UP (1-2),2U,2D,2D,2D,2U,Consumer Discretionary,Unknown,DIA|XLY,2,"DIA, XLY"
2026-10-07 16:23:57 EDT,MCD,https://finance.yahoo.com/quote/MCD/chart,230.86,3H,3-1,1-2 BREAK_DOWN,bear,231.3,232.66,-3,True,1,Bullish Candle,ALERT if price < 231.3 (inside break DOWN); stop > 232.66,Inside bar break DOWN (1-2),2U,2D,2D,2D,2U,Consumer Discretionary,Unknown,DIA|XLY,2,"DIA, XLY"
2026-10-07 16:23:57 EDT,MCD,https://finance.yahoo.com/quote/MCD/chart,230.86,1H,3-2D,REVSTRAT 3-2-2 (watch 2U),bull,231.97,231.22,-3,False,2D,Bearish Candle,ALERT if price > 231.97 (RevStrat bull); stop < 231.22,RevStrat after 3-2D: watch for 2U reversal (3-2D-2U),2U,2D,2D,2D,2U,Consumer Discretionary,Unknown,DIA|XLY,2,"DIA, XLY"
2026-10-07 16:23:57 EDT,SHEL,https://finance.yahoo.com/quote/SHEL/chart,96.86,Y,2U-3,3-2 BREAK_UP,bull,77.47,58.54,6,True,3,Bullish Candle,ALERT if price > 77.47 (outside break UP); stop < 58.54,Outside bar break UP (3-2),3,3,2U,2U,2U,Unknown,Unknown,,0,
2026-10-07 16:23:57 EDT,SHEL,https://finance.yahoo.com/quote/SHEL/chart,96.86,Y,2U-3,3-2 BREAK_DOWN,bear,58.54,77.47,6,False,3,Bullish Candle,ALERT if price < 58.54 (outside break DOWN); stop > 77.47,Outside bar break DOWN (3-2),3,3,2U,2U,2U,Unknown,Unknown,,0,
2026-10-07 16:23:57 EDT,SHEL,https://finance.yahoo.com/quote/SHEL/chart,96.86,Q,1-3,3-2 BREAK_UP,bull,99.15,76.26,6,True,3,Bullish Candle,ALERT if price > 99.15 (outside break UP); stop < 76.26,Outside bar break UP (3-2),3,3,2U,2U,2U,Unknown,Unknown,,0,
2026-10-07 16:23:57 EDT,SHEL,https://finance.yahoo.com/quote/SHEL/chart,96.86,Q,1-3,3-2 BREAK_DOWN,bear,76.26,99.15,6,False,3,Bullish Candle,ALERT if price < 76.26 (outside break DOWN); stop > 99.15,Outside bar break DOWN (3-2),3,3,2U,2U,2U,Unknown,Unknown,,0,
2026-10-07 16:23:57 EDT,SHEL,https://finance.yahoo.com/quote/SHEL/chart,96.86,D,3-2U,REVSTRAT 3-2-2 (watch 2D),bear,96.1,98.25,6,False,2U,Bullish Candle,ALERT if price < 96.1 (RevStrat bear); stop > 98.25,RevStrat after 3-2U: watch for 2D reversal (3-2U-2D),3,3,2U,2U,2U,Unknown,Unknown,,0,
2026-10-07 16:23:57 EDT,ISRG,https://finance.yahoo.com/quote/ISRG/chart,414.42,M,1-3,3-2 BREAK_UP,bull,416.51,345.25,4,True,3,Bullish Candle,ALERT if price > 416.51 (outside break UP); stop < 345.25,Outside bar break UP (3-2),2U,2D,3,2U,2U,Health Care,Unknown,QQQ|XLV,2,"QQQ, XLV"
2026-10-07 16:23:57 EDT,ISRG,https://finance.yahoo.com/quote/ISRG/chart,414.42,M,1-3,3-2 BREAK_DOWN,bear,345.25,416.51,4,False,3,Bullish Candle,ALERT if price < 345.25 (outside break DOWN); stop > 416.51,Outside bar break DOWN (3-2),2U,2D,3,2U,2U,Health Care,Unknown,QQQ|XLV,2,"QQQ, XLV"
2026-10-07 16:23:57 EDT,ISRG,https://finance.yahoo.com/quote/ISRG/chart,414.42,D,3-2U,REVSTRAT 3-2-2 (watch 2D),bear,402.0,409.34,4,False,2U,Doji,ALERT if price < 402.0 (RevStrat bear); stop > 409.34,RevStrat after 3-2U: watch for 2D reversal (3-2U-2D),2U,2D,3,2U,2U,Health Care,Unknown,QQQ|XLV,2,"QQQ, XLV"
2026-10-07 16:23:57 EDT,ISRG,https://finance.yahoo.com/quote/ISRG/chart,414.42,4H,2U-1,1-2 BREAK_UP,bull,416.33,411.57,4,True,1,Bullish Candle,ALERT if price > 416.33 (inside break UP); stop < 411.57,Inside bar break UP (1-2),2U,2D,3,2U,2U,Health Care,Unknown,QQQ|XLV,2,"QQQ, XLV"
2026-10-07 16:23:57 EDT,ISRG,https://finance.yahoo.com/quote/ISRG/chart,414.42,4H,2U-1,1-2 BREAK_DOWN,bear,411.57,416.33,4,False,1,Bullish Candle,ALERT if price < 411.57 (inside break DOWN); stop > 416.33,Inside bar break DOWN (1-2),2U,2D,3,2U,2U,Health Care,Unknown,QQQ|XLV,2,"QQQ, XLV"
2026-10-07 16:23:57 EDT,ISRG,https://finance.yahoo.com/quote/ISRG/chart,414.42,3H,3-1,1-2 BREAK_UP,bull,416.33,411.76,4,True,1,Bullish Candle,ALERT if price > 416.33 (inside break UP); stop < 411.76,Inside bar break UP (1-2),2U,2D,3,2U,2U,Health Care,Unknown,QQQ|XLV,2,"QQQ, XLV"
2026-10-07 16:23:57 EDT,ISRG,https://finance.yahoo.com/quote/ISRG/chart,414.42,3H,3-1,1-2 BREAK_DOWN,bear,411.76,416.33,4,False,1,Bullish Candle,ALERT if price < 411.76 (inside break DOWN); stop > 416.33,Inside bar break DOWN (1-2),2U,2D,3,2U,2U,Health Care,Unknown,QQQ|XLV,2,"QQQ, XLV"
2026-10-07 16:23:57 EDT,ISRG,https://finance.yahoo.com/quote/ISRG/chart,414.42,1H,3-2D,REVSTRAT 3-2-2 (watch 2U),bull,415.46,412.13,4,True,2D,Bearish Shooting-Star-like,ALERT if price > 415.46 (RevStrat bull); stop < 412.13,RevStrat after 3-2D: watch for 2U reversal (3-2D-2U),2U,2D,3,2U,2U,Health Care,Unknown,QQQ|XLV,2,"QQQ, XLV"
2026-10-07 16:23:57 EDT,APP,https://finance.yahoo.com/quote/APP/chart,281.16,Q,1-2D,REVSTRAT 1-2-2 (watch 2U),bull,576.46,290.36,-4,False,2D,Bearish Candle,ALERT if price > 576.46 (RevStrat bull); stop < 290.36,RevStrat after 1-2D: watch for 2U reversal (1-2D-2U),2U,2D,2D,2D,1,Information Technology,Unknown,QQQ|XLK,2,"QQQ, XLK"
2026-10-07 16:23:57 EDT,APP,https://finance.yahoo.com/quote/APP/chart,281.16,D,2U-1,1-2 BREAK_UP,bull,283.76,276.66,-4,False,1,Bearish Candle,ALERT if price > 283.76 (inside break UP); stop < 276.66,Inside bar break UP (1-2),2U,2D,2D,2D,1,Information Technology,Unknown,QQQ|XLK,2,"QQQ, XLK"
2026-10-07 16:23:57 EDT,APP,https://finance.yahoo.com/quote/APP/chart,281.16,D,2U-1,1-2 BREAK_DOWN,bear,276.66,283.76,-4,True,1,Bearish Candle,ALERT if price < 276.66 (inside break DOWN); stop > 283.76,Inside bar break DOWN (1-2),2U,2D,2D,2D,1,Information Technology,Unknown,QQQ|XLK,2,"QQQ, XLK"
2026-10-07 16:23:57 EDT,DIS,https://finance.yahoo.com/quote/DIS/chart,104.76,Y,2U-3,3-2 BREAK_UP,bull,124.69,80.1,1,True,3,Doji,ALERT if price > 124.69 (outside break UP); stop < 80.1,Outside bar break UP (3-2),3,3,1,3,2U,Communication Services,Unknown,DIA,1,DIA
2026-10-07 16:23:57 EDT,DIS,https://finance.yahoo.com/quote/DIS/chart,104.76,Y,2U-3,3-2 BREAK_DOWN,bear,80.1,124.69,1,False,3,Doji,ALERT if price < 80.1 (outside break DOWN); stop > 124.69,Outside bar break DOWN (3-2),3,3,1,3,2U,Communication Services,Unknown,DIA,1,DIA
2026-10-07 16:23:57 EDT,DIS,https://finance.yahoo.com/quote/DIS/chart,104.76,Q,1-3,3-2 BREAK_UP,bull,111.87,92.49,1,True,3,Bullish Candle,ALERT if price > 111.87 (outside break UP); stop < 92.49,Outside bar break UP (3-2),3,3,1,3,2U,Communication Services,Unknown,DIA,1,DIA
2026-10-07 16:23:57 EDT,DIS,https://finance.yahoo.com/quote/DIS/chart,104.76,Q,1-3,3-2 BREAK_DOWN,bear,92.49,111.87,1,False,3,Bullish Candle,ALERT if price < 92.49 (outside break DOWN); stop > 111.87,Outside bar break DOWN (3-2),3,3,1,3,2U,Communication Services,Unknown,DIA,1,DIA
2026-10-07 16:23:57 EDT,DIS,https://finance.yahoo.com/quote/DIS/chart,104.76,M,2U-1,1-2 BREAK_UP,bull,109.42,102.37,1,True,1,Bearish Candle,ALERT if price > 109.42 (inside break UP); stop < 102.37,Inside bar break UP (1-2),3,3,1,3,2U,Communication Services,Unknown,DIA,1,DIA
2026-10-07 16:23:57 EDT,DIS,https://finance.yahoo.com/quote/DIS/chart,104.76,M,2U-1,1-2 BREAK_DOWN,bear,102.37,109.42,1,False,1,Bearish Candle,ALERT if price < 102.37 (inside break DOWN); stop > 109.42,Inside bar break DOWN (1-2),3,3,1,3,2U,Communication Services,Unknown,DIA,1,DIA
2026-10-07 16:23:57 EDT,DIS,https://finance.yahoo.com/quote/DIS/chart,104.76,W,1-3,3-2 BREAK_UP,bull,106.58,101.15,1,True,3,Bearish Candle,ALERT if price > 106.58 (outside break UP); stop < 101.15,Outside bar break UP (3-2),3,3,1,3,2U,Communication Services,Unknown,DIA,1,DIA
2026-10-07 16:23:57 EDT,DIS,https://finance.yahoo.com/quote/DIS/chart,104.76,W,1-3,3-2 BREAK_DOWN,bear,101.15,106.58,1,False,3,Bearish Candle,ALERT if price < 101.15 (outside break DOWN); stop > 106.58,Outside bar break DOWN (3-2),3,3,1,3,2U,Communication Services,Unknown,DIA,1,DIA
2026-10-07 16:23:57 EDT,DIS,https://finance.yahoo.com/quote/DIS/chart,104.76,4H,3-2U,REVSTRAT 3-2-2 (watch 2D),bear,104.13,105.21,1,False,2U,Bullish Candle,ALERT if price < 104.13 (RevStrat bear); stop > 105.21,RevStrat after 3-2U: watch for 2D reversal (3-2U-2D),3,3,1,3,2U,Communication Services,Unknown,DIA,1,DIA
2026-10-07 16:23:57 EDT,LIN,https://finance.yahoo.com/quote/LIN/chart,483.94,Q,2U-3,3-2 BREAK_UP,bull,548.2,454.19,-5,False,3,Bearish Candle,ALERT if price > 548.2 (outside break UP); stop < 454.19,Outside bar break UP (3-2),2D,3,2D,2U,2U,Materials,Unknown,QQQ,1,QQQ
2026-10-07 16:23:57 EDT,LIN,https://finance.yahoo.com/quote/LIN/chart,483.94,Q,2U-3,3-2 BREAK_DOWN,bear,454.19,548.2,-5,True,3,Bearish Candle,ALERT if price < 454.19 (outside break DOWN); stop > 548.2,Outside bar break DOWN (3-2),2D,3,2D,2U,2U,Materials,Unknown,QQQ,1,QQQ
2026-10-07 16:23:57 EDT,LIN,https://finance.yahoo.com/quote/LIN/chart,483.94,M,1-2D,REVSTRAT 1-2-2 (watch 2U),bull,491.98,454.19,-5,False,2D,Bearish Candle,ALERT if price > 491.98 (RevStrat bull); stop < 454.19,RevStrat after 1-2D: watch for 2U reversal (1-2D-2U),2D,3,2D,2U,2U,Materials,Unknown,QQQ,1,QQQ
2026-10-07 16:23:57 EDT,LIN,https://finance.yahoo.com/quote/LIN/chart,483.94,3H,2D-1,1-2 BREAK_UP,bull,488.88,484.86,-5,False,1,Bearish Candle,ALERT if price > 488.88 (inside break UP); stop < 484.86,Inside bar break UP (1-2),2D,3,2D,2U,2U,Materials,Unknown,QQQ,1,QQQ
2026-10-07 16:23:57 EDT,LIN,https://finance.yahoo.com/quote/LIN/chart,483.94,3H,2D-1,1-2 BREAK_DOWN,bear,484.86,488.88,-5,True,1,Bearish Candle,ALERT if price < 484.86 (inside break DOWN); stop > 488.88,Inside bar break DOWN (1-2),2D,3,2D,2U,2U,Materials,Unknown,QQQ,1,QQQ
2026-10-07 16:23:57 EDT,LIN,https://finance.yahoo.com/quote/LIN/chart,483.94,2H,3-2D,REVSTRAT 3-2-2 (watch 2U),bull,486.26,483.69,-5,False,2D,Bearish Candle,ALERT if price > 486.26 (RevStrat bull); stop < 483.69,RevStrat after 3-2D: watch for 2U reversal (3-2D-2U),2D,3,2D,2U,2U,Materials,Unknown,QQQ,1,QQQ
2026-10-07 16:23:57 EDT,LIN,https://finance.yahoo.com/quote/LIN/chart,483.94,1H,2D-1,1-2 BREAK_UP,bull,486.26,484.94,-5,False,1,Doji,ALERT if price > 486.26 (inside break UP); stop < 484.94,Inside bar break UP (1-2),2D,3,2D,2U,2U,Materials,Unknown,QQQ,1,QQQ
2026-10-07 16:23:57 EDT,LIN,https://finance.yahoo.com/quote/LIN/chart,483.94,1H,2D-1,1-2 BREAK_DOWN,bear,484.94,486.26,-5,True,1,Doji,ALERT if price < 484.94 (inside break DOWN); stop > 486.26,Inside bar break DOWN (1-2),2D,3,2D,2U,2U,Materials,Unknown,QQQ,1,QQQ
2026-10-07 16:23:57 EDT,BX,https://finance.yahoo.com/quote/BX/chart,111.81,Y,2U-1,1-2 BREAK_UP,bull,190.09,115.66,0,False,1,Bearish Candle,ALERT if price > 190.09 (inside break UP); stop < 115.66,Inside bar break UP (1-2),1,2U,2D,2D,2U,Financials,Unknown,XLF,1,XLF
2026-10-07 16:23:57 EDT,BX,https://finance.yahoo.com/quote/BX/chart,111.81,Y,2U-1,1-2 BREAK_DOWN,bear,115.66,190.09,0,False,1,Bearish Candle,ALERT if price < 115.66 (inside break DOWN); stop > 190.09,Inside bar break DOWN (1-2),1,2U,2D,2D,2U,Financials,Unknown,XLF,1,XLF
2026-10-07 16:23:57 EDT,BX,https://finance.yahoo.com/quote/BX/chart,111.81,Q,1-2U,REVSTRAT 1-2-2 (watch 2D),bear,111.93,150.24,0,False,2U,Bearish Shooting-Star-like,ALERT if price < 111.93 (RevStrat bear); stop > 150.24,RevStrat after 1-2U: watch for 2D reversal (1-2U-2D),1,2U,2D,2D,2U,Financials,Unknown,XLF,1,XLF
2026-10-07 16:23:57 EDT,BX,https://finance.yahoo.com/quote/BX/chart,111.81,4H,2D-1,1-2 BREAK_UP,bull,112.04,111.07,0,False,1,Doji,ALERT if price > 112.04 (inside break UP); stop < 111.07,Inside bar break UP (1-2),1,2U,2D,2D,2U,Financials,Unknown,XLF,1,XLF
2026-10-07 16:23:57 EDT,BX,https://finance.yahoo.com/quote/BX/chart,111.81,4H,2D-1,1-2 BREAK_DOWN,bear,111.07,112.04,0,False,1,Doji,ALERT if price < 111.07 (inside break DOWN); stop > 112.04,Inside bar break DOWN (1-2),1,2U,2D,2D,2U,Financials,Unknown,XLF,1,XLF
2026-10-07 16:23:57 EDT,BX,https://finance.yahoo.com/quote/BX/chart,111.81,3H,2D-1,1-2 BREAK_UP,bull,112.0,110.71,0,False,1,Bullish Candle,ALERT if price > 112.0 (inside break UP); stop < 110.71,Inside bar break UP (1-2),1,2U,2D,2D,2U,Financials,Unknown,XLF,1,XLF
2026-10-07 16:23:57 EDT,BX,https://finance.yahoo.com/quote/BX/chart,111.81,3H,2D-1,1-2 BREAK_DOWN,bear,110.71,112.0,0,False,1,Bullish Candle,ALERT if price < 110.71 (inside break DOWN); stop > 112.0,Inside bar break DOWN (1-2),1,2U,2D,2D,2U,Financials,Unknown,XLF,1,XLF
2026-10-07 16:23:57 EDT,BX,https://finance.yahoo.com/quote/BX/chart,111.81,2H,1-2U,REVSTRAT 1-2-2 (watch 2D),bear,111.52,112.04,0,False,2U,Doji,ALERT if price < 111.52 (RevStrat bear); stop > 112.04,RevStrat after 1-2U: watch for 2D reversal (1-2U-2D),1,2U,2D,2D,2U,Financials,Unknown,XLF,1,XLF
2026-10-07 16:23:57 EDT,INTC,https://finance.yahoo.com/quote/INTC/chart,113.06,Q,2U-1,1-2 BREAK_UP,bull,135.74,81.79,-4,False,1,Bearish Hanging-Man-like,ALERT if price > 135.74 (inside break UP); stop < 81.79,Inside bar break UP (1-2),2D,1,2U,2D,3,Information Technology,Unknown,QQQ|SMH|XLK,3,"QQQ, SMH, XLK"
2026-10-07 16:23:57 EDT,INTC,https://finance.yahoo.com/quote/INTC/chart,113.06,Q,2U-1,1-2 BREAK_DOWN,bear,81.79,135.74,-4,True,1,Bearish Hanging-Man-like,ALERT if price < 81.79 (inside break DOWN); stop > 135.74,Inside bar break DOWN (1-2),2D,1,2U,2D,3,Information Technology,Unknown,QQQ|SMH|XLK,3,"QQQ, SMH, XLK"
2026-10-07 16:23:57 EDT,INTC,https://finance.yahoo.com/quote/INTC/chart,113.06,M,1-2U,REVSTRAT 1-2-2 (watch 2D),bear,85.72,127.44,-4,True,2U,Bullish Candle,ALERT if price < 85.72 (RevStrat bear); stop > 127.44,RevStrat after 1-2U: watch for 2D reversal (1-2U-2D),2D,1,2U,2D,3,Information Technology,Unknown,QQQ|SMH|XLK,3,"QQQ, SMH, XLK"
2026-10-07 16:23:57 EDT,INTC,https://finance.yahoo.com/quote/INTC/chart,113.06,D,2D-3,3-2 BREAK_UP,bull,118.2,112.0,-4,False,3,Bearish Candle,ALERT if price > 118.2 (outside break UP); stop < 112.0,Outside bar break UP (3-2),2D,1,2U,2D,3,Information Technology,Unknown,QQQ|SMH|XLK,3,"QQQ, SMH, XLK"
2026-10-07 16:23:57 EDT,INTC,https://finance.yahoo.com/quote/INTC/chart,113.06,D,2D-3,3-2 BREAK_DOWN,bear,112.0,118.2,-4,True,3,Bearish Candle,ALERT if price < 112.0 (outside break DOWN); stop > 118.2,Outside bar break DOWN (3-2),2D,1,2U,2D,3,Information Technology,Unknown,QQQ|SMH|XLK,3,"QQQ, SMH, XLK"
2026-10-07 16:23:57 EDT,INTC,https://finance.yahoo.com/quote/INTC/chart,113.06,4H,3-1,1-2 BREAK_UP,bull,113.58,112.25,-4,False,1,Doji,ALERT if price > 113.58 (inside break UP); stop < 112.25,Inside bar break UP (1-2),2D,1,2U,2D,3,Information Technology,Unknown,QQQ|SMH|XLK,3,"QQQ, SMH, XLK"
2026-10-07 16:23:57 EDT,INTC,https://finance.yahoo.com/quote/INTC/chart,113.06,4H,3-1,1-2 BREAK_DOWN,bear,112.25,113.58,-4,True,1,Doji,ALERT if price < 112.25 (inside break DOWN); stop > 113.58,Inside bar break DOWN (1-2),2D,1,2U,2D,3,Information Technology,Unknown,QQQ|SMH|XLK,3,"QQQ, SMH, XLK"
2026-10-07 16:23:57 EDT,INTC,https://finance.yahoo.com/quote/INTC/chart,113.06,3H,3-1,1-2 BREAK_UP,bull,113.94,112.51,-4,False,1,Bearish Candle,ALERT if price > 113.94 (inside break UP); stop < 112.51,Inside bar break UP (1-2),2D,1,2U,2D,3,Information Technology,Unknown,QQQ|SMH|XLK,3,"QQQ, SMH, XLK"
2026-10-07 16:23:57 EDT,INTC,https://finance.yahoo.com/quote/INTC/chart,113.06,3H,3-1,1-2 BREAK_DOWN,bear,112.51,113.94,-4,True,1,Bearish Candle,ALERT if price < 112.51 (inside break DOWN); stop > 113.94,Inside bar break DOWN (1-2),2D,1,2U,2D,3,Information Technology,Unknown,QQQ|SMH|XLK,3,"QQQ, SMH, XLK"
2026-10-07 16:23:57 EDT,INTC,https://finance.yahoo.com/quote/INTC/chart,113.06,2H,2D-3,3-2 BREAK_UP,bull,113.58,112.25,-4,False,3,Bullish Candle,ALERT if price > 113.58 (outside break UP); stop < 112.25,Outside bar break UP (3-2),2D,1,2U,2D,3,Information Technology,Unknown,QQQ|SMH|XLK,3,"QQQ, SMH, XLK"
2026-10-07 16:23:57 EDT,INTC,https://finance.yahoo.com/quote/INTC/chart,113.06,2H,2D-3,3-2 BREAK_DOWN,bear,112.25,113.58,-4,True,3,Bullish Candle,ALERT if price < 112.25 (outside break DOWN); stop > 113.58,Outside bar break DOWN (3-2),2D,1,2U,2D,3,Information Technology,Unknown,QQQ|SMH|XLK,3,"QQQ, SMH, XLK"
2026-10-07 16:23:57 EDT,QCOM,https://finance.yahoo.com/quote/QCOM/chart,177.12,Q,3-1,1-2 BREAK_UP,bull,205.85,142.89,-3,False,1,Doji,ALERT if price > 205.85 (inside break UP); stop < 142.89,Inside bar break UP (1-2),2D,1,2U,1,2D,Information Technology,Unknown,QQQ|SMH|XLK,3,"QQQ, SMH, XLK"
2026-10-07 16:23:57 EDT,QCOM,https://finance.yahoo.com/quote/QCOM/chart,177.12,Q,3-1,1-2 BREAK_DOWN,bear,142.89,205.85,-3,True,1,Doji,ALERT if price < 142.89 (inside break DOWN); stop > 205.85,Inside bar break DOWN (1-2),2D,1,2U,1,2D,Information Technology,Unknown,QQQ|SMH|XLK,3,"QQQ, SMH, XLK"
2026-10-07 16:23:57 EDT,QCOM,https://finance.yahoo.com/quote/QCOM/chart,177.12,W,2U-1,1-2 BREAK_UP,bull,199.16,181.77,-3,False,1,Bearish Candle,ALERT if price > 199.16 (inside break UP); stop < 181.77,Inside bar break UP (1-2),2D,1,2U,1,2D,Information Technology,Unknown,QQQ|SMH|XLK,3,"QQQ, SMH, XLK"
2026-10-07 16:23:57 EDT,QCOM,https://finance.yahoo.com/quote/QCOM/chart,177.12,W,2U-1,1-2 BREAK_DOWN,bear,181.77,199.16,-3,True,1,Bearish Candle,ALERT if price < 181.77 (inside break DOWN); stop > 199.16,Inside bar break DOWN (1-2),2D,1,2U,1,2D,Information Technology,Unknown,QQQ|SMH|XLK,3,"QQQ, SMH, XLK"
2026-10-07 16:23:57 EDT,QCOM,https://finance.yahoo.com/quote/QCOM/chart,177.12,1H,1-2U,REVSTRAT 1-2-2 (watch 2D),bear,176.11,177.02,-3,True,2U,Bullish Candle,ALERT if price < 176.11 (RevStrat bear); stop > 177.02,RevStrat after 1-2U: watch for 2D reversal (1-2U-2D),2D,1,2U,1,2D,Information Technology,Unknown,QQQ|SMH|XLK,3,"QQQ, SMH, XLK"
2026-10-07 16:23:57 EDT,PEP,https://finance.yahoo.com/quote/PEP/chart,123.65,M,1-2D,REVSTRAT 1-2-2 (watch 2U),bull,141.71,126.42,-13,False,2D,Bearish Marubozu-like,ALERT if price > 141.71 (RevStrat bull); stop < 126.42,RevStrat after 1-2D: watch for 2U reversal (1-2D-2U),2D,2D,2D,2D,2U,Consumer Staples,Unknown,QQQ|XLP,2,"QQQ, XLP"
2026-10-07 16:23:57 EDT,PEP,https://finance.yahoo.com/quote/PEP/chart,123.65,3H,3-2D,REVSTRAT 3-2-2 (watch 2U),bull,124.74,123.78,-13,False,2D,Bearish Candle,ALERT if price > 124.74 (RevStrat bull); stop < 123.78,RevStrat after 3-2D: watch for 2U reversal (3-2D-2U),2D,2D,2D,2D,2U,Consumer Staples,Unknown,QQQ|XLP,2,"QQQ, XLP"
2026-10-07 16:23:57 EDT,PEP,https://finance.yahoo.com/quote/PEP/chart,123.65,1H,2D-3,3-2 BREAK_UP,bull,124.67,123.77,-13,False,3,Bearish Candle,ALERT if price > 124.67 (outside break UP); stop < 123.77,Outside bar break UP (3-2),2D,2D,2D,2D,2U,Consumer Staples,Unknown,QQQ|XLP,2,"QQQ, XLP"
2026-10-07 16:23:57 EDT,PEP,https://finance.yahoo.com/quote/PEP/chart,123.65,1H,2D-3,3-2 BREAK_DOWN,bear,123.77,124.67,-13,True,3,Bearish Candle,ALERT if price < 123.77 (outside break DOWN); stop > 124.67,Outside bar break DOWN (3-2),2D,2D,2D,2D,2U,Consumer Staples,Unknown,QQQ|XLP,2,"QQQ, XLP"
2026-10-07 16:23:57 EDT,MUFG,https://finance.yahoo.com/quote/MUFG/chart,22.66,M,1-2U,REVSTRAT 1-2-2 (watch 2D),bear,22.42,24.26,13,False,2U,Bullish Candle,ALERT if price < 22.42 (RevStrat bear); stop > 24.26,RevStrat after 1-2U: watch for 2D reversal (1-2U-2D),2U,2U,2U,3,2U,Unknown,Unknown,,0,
2026-10-07 16:23:57 EDT,MUFG,https://finance.yahoo.com/quote/MUFG/chart,22.66,W,2D-3,3-2 BREAK_UP,bull,23.59,22.21,13,True,3,Bearish Candle,ALERT if price > 23.59 (outside break UP); stop < 22.21,Outside bar break UP (3-2),2U,2U,2U,3,2U,Unknown,Unknown,,0,
2026-10-07 16:23:57 EDT,MUFG,https://finance.yahoo.com/quote/MUFG/chart,22.66,W,2D-3,3-2 BREAK_DOWN,bear,22.21,23.59,13,False,3,Bearish Candle,ALERT if price < 22.21 (outside break DOWN); stop > 23.59,Outside bar break DOWN (3-2),2U,2U,2U,3,2U,Unknown,Unknown,,0,
2026-10-07 16:23:57 EDT,MUFG,https://finance.yahoo.com/quote/MUFG/chart,22.66,4H,2D-1,1-2 BREAK_UP,bull,22.73,22.61,13,True,1,Doji,ALERT if price > 22.73 (inside break UP); stop < 22.61,Inside bar break UP (1-2),2U,2U,2U,3,2U,Unknown,Unknown,,0,
2026-10-07 16:23:57 EDT,MUFG,https://finance.yahoo.com/quote/MUFG/chart,22.66,4H,2D-1,1-2 BREAK_DOWN,bear,22.61,22.73,13,False,1,Doji,ALERT if price < 22.61 (inside break DOWN); stop > 22.73,Inside bar break DOWN (1-2),2U,2U,2U,3,2U,Unknown,Unknown,,0,
2026-10-07 16:23:57 EDT,MUFG,https://finance.yahoo.com/quote/MUFG/chart,22.66,3H,2D-1,1-2 BREAK_UP,bull,22.73,22.55,13,True,1,Bullish Candle,ALERT if price > 22.73 (inside break UP); stop < 22.55,Inside bar break UP (1-2),2U,2U,2U,3,2U,Unknown,Unknown,,0,
2026-10-07 16:23:57 EDT,MUFG,https://finance.yahoo.com/quote/MUFG/chart,22.66,3H,2D-1,1-2 BREAK_DOWN,bear,22.55,22.73,13,False,1,Bullish Candle,ALERT if price < 22.55 (inside break DOWN); stop > 22.73,Inside bar break DOWN (1-2),2U,2U,2U,3,2U,Unknown,Unknown,,0,
2026-10-07 16:23:57 EDT,MUFG,https://finance.yahoo.com/quote/MUFG/chart,22.66,2H,2U-1,1-2 BREAK_UP,bull,22.67,22.62,13,True,1,Doji,ALERT if price > 22.67 (inside break UP); stop < 22.62,Inside bar break UP (1-2),2U,2U,2U,3,2U,Unknown,Unknown,,0,
2026-10-07 16:23:57 EDT,MUFG,https://finance.yahoo.com/quote/MUFG/chart,22.66,2H,2U-1,1-2 BREAK_DOWN,bear,22.62,22.67,13,False,1,Doji,ALERT if price < 22.62 (inside break DOWN); stop > 22.67,Inside bar break DOWN (1-2),2U,2U,2U,3,2U,Unknown,Unknown,,0,
2026-10-07 16:23:57 EDT,MUFG,https://finance.yahoo.com/quote/MUFG/chart,22.66,1H,1-2D,REVSTRAT 1-2-2 (watch 2U),bull,22.67,22.62,13,True,2D,Doji,ALERT if price > 22.67 (RevStrat bull); stop < 22.62,RevStrat after 1-2D: watch for 2U reversal (1-2D-2U),2U,2U,2U,3,2U,Unknown,Unknown,,0,
2026-10-07 16:23:57 EDT,GEV,https://finance.yahoo.com/quote/GEV/chart,997.05,W,1-2U,REVSTRAT 1-2-2 (watch 2D),bear,942.0,1006.0,9,False,2U,Bullish Candle,ALERT if price < 942.0 (RevStrat bear); stop > 1006.0,RevStrat after 1-2U: watch for 2D reversal (1-2U-2D),2U,2U,2D,2U,2U,Industrials,Unknown,XLI,1,XLI
2026-10-07 16:23:57 EDT,GEV,https://finance.yahoo.com/quote/GEV/chart,997.05,D,1-2U,REVSTRAT 1-2-2 (watch 2D),bear,995.05,1052.78,9,False,2U,Bullish Candle,ALERT if price < 995.05 (RevStrat bear); stop > 1052.78,RevStrat after 1-2U: watch for 2D reversal (1-2U-2D),2U,2U,2D,2U,2U,Industrials,Unknown,XLI,1,XLI
2026-10-07 16:23:57 EDT,GEV,https://finance.yahoo.com/quote/GEV/chart,997.05,4H,2D-1,1-2 BREAK_UP,bull,1001.0,991.84,9,True,1,Doji,ALERT if price > 1001.0 (inside break UP); stop < 991.84,Inside bar break UP (1-2),2U,2U,2D,2U,2U,Industrials,Unknown,XLI,1,XLI
2026-10-07 16:23:57 EDT,GEV,https://finance.yahoo.com/quote/GEV/chart,997.05,4H,2D-1,1-2 BREAK_DOWN,bear,991.84,1001.0,9,False,1,Doji,ALERT if price < 991.84 (inside break DOWN); stop > 1001.0,Inside bar break DOWN (1-2),2U,2U,2D,2U,2U,Industrials,Unknown,XLI,1,XLI
2026-10-07 16:23:57 EDT,GEV,https://finance.yahoo.com/quote/GEV/chart,997.05,3H,2D-1,1-2 BREAK_UP,bull,1001.0,988.0,9,True,1,Bullish Candle,ALERT if price > 1001.0 (inside break UP); stop < 988.0,Inside bar break UP (1-2),2U,2U,2D,2U,2U,Industrials,Unknown,XLI,1,XLI
2026-10-07 16:23:57 EDT,GEV,https://finance.yahoo.com/quote/GEV/chart,997.05,3H,2D-1,1-2 BREAK_DOWN,bear,988.0,1001.0,9,False,1,Bullish Candle,ALERT if price < 988.0 (inside break DOWN); stop > 1001.0,Inside bar break DOWN (1-2),2U,2U,2D,2U,2U,Industrials,Unknown,XLI,1,XLI
2026-10-07 16:23:57 EDT,GEV,https://finance.yahoo.com/quote/GEV/chart,997.05,1H,3-2D,REVSTRAT 3-2-2 (watch 2U),bull,996.66,991.84,9,True,2D,Bullish Candle,ALERT if price > 996.66 (RevStrat bull); stop < 991.84,RevStrat after 3-2D: watch for 2U reversal (3-2D-2U),2U,2U,2D,2U,2U,Industrials,Unknown,XLI,1,XLI
2026-10-07 16:23:57 EDT,SCHW,https://finance.yahoo.com/quote/SCHW/chart,95.58,Y,1-2U,REVSTRAT 1-2-2 (watch 2D),bear,65.88,102.28,5,False,2U,Bullish Candle,ALERT if price < 65.88 (RevStrat bear); stop > 102.28,RevStrat after 1-2U: watch for 2D reversal (1-2U-2D),2U,2U,2D,2D,2U,Financials,Unknown,XLF,1,XLF
2026-10-07 16:23:57 EDT,SCHW,https://finance.yahoo.com/quote/SCHW/chart,95.58,D,1-2U,REVSTRAT 1-2-2 (watch 2D),bear,96.74,98.78,5,False,2U,Bearish Candle,ALERT if price < 96.74 (RevStrat bear); stop > 98.78,RevStrat after 1-2U: watch for 2D reversal (1-2U-2D),2U,2U,2D,2D,2U,Financials,Unknown,XLF,1,XLF
2026-10-07 16:23:57 EDT,SCHW,https://finance.yahoo.com/quote/SCHW/chart,95.58,4H,2D-1,1-2 BREAK_UP,bull,95.77,95.24,5,True,1,Doji,ALERT if price > 95.77 (inside break UP); stop < 95.24,Inside bar break UP (1-2),2U,2U,2D,2D,2U,Financials,Unknown,XLF,1,XLF
2026-10-07 16:23:57 EDT,SCHW,https://finance.yahoo.com/quote/SCHW/chart,95.58,4H,2D-1,1-2 BREAK_DOWN,bear,95.24,95.77,5,False,1,Doji,ALERT if price < 95.24 (inside break DOWN); stop > 95.77,Inside bar break DOWN (1-2),2U,2U,2D,2D,2U,Financials,Unknown,XLF,1,XLF
2026-10-07 16:23:57 EDT,SCHW,https://finance.yahoo.com/quote/SCHW/chart,95.58,3H,2D-1,1-2 BREAK_UP,bull,95.82,95.28,5,True,1,Gravestone Doji (bearish-leaning),ALERT if price > 95.82 (inside break UP); stop < 95.28,Inside bar break UP (1-2),2U,2U,2D,2D,2U,Financials,Unknown,XLF,1,XLF
2026-10-07 16:23:57 EDT,SCHW,https://finance.yahoo.com/quote/SCHW/chart,95.58,3H,2D-1,1-2 BREAK_DOWN,bear,95.28,95.82,5,False,1,Gravestone Doji (bearish-leaning),ALERT if price < 95.28 (inside break DOWN); stop > 95.82,Inside bar break DOWN (1-2),2U,2U,2D,2D,2U,Financials,Unknown,XLF,1,XLF
2026-10-07 16:23:57 EDT,SCHW,https://finance.yahoo.com/quote/SCHW/chart,95.58,2H,1-3,3-2 BREAK_UP,bull,95.77,95.24,5,True,3,Bullish Candle,ALERT if price > 95.77 (outside break UP); stop < 95.24,Outside bar break UP (3-2),2U,2U,2D,2D,2U,Financials,Unknown,XLF,1,XLF
2026-10-07 16:23:57 EDT,SCHW,https://finance.yahoo.com/quote/SCHW/chart,95.58,2H,1-3,3-2 BREAK_DOWN,bear,95.24,95.77,5,False,3,Bullish Candle,ALERT if price < 95.24 (outside break DOWN); stop > 95.77,Outside bar break DOWN (3-2),2U,2U,2D,2D,2U,Financials,Unknown,XLF,1,XLF
2026-10-07 16:23:57 EDT,SCHW,https://finance.yahoo.com/quote/SCHW/chart,95.58,1H,1-3,3-2 BREAK_UP,bull,95.67,95.24,5,True,3,Bullish Candle,ALERT if price > 95.67 (outside break UP); stop < 95.24,Outside bar break UP (3-2),2U,2U,2D,2D,2U,Financials,Unknown,XLF,1,XLF
2026-10-07 16:23:57 EDT,SCHW,https://finance.yahoo.com/quote/SCHW/chart,95.58,1H,1-3,3-2 BREAK_DOWN,bear,95.24,95.67,5,False,3,Bullish Candle,ALERT if price < 95.24 (outside break DOWN); stop > 95.67,Outside bar break DOWN (3-2),2U,2U,2D,2D,2U,Financials,Unknown,XLF,1,XLF
2026-10-07 16:23:57 EDT,KLAC,https://finance.yahoo.com/quote/KLAC/chart,196.76,Q,2U-1,1-2 BREAK_UP,bull,290.84,165.89,4,True,1,Bearish Candle,ALERT if price > 290.84 (inside break UP); stop < 165.89,Inside bar break UP (1-2),2U,1,2D,2U,3,Information Technology,Unknown,SMH|XLK,2,"SMH, XLK"
2026-10-07 16:23:57 EDT,KLAC,https://finance.yahoo.com/quote/KLAC/chart,196.76,Q,2U-1,1-2 BREAK_DOWN,bear,165.89,290.84,4,False,1,Bearish Candle,ALERT if price < 165.89 (inside break DOWN); stop > 290.84,Inside bar break DOWN (1-2),2U,1,2D,2U,3,Information Technology,Unknown,SMH|XLK,2,"SMH, XLK"
2026-10-07 16:23:57 EDT,KLAC,https://finance.yahoo.com/quote/KLAC/chart,196.76,M,1-2D,REVSTRAT 1-2-2 (watch 2U),bull,197.6,165.89,4,True,2D,Bullish Candle,ALERT if price > 197.6 (RevStrat bull); stop < 165.89,RevStrat after 1-2D: watch for 2U reversal (1-2D-2U),2U,1,2D,2U,3,Information Technology,Unknown,SMH|XLK,2,"SMH, XLK"
2026-10-07 16:23:57 EDT,KLAC,https://finance.yahoo.com/quote/KLAC/chart,196.76,D,2D-3,3-2 BREAK_UP,bull,207.66,196.83,4,True,3,Bearish Marubozu-like,ALERT if price > 207.66 (outside break UP); stop < 196.83,Outside bar break UP (3-2),2U,1,2D,2U,3,Information Technology,Unknown,SMH|XLK,2,"SMH, XLK"
2026-10-07 16:23:57 EDT,KLAC,https://finance.yahoo.com/quote/KLAC/chart,196.76,D,2D-3,3-2 BREAK_DOWN,bear,196.83,207.66,4,False,3,Bearish Marubozu-like,ALERT if price < 196.83 (outside break DOWN); stop > 207.66,Outside bar break DOWN (3-2),2U,1,2D,2U,3,Information Technology,Unknown,SMH|XLK,2,"SMH, XLK"
2026-10-07 16:23:57 EDT,BLK,https://finance.yahoo.com/quote/BLK/chart,1069.58,Q,1-2U,REVSTRAT 1-2-2 (watch 2D),bear,957.11,1187.17,5,False,2U,Bullish Candle,ALERT if price < 957.11 (RevStrat bear); stop > 1187.17,RevStrat after 1-2U: watch for 2D reversal (1-2U-2D),2U,2U,2D,2D,2U,Financials,Unknown,XLF,1,XLF
2026-10-07 16:23:57 EDT,BLK,https://finance.yahoo.com/quote/BLK/chart,1069.58,2H,2U-1,1-2 BREAK_UP,bull,1069.58,1065.08,5,True,1,Bullish Marubozu-like,ALERT if price > 1069.58 (inside break UP); stop < 1065.08,Inside bar break UP (1-2),2U,2U,2D,2D,2U,Financials,Unknown,XLF,1,XLF
2026-10-07 16:23:57 EDT,BLK,https://finance.yahoo.com/quote/BLK/chart,1069.58,2H,2U-1,1-2 BREAK_DOWN,bear,1065.08,1069.58,5,False,1,Bullish Marubozu-like,ALERT if price < 1065.08 (inside break DOWN); stop > 1069.58,Inside bar break DOWN (1-2),2U,2U,2D,2D,2U,Financials,Unknown,XLF,1,XLF
2026-10-07 16:23:57 EDT,BLK,https://finance.yahoo.com/quote/BLK/chart,1069.58,1H,2D-1,1-2 BREAK_UP,bull,1068.48,1065.08,5,True,1,Bullish Candle,ALERT if price > 1068.48 (inside break UP); stop < 1065.08,Inside bar break UP (1-2),2U,2U,2D,2D,2U,Financials,Unknown,XLF,1,XLF
2026-10-07 16:23:57 EDT,BLK,https://finance.yahoo.com/quote/BLK/chart,1069.58,1H,2D-1,1-2 BREAK_DOWN,bear,1065.08,1068.48,5,False,1,Bullish Candle,ALERT if price < 1065.08 (inside break DOWN); stop > 1068.48,Inside bar break DOWN (1-2),2U,2U,2D,2D,2U,Financials,Unknown,XLF,1,XLF
2026-10-07 16:23:57 EDT,INTU,https://finance.yahoo.com/quote/INTU/chart,297.23,Y,2U-3,3-2 BREAK_UP,bull,813.7,532.65,-4,False,3,Doji,ALERT if price > 813.7 (outside break UP); stop < 532.65,Outside bar break UP (3-2),3,1,2D,2D,2U,Information Technology,Unknown,XLK,1,XLK
2026-10-07 16:23:57 EDT,INTU,https://finance.yahoo.com/quote/INTU/chart,297.23,Y,2U-3,3-2 BREAK_DOWN,bear,532.65,813.7,-4,True,3,Doji,ALERT if price < 532.65 (outside break DOWN); stop > 813.7,Outside bar break DOWN (3-2),3,1,2D,2D,2U,Information Technology,Unknown,XLK,1,XLK
2026-10-07 16:23:57 EDT,INTU,https://finance.yahoo.com/quote/INTU/chart,297.23,Q,2D-1,1-2 BREAK_UP,bull,372.98,259.37,-4,False,1,Gravestone Doji (bearish-leaning),ALERT if price > 372.98 (inside break UP); stop < 259.37,Inside bar break UP (1-2),3,1,2D,2D,2U,Information Technology,Unknown,XLK,1,XLK
2026-10-07 16:23:57 EDT,INTU,https://finance.yahoo.com/quote/INTU/chart,297.23,Q,2D-1,1-2 BREAK_DOWN,bear,259.37,372.98,-4,True,1,Gravestone Doji (bearish-leaning),ALERT if price < 259.37 (inside break DOWN); stop > 372.98,Inside bar break DOWN (1-2),3,1,2D,2D,2U,Information Technology,Unknown,XLK,1,XLK
2026-10-07 16:23:57 EDT,AMGN,https://finance.yahoo.com/quote/AMGN/chart,413.0,Y,2U-1,1-2 BREAK_UP,bull,346.38,257.05,3,True,1,Bullish Candle,ALERT if price > 346.38 (inside break UP); stop < 257.05,Inside bar break UP (1-2),1,2U,2D,2U,3,Health Care,Unknown,DIA|XLV,2,"DIA, XLV"
2026-10-07 16:23:57 EDT,AMGN,https://finance.yahoo.com/quote/AMGN/chart,413.0,Y,2U-1,1-2 BREAK_DOWN,bear,257.05,346.38,3,False,1,Bullish Candle,ALERT if price < 257.05 (inside break DOWN); stop > 346.38,Inside bar break DOWN (1-2),1,2U,2D,2U,3,Health Care,Unknown,DIA|XLV,2,"DIA, XLV"
2026-10-07 16:23:57 EDT,AMGN,https://finance.yahoo.com/quote/AMGN/chart,413.0,Q,1-2U,REVSTRAT 1-2-2 (watch 2D),bear,353.95,447.03,3,False,2U,Bullish Candle,ALERT if price < 353.95 (RevStrat bear); stop > 447.03,RevStrat after 1-2U: watch for 2D reversal (1-2U-2D),1,2U,2D,2U,3,Health Care,Unknown,DIA|XLV,2,"DIA, XLV"
2026-10-07 16:23:57 EDT,AMGN,https://finance.yahoo.com/quote/AMGN/chart,413.0,D,2D-3,3-2 BREAK_UP,bull,405.0,396.01,3,True,3,Doji,ALERT if price > 405.0 (outside break UP); stop < 396.01,Outside bar break UP (3-2),1,2U,2D,2U,3,Health Care,Unknown,DIA|XLV,2,"DIA, XLV"
2026-10-07 16:23:57 EDT,AMGN,https://finance.yahoo.com/quote/AMGN/chart,413.0,D,2D-3,3-2 BREAK_DOWN,bear,396.01,405.0,3,False,3,Doji,ALERT if price < 396.01 (outside break DOWN); stop > 405.0,Outside bar break DOWN (3-2),1,2U,2D,2U,3,Health Care,Unknown,DIA|XLV,2,"DIA, XLV"
2026-10-07 16:23:57 EDT,AMGN,https://finance.yahoo.com/quote/AMGN/chart,413.0,4H,2U-1,1-2 BREAK_UP,bull,414.15,410.87,3,True,1,Bearish Candle,ALERT if price > 414.15 (inside break UP); stop < 410.87,Inside bar break UP (1-2),1,2U,2D,2U,3,Health Care,Unknown,DIA|XLV,2,"DIA, XLV"
2026-10-07 16:23:57 EDT,AMGN,https://finance.yahoo.com/quote/AMGN/chart,413.0,4H,2U-1,1-2 BREAK_DOWN,bear,410.87,414.15,3,False,1,Bearish Candle,ALERT if price < 410.87 (inside break DOWN); stop > 414.15,Inside bar break DOWN (1-2),1,2U,2D,2U,3,Health Care,Unknown,DIA|XLV,2,"DIA, XLV"
2026-10-07 16:23:57 EDT,AMGN,https://finance.yahoo.com/quote/AMGN/chart,413.0,3H,2U-1,1-2 BREAK_UP,bull,415.52,411.64,3,True,1,Bearish Candle,ALERT if price > 415.52 (inside break UP); stop < 411.64,Inside bar break UP (1-2),1,2U,2D,2U,3,Health Care,Unknown,DIA|XLV,2,"DIA, XLV"
2026-10-07 16:23:57 EDT,AMGN,https://finance.yahoo.com/quote/AMGN/chart,413.0,3H,2U-1,1-2 BREAK_DOWN,bear,411.64,415.52,3,False,1,Bearish Candle,ALERT if price < 411.64 (inside break DOWN); stop > 415.52,Inside bar break DOWN (1-2),1,2U,2D,2U,3,Health Care,Unknown,DIA|XLV,2,"DIA, XLV"
2026-10-07 16:23:57 EDT,AMGN,https://finance.yahoo.com/quote/AMGN/chart,413.0,1H,1-3,3-2 BREAK_UP,bull,413.86,410.87,3,True,3,Bearish Candle,ALERT if price > 413.86 (outside break UP); stop < 410.87,Outside bar break UP (3-2),1,2U,2D,2U,3,Health Care,Unknown,DIA|XLV,2,"DIA, XLV"
2026-10-07 16:23:57 EDT,AMGN,https://finance.yahoo.com/quote/AMGN/chart,413.0,1H,1-3,3-2 BREAK_DOWN,bear,410.87,413.86,3,False,3,Bearish Candle,ALERT if price < 410.87 (outside break DOWN); stop > 413.86,Outside bar break DOWN (3-2),1,2U,2D,2U,3,Health Care,Unknown,DIA|XLV,2,"DIA, XLV"
2026-10-07 16:23:57 EDT,UBER,https://finance.yahoo.com/quote/UBER/chart,68.44,Q,2D-3,3-2 BREAK_UP,bull,82.36,65.41,3,True,3,Bearish Candle,ALERT if price > 82.36 (outside break UP); stop < 65.41,Outside bar break UP (3-2),2U,3,1,2D,1,Industrials,Unknown,XLI,1,XLI
2026-10-07 16:23:57 EDT,UBER,https://finance.yahoo.com/quote/UBER/chart,68.44,Q,2D-3,3-2 BREAK_DOWN,bear,65.41,82.36,3,False,3,Bearish Candle,ALERT if price < 65.41 (outside break DOWN); stop > 82.36,Outside bar break DOWN (3-2),2U,3,1,2D,1,Industrials,Unknown,XLI,1,XLI
2026-10-07 16:23:57 EDT,UBER,https://finance.yahoo.com/quote/UBER/chart,68.44,M,2U-1,1-2 BREAK_UP,bull,78.35,67.73,3,True,1,Bearish Candle,ALERT if price > 78.35 (inside break UP); stop < 67.73,Inside bar break UP (1-2),2U,3,1,2D,1,Industrials,Unknown,XLI,1,XLI
2026-10-07 16:23:57 EDT,UBER,https://finance.yahoo.com/quote/UBER/chart,68.44,M,2U-1,1-2 BREAK_DOWN,bear,67.73,78.35,3,False,1,Bearish Candle,ALERT if price < 67.73 (inside break DOWN); stop > 78.35,Inside bar break DOWN (1-2),2U,3,1,2D,1,Industrials,Unknown,XLI,1,XLI
2026-10-07 16:23:57 EDT,UBER,https://finance.yahoo.com/quote/UBER/chart,68.44,D,2U-1,1-2 BREAK_UP,bull,69.94,68.76,3,True,1,Bearish Candle,ALERT if price > 69.94 (inside break UP); stop < 68.76,Inside bar break UP (1-2),2U,3,1,2D,1,Industrials,Unknown,XLI,1,XLI
2026-10-07 16:23:57 EDT,UBER,https://finance.yahoo.com/quote/UBER/chart,68.44,D,2U-1,1-2 BREAK_DOWN,bear,68.76,69.94,3,False,1,Bearish Candle,ALERT if price < 68.76 (inside break DOWN); stop > 69.94,Inside bar break DOWN (1-2),2U,3,1,2D,1,Industrials,Unknown,XLI,1,XLI
2026-10-07 16:23:57 EDT,UBER,https://finance.yahoo.com/quote/UBER/chart,68.44,4H,3-1,1-2 BREAK_UP,bull,68.75,68.36,3,True,1,Bearish Candle,ALERT if price > 68.75 (inside break UP); stop < 68.36,Inside bar break UP (1-2),2U,3,1,2D,1,Industrials,Unknown,XLI,1,XLI
2026-10-07 16:23:57 EDT,UBER,https://finance.yahoo.com/quote/UBER/chart,68.44,4H,3-1,1-2 BREAK_DOWN,bear,68.36,68.75,3,False,1,Bearish Candle,ALERT if price < 68.36 (inside break DOWN); stop > 68.75,Inside bar break DOWN (1-2),2U,3,1,2D,1,Industrials,Unknown,XLI,1,XLI
2026-10-07 16:23:57 EDT,UBER,https://finance.yahoo.com/quote/UBER/chart,68.44,3H,3-1,1-2 BREAK_UP,bull,68.65,68.29,3,True,1,Bullish Candle,ALERT if price > 68.65 (inside break UP); stop < 68.29,Inside bar break UP (1-2),2U,3,1,2D,1,Industrials,Unknown,XLI,1,XLI
2026-10-07 16:23:57 EDT,UBER,https://finance.yahoo.com/quote/UBER/chart,68.44,3H,3-1,1-2 BREAK_DOWN,bear,68.29,68.65,3,False,1,Bullish Candle,ALERT if price < 68.29 (inside break DOWN); stop > 68.65,Inside bar break DOWN (1-2),2U,3,1,2D,1,Industrials,Unknown,XLI,1,XLI
2026-10-07 16:23:57 EDT,UBER,https://finance.yahoo.com/quote/UBER/chart,68.44,2H,1-2U,REVSTRAT 1-2-2 (watch 2D),bear,68.39,68.75,3,False,2U,Bearish Candle,ALERT if price < 68.39 (RevStrat bear); stop > 68.75,RevStrat after 1-2U: watch for 2D reversal (1-2U-2D),2U,3,1,2D,1,Industrials,Unknown,XLI,1,XLI
2026-10-07 16:23:57 EDT,SAN,https://finance.yahoo.com/quote/SAN/chart,13.68,M,2U-3,3-2 BREAK_UP,bull,15.05,13.81,8,True,3,Bearish Candle,ALERT if price > 15.05 (outside break UP); stop < 13.81,Outside bar break UP (3-2),2U,2U,3,2D,2U,Unknown,Unknown,,0,
2026-10-07 16:23:57 EDT,SAN,https://finance.yahoo.com/quote/SAN/chart,13.68,M,2U-3,3-2 BREAK_DOWN,bear,13.81,15.05,8,False,3,Bearish Candle,ALERT if price < 13.81 (outside break DOWN); stop > 15.05,Outside bar break DOWN (3-2),2U,2U,3,2D,2U,Unknown,Unknown,,0,
2026-10-07 16:23:57 EDT,SAN,https://finance.yahoo.com/quote/SAN/chart,13.68,4H,2D-1,1-2 BREAK_UP,bull,13.73,13.64,8,True,1,Bearish Candle,ALERT if price > 13.73 (inside break UP); stop < 13.64,Inside bar break UP (1-2),2U,2U,3,2D,2U,Unknown,Unknown,,0,
2026-10-07 16:23:57 EDT,SAN,https://finance.yahoo.com/quote/SAN/chart,13.68,4H,2D-1,1-2 BREAK_DOWN,bear,13.64,13.73,8,False,1,Bearish Candle,ALERT if price < 13.64 (inside break DOWN); stop > 13.73,Inside bar break DOWN (1-2),2U,2U,3,2D,2U,Unknown,Unknown,,0,
2026-10-07 16:23:57 EDT,SAN,https://finance.yahoo.com/quote/SAN/chart,13.68,3H,2D-1,1-2 BREAK_UP,bull,13.73,13.64,8,True,1,Doji,ALERT if price > 13.73 (inside break UP); stop < 13.64,Inside bar break UP (1-2),2U,2U,3,2D,2U,Unknown,Unknown,,0,
2026-10-07 16:23:57 EDT,SAN,https://finance.yahoo.com/quote/SAN/chart,13.68,3H,2D-1,1-2 BREAK_DOWN,bear,13.64,13.73,8,False,1,Doji,ALERT if price < 13.64 (inside break DOWN); stop > 13.73,Inside bar break DOWN (1-2),2U,2U,3,2D,2U,Unknown,Unknown,,0,
2026-10-07 16:23:57 EDT,SAN,https://finance.yahoo.com/quote/SAN/chart,13.68,2H,1-1,1-2 BREAK_UP,bull,13.7,13.65,8,True,1,Doji,ALERT if price > 13.7 (inside break UP); stop < 13.65,Inside bar break UP (1-2),2U,2U,3,2D,2U,Unknown,Unknown,,0,
2026-10-07 16:23:57 EDT,SAN,https://finance.yahoo.com/quote/SAN/chart,13.68,2H,1-1,1-2 BREAK_DOWN,bear,13.65,13.7,8,False,1,Doji,ALERT if price < 13.65 (inside break DOWN); stop > 13.7,Inside bar break DOWN (1-2),2U,2U,3,2D,2U,Unknown,Unknown,,0,
2026-10-07 16:23:57 EDT,SAN,https://finance.yahoo.com/quote/SAN/chart,13.68,1H,1-2D,REVSTRAT 1-2-2 (watch 2U),bull,13.7,13.65,8,True,2D,Bullish Candle,ALERT if price > 13.7 (RevStrat bull); stop < 13.65,RevStrat after 1-2D: watch for 2U reversal (1-2D-2U),2U,2U,3,2D,2U,Unknown,Unknown,,0,
2026-10-07 16:23:57 EDT,BA,https://finance.yahoo.com/quote/BA/chart,188.31,Q,1-2D,REVSTRAT 1-2-2 (watch 2U),bull,241.09,184.01,-15,False,2D,Bearish Candle,ALERT if price > 241.09 (RevStrat bull); stop < 184.01,RevStrat after 1-2D: watch for 2U reversal (1-2D-2U),2D,2D,2D,2D,2D,Industrials,Unknown,DIA|XLI,2,"DIA, XLI"
2026-10-07 16:23:57 EDT,BA,https://finance.yahoo.com/quote/BA/chart,188.31,D,1-2D,REVSTRAT 1-2-2 (watch 2U),bull,193.23,189.33,-15,False,2D,Bearish Candle,ALERT if price > 193.23 (RevStrat bull); stop < 189.33,RevStrat after 1-2D: watch for 2U reversal (1-2D-2U),2D,2D,2D,2D,2D,Industrials,Unknown,DIA|XLI,2,"DIA, XLI"
2026-10-07 16:23:57 EDT,BA,https://finance.yahoo.com/quote/BA/chart,188.31,4H,2D-1,1-2 BREAK_UP,bull,188.62,187.55,-15,False,1,Bullish Candle,ALERT if price > 188.62 (inside break UP); stop < 187.55,Inside bar break UP (1-2),2D,2D,2D,2D,2D,Industrials,Unknown,DIA|XLI,2,"DIA, XLI"
2026-10-07 16:23:57 EDT,BA,https://finance.yahoo.com/quote/BA/chart,188.31,4H,2D-1,1-2 BREAK_DOWN,bear,187.55,188.62,-15,True,1,Bullish Candle,ALERT if price < 187.55 (inside break DOWN); stop > 188.62,Inside bar break DOWN (1-2),2D,2D,2D,2D,2D,Industrials,Unknown,DIA|XLI,2,"DIA, XLI"
2026-10-07 16:23:57 EDT,BA,https://finance.yahoo.com/quote/BA/chart,188.31,3H,2D-1,1-2 BREAK_UP,bull,188.52,186.76,-15,False,1,Bullish Candle,ALERT if price > 188.52 (inside break UP); stop < 186.76,Inside bar break UP (1-2),2D,2D,2D,2D,2D,Industrials,Unknown,DIA|XLI,2,"DIA, XLI"
2026-10-07 16:23:57 EDT,BA,https://finance.yahoo.com/quote/BA/chart,188.31,3H,2D-1,1-2 BREAK_DOWN,bear,186.76,188.52,-15,True,1,Bullish Candle,ALERT if price < 186.76 (inside break DOWN); stop > 188.52,Inside bar break DOWN (1-2),2D,2D,2D,2D,2D,Industrials,Unknown,DIA|XLI,2,"DIA, XLI"
2026-10-07 16:23:57 EDT,BA,https://finance.yahoo.com/quote/BA/chart,188.31,2H,2U-3,3-2 BREAK_UP,bull,188.62,187.55,-15,False,3,Bullish Candle,ALERT if price > 188.62 (outside break UP); stop < 187.55,Outside bar break UP (3-2),2D,2D,2D,2D,2D,Industrials,Unknown,DIA|XLI,2,"DIA, XLI"
2026-10-07 16:23:57 EDT,BA,https://finance.yahoo.com/quote/BA/chart,188.31,2H,2U-3,3-2 BREAK_DOWN,bear,187.55,188.62,-15,True,3,Bullish Candle,ALERT if price < 187.55 (outside break DOWN); stop > 188.62,Outside bar break DOWN (3-2),2D,2D,2D,2D,2D,Industrials,Unknown,DIA|XLI,2,"DIA, XLI"
2026-10-07 16:23:57 EDT,BA,https://finance.yahoo.com/quote/BA/chart,188.31,1H,2D-3,3-2 BREAK_UP,bull,188.62,187.55,-15,False,3,Bullish Candle,ALERT if price > 188.62 (outside break UP); stop < 187.55,Outside bar break UP (3-2),2D,2D,2D,2D,2D,Industrials,Unknown,DIA|XLI,2,"DIA, XLI"
2026-10-07 16:23:57 EDT,BA,https://finance.yahoo.com/quote/BA/chart,188.31,1H,2D-3,3-2 BREAK_DOWN,bear,187.55,188.62,-15,True,3,Bullish Candle,ALERT if price < 187.55 (outside break DOWN); stop > 188.62,Outside bar break DOWN (3-2),2D,2D,2D,2D,2D,Industrials,Unknown,DIA|XLI,2,"DIA, XLI"
2026-10-07 16:23:57 EDT,TXN,https://finance.yahoo.com/quote/TXN/chart,288.95,Y,2U-3,3-2 BREAK_UP,bull,221.69,139.95,0,False,3,Bearish Candle,ALERT if price > 221.69 (outside break UP); stop < 139.95,Outside bar break UP (3-2),3,1,2D,2U,2U,Information Technology,Unknown,SMH|XLK,2,"SMH, XLK"
2026-10-07 16:23:57 EDT,TXN,https://finance.yahoo.com/quote/TXN/chart,288.95,Y,2U-3,3-2 BREAK_DOWN,bear,139.95,221.69,0,False,3,Bearish Candle,ALERT if price < 139.95 (outside break DOWN); stop > 221.69,Outside bar break DOWN (3-2),3,1,2D,2U,2U,Information Technology,Unknown,SMH|XLK,2,"SMH, XLK"
2026-10-07 16:23:57 EDT,TXN,https://finance.yahoo.com/quote/TXN/chart,288.95,Q,2U-1,1-2 BREAK_UP,bull,315.34,248.13,0,False,1,Bearish Candle,ALERT if price > 315.34 (inside break UP); stop < 248.13,Inside bar break UP (1-2),3,1,2D,2U,2U,Information Technology,Unknown,SMH|XLK,2,"SMH, XLK"
2026-10-07 16:23:57 EDT,TXN,https://finance.yahoo.com/quote/TXN/chart,288.95,Q,2U-1,1-2 BREAK_DOWN,bear,248.13,315.34,0,False,1,Bearish Candle,ALERT if price < 248.13 (inside break DOWN); stop > 315.34,Inside bar break DOWN (1-2),3,1,2D,2U,2U,Information Technology,Unknown,SMH|XLK,2,"SMH, XLK"
2026-10-07 16:23:57 EDT,TXN,https://finance.yahoo.com/quote/TXN/chart,288.95,D,1-2U,REVSTRAT 1-2-2 (watch 2D),bear,294.23,298.75,0,False,2U,Bullish Candle,ALERT if price < 294.23 (RevStrat bear); stop > 298.75,RevStrat after 1-2U: watch for 2D reversal (1-2U-2D),3,1,2D,2U,2U,Information Technology,Unknown,SMH|XLK,2,"SMH, XLK"
2026-10-07 16:23:57 EDT,TXN,https://finance.yahoo.com/quote/TXN/chart,288.95,1H,2U-3,3-2 BREAK_UP,bull,288.26,285.36,0,False,3,Bullish Candle,ALERT if price > 288.26 (outside break UP); stop < 285.36,Outside bar break UP (3-2),3,1,2D,2U,2U,Information Technology,Unknown,SMH|XLK,2,"SMH, XLK"
2026-10-07 16:23:57 EDT,TXN,https://finance.yahoo.com/quote/TXN/chart,288.95,1H,2U-3,3-2 BREAK_DOWN,bear,285.36,288.26,0,False,3,Bullish Candle,ALERT if price < 285.36 (outside break DOWN); stop > 288.26,Outside bar break DOWN (3-2),3,1,2D,2U,2U,Information Technology,Unknown,SMH|XLK,2,"SMH, XLK"
2026-10-07 16:23:57 EDT,PDD,https://finance.yahoo.com/quote/PDD/chart,78.52,Q,2D-1,1-2 BREAK_UP,bull,93.19,76.63,-9,False,1,Gravestone Doji (bearish-leaning),ALERT if price > 93.19 (inside break UP); stop < 76.63,Inside bar break UP (1-2),2D,1,2D,2D,2U,Unknown,Unknown,,0,
2026-10-07 16:23:57 EDT,PDD,https://finance.yahoo.com/quote/PDD/chart,78.52,Q,2D-1,1-2 BREAK_DOWN,bear,76.63,93.19,-9,True,1,Gravestone Doji (bearish-leaning),ALERT if price < 76.63 (inside break DOWN); stop > 93.19,Inside bar break DOWN (1-2),2D,1,2D,2D,2U,Unknown,Unknown,,0,
2026-10-07 16:23:57 EDT,PDD,https://finance.yahoo.com/quote/PDD/chart,78.52,4H,3-2U,REVSTRAT 3-2-2 (watch 2D),bear,78.2,78.65,-9,True,2U,Bullish Candle,ALERT if price < 78.2 (RevStrat bear); stop > 78.65,RevStrat after 3-2U: watch for 2D reversal (3-2U-2D),2D,1,2D,2D,2U,Unknown,Unknown,,0,
2026-10-07 16:23:57 EDT,APH,https://finance.yahoo.com/quote/APH/chart,87.55,Q,3-1,1-2 BREAK_UP,bull,88.17,69.83,8,True,1,Bearish Candle,ALERT if price > 88.17 (inside break UP); stop < 69.83,Inside bar break UP (1-2),2U,1,1,2U,2U,Information Technology,Unknown,XLK,1,XLK
2026-10-07 16:23:57 EDT,APH,https://finance.yahoo.com/quote/APH/chart,87.55,Q,3-1,1-2 BREAK_DOWN,bear,69.83,88.17,8,False,1,Bearish Candle,ALERT if price < 69.83 (inside break DOWN); stop > 88.17,Inside bar break DOWN (1-2),2U,1,1,2U,2U,Information Technology,Unknown,XLK,1,XLK
2026-10-07 16:23:57 EDT,APH,https://finance.yahoo.com/quote/APH/chart,87.55,M,2U-1,1-2 BREAK_UP,bull,86.22,76.74,8,True,1,Bullish Candle,ALERT if price > 86.22 (inside break UP); stop < 76.74,Inside bar break UP (1-2),2U,1,1,2U,2U,Information Technology,Unknown,XLK,1,XLK
2026-10-07 16:23:57 EDT,APH,https://finance.yahoo.com/quote/APH/chart,87.55,M,2U-1,1-2 BREAK_DOWN,bear,76.74,86.22,8,False,1,Bullish Candle,ALERT if price < 76.74 (inside break DOWN); stop > 86.22,Inside bar break DOWN (1-2),2U,1,1,2U,2U,Information Technology,Unknown,XLK,1,XLK
2026-10-07 16:23:57 EDT,APH,https://finance.yahoo.com/quote/APH/chart,87.55,D,1-2U,REVSTRAT 1-2-2 (watch 2D),bear,88.21,89.93,8,False,2U,Doji,ALERT if price < 88.21 (RevStrat bear); stop > 89.93,RevStrat after 1-2U: watch for 2D reversal (1-2U-2D),2U,1,1,2U,2U,Information Technology,Unknown,XLK,1,XLK
2026-10-07 16:23:57 EDT,APH,https://finance.yahoo.com/quote/APH/chart,87.55,2H,2U-1,1-2 BREAK_UP,bull,87.83,87.48,8,True,1,Bearish Candle,ALERT if price > 87.83 (inside break UP); stop < 87.48,Inside bar break UP (1-2),2U,1,1,2U,2U,Information Technology,Unknown,XLK,1,XLK
2026-10-07 16:23:57 EDT,APH,https://finance.yahoo.com/quote/APH/chart,87.55,2H,2U-1,1-2 BREAK_DOWN,bear,87.48,87.83,8,False,1,Bearish Candle,ALERT if price < 87.48 (inside break DOWN); stop > 87.83,Inside bar break DOWN (1-2),2U,1,1,2U,2U,Information Technology,Unknown,XLK,1,XLK
2026-10-07 16:23:57 EDT,APH,https://finance.yahoo.com/quote/APH/chart,87.55,1H,1-2D,REVSTRAT 1-2-2 (watch 2U),bull,87.83,87.48,8,True,2D,Bearish Candle,ALERT if price > 87.83 (RevStrat bull); stop < 87.48,RevStrat after 1-2D: watch for 2U reversal (1-2D-2U),2U,1,1,2U,2U,Information Technology,Unknown,XLK,1,XLK
2026-10-07 16:23:57 EDT,T,https://finance.yahoo.com/quote/T/chart,24.47,D,2D-3,3-2 BREAK_UP,bull,24.45,23.97,2,True,3,Bullish Candle,ALERT if price > 24.45 (outside break UP); stop < 23.97,Outside bar break UP (3-2),2U,2D,2U,2D,3,Communication Services,Unknown,,0,
2026-10-07 16:23:57 EDT,T,https://finance.yahoo.com/quote/T/chart,24.47,D,2D-3,3-2 BREAK_DOWN,bear,23.97,24.45,2,False,3,Bullish Candle,ALERT if price < 23.97 (outside break DOWN); stop > 24.45,Outside bar break DOWN (3-2),2U,2D,2U,2D,3,Communication Services,Unknown,,0,
2026-10-07 16:23:57 EDT,T,https://finance.yahoo.com/quote/T/chart,24.47,3H,2U-1,1-2 BREAK_UP,bull,24.75,24.5,2,True,1,Bearish Candle,ALERT if price > 24.75 (inside break UP); stop < 24.5,Inside bar break UP (1-2),2U,2D,2U,2D,3,Communication Services,Unknown,,0,
2026-10-07 16:23:57 EDT,T,https://finance.yahoo.com/quote/T/chart,24.47,3H,2U-1,1-2 BREAK_DOWN,bear,24.5,24.75,2,False,1,Bearish Candle,ALERT if price < 24.5 (inside break DOWN); stop > 24.75,Inside bar break DOWN (1-2),2U,2D,2U,2D,3,Communication Services,Unknown,,0,
2026-10-07 16:23:57 EDT,BKNG,https://finance.yahoo.com/quote/BKNG/chart,155.86,W,2D-1,1-2 BREAK_UP,bull,166.19,158.38,7,True,1,Bearish Candle,ALERT if price > 166.19 (inside break UP); stop < 158.38,Inside bar break UP (1-2),2U,2U,2D,1,2U,Consumer Discretionary,Unknown,XLY,1,XLY
2026-10-07 16:23:57 EDT,BKNG,https://finance.yahoo.com/quote/BKNG/chart,155.86,W,2D-1,1-2 BREAK_DOWN,bear,158.38,166.19,7,False,1,Bearish Candle,ALERT if price < 158.38 (inside break DOWN); stop > 166.19,Inside bar break DOWN (1-2),2U,2U,2D,1,2U,Consumer Discretionary,Unknown,XLY,1,XLY
2026-10-07 16:23:57 EDT,BKNG,https://finance.yahoo.com/quote/BKNG/chart,155.86,3H,3-3,3-2 BREAK_UP,bull,158.26,155.35,7,True,3,Bearish Candle,ALERT if price > 158.26 (outside break UP); stop < 155.35,Outside bar break UP (3-2),2U,2U,2D,1,2U,Consumer Discretionary,Unknown,XLY,1,XLY
2026-10-07 16:23:57 EDT,BKNG,https://finance.yahoo.com/quote/BKNG/chart,155.86,3H,3-3,3-2 BREAK_DOWN,bear,155.35,158.26,7,False,3,Bearish Candle,ALERT if price < 155.35 (outside break DOWN); stop > 158.26,Outside bar break DOWN (3-2),2U,2U,2D,1,2U,Consumer Discretionary,Unknown,XLY,1,XLY
2026-10-07 16:23:57 EDT,BKNG,https://finance.yahoo.com/quote/BKNG/chart,155.86,2H,2D-1,1-2 BREAK_UP,bull,156.8,155.42,7,True,1,Bullish Candle,ALERT if price > 156.8 (inside break UP); stop < 155.42,Inside bar break UP (1-2),2U,2U,2D,1,2U,Consumer Discretionary,Unknown,XLY,1,XLY
2026-10-07 16:23:57 EDT,BKNG,https://finance.yahoo.com/quote/BKNG/chart,155.86,2H,2D-1,1-2 BREAK_DOWN,bear,155.42,156.8,7,False,1,Bullish Candle,ALERT if price < 155.42 (inside break DOWN); stop > 156.8,Inside bar break DOWN (1-2),2U,2U,2D,1,2U,Consumer Discretionary,Unknown,XLY,1,XLY
2026-10-07 16:23:57 EDT,BKNG,https://finance.yahoo.com/quote/BKNG/chart,155.86,1H,1-2U,REVSTRAT 1-2-2 (watch 2D),bear,155.65,156.8,7,False,2U,Bullish Candle,ALERT if price < 155.65 (RevStrat bear); stop > 156.8,RevStrat after 1-2U: watch for 2D reversal (1-2U-2D),2U,2U,2D,1,2U,Consumer Discretionary,Unknown,XLY,1,XLY
2026-10-07 16:23:57 EDT,VZ,https://finance.yahoo.com/quote/VZ/chart,45.76,Q,1-3,3-2 BREAK_UP,bull,51.67,40.76,7,True,3,Bullish Candle,ALERT if price > 51.67 (outside break UP); stop < 40.76,Outside bar break UP (3-2),2U,3,2U,2D,2U,Communication Services,Unknown,,0,
2026-10-07 16:23:57 EDT,VZ,https://finance.yahoo.com/quote/VZ/chart,45.76,Q,1-3,3-2 BREAK_DOWN,bear,40.76,51.67,7,False,3,Bullish Candle,ALERT if price < 40.76 (outside break DOWN); stop > 51.67,Outside bar break DOWN (3-2),2U,3,2U,2D,2U,Communication Services,Unknown,,0,
2026-10-07 16:23:57 EDT,VZ,https://finance.yahoo.com/quote/VZ/chart,45.76,1H,3-2D,REVSTRAT 3-2-2 (watch 2U),bull,46.05,45.75,7,True,2D,Bearish Candle,ALERT if price > 46.05 (RevStrat bull); stop < 45.75,RevStrat after 3-2D: watch for 2U reversal (3-2D-2U),2U,3,2U,2D,2U,Communication Services,Unknown,,0,
2026-10-07 16:23:57 EDT,ACN,https://finance.yahoo.com/quote/ACN/chart,196.64,Y,2U-3,3-2 BREAK_UP,bull,398.35,229.4,4,True,3,Bearish Candle,ALERT if price > 398.35 (outside break UP); stop < 229.4,Outside bar break UP (3-2),3,1,2U,3,2U,Information Technology,Unknown,XLK,1,XLK
2026-10-07 16:23:57 EDT,ACN,https://finance.yahoo.com/quote/ACN/chart,196.64,Y,2U-3,3-2 BREAK_DOWN,bear,229.4,398.35,4,False,3,Bearish Candle,ALERT if price < 229.4 (outside break DOWN); stop > 398.35,Outside bar break DOWN (3-2),3,1,2U,3,2U,Information Technology,Unknown,XLK,1,XLK
2026-10-07 16:23:57 EDT,ACN,https://finance.yahoo.com/quote/ACN/chart,196.64,Q,2D-1,1-2 BREAK_UP,bull,197.63,126.05,4,True,1,Bullish Candle,ALERT if price > 197.63 (inside break UP); stop < 126.05,Inside bar break UP (1-2),3,1,2U,3,2U,Information Technology,Unknown,XLK,1,XLK
2026-10-07 16:23:57 EDT,ACN,https://finance.yahoo.com/quote/ACN/chart,196.64,Q,2D-1,1-2 BREAK_DOWN,bear,126.05,197.63,4,False,1,Bullish Candle,ALERT if price < 126.05 (inside break DOWN); stop > 197.63,Inside bar break DOWN (1-2),3,1,2U,3,2U,Information Technology,Unknown,XLK,1,XLK
2026-10-07 16:23:57 EDT,ACN,https://finance.yahoo.com/quote/ACN/chart,196.64,W,2D-3,3-2 BREAK_UP,bull,227.63,172.11,4,True,3,Bullish Candle,ALERT if price > 227.63 (outside break UP); stop < 172.11,Outside bar break UP (3-2),3,1,2U,3,2U,Information Technology,Unknown,XLK,1,XLK
2026-10-07 16:23:57 EDT,ACN,https://finance.yahoo.com/quote/ACN/chart,196.64,W,2D-3,3-2 BREAK_DOWN,bear,172.11,227.63,4,False,3,Bullish Candle,ALERT if price < 172.11 (outside break DOWN); stop > 227.63,Outside bar break DOWN (3-2),3,1,2U,3,2U,Information Technology,Unknown,XLK,1,XLK
2026-10-07 16:23:57 EDT,ACN,https://finance.yahoo.com/quote/ACN/chart,196.64,2H,2U-3,3-2 BREAK_UP,bull,198.2,196.15,4,True,3,Bearish Candle,ALERT if price > 198.2 (outside break UP); stop < 196.15,Outside bar break UP (3-2),3,1,2U,3,2U,Information Technology,Unknown,XLK,1,XLK
2026-10-07 16:23:57 EDT,ACN,https://finance.yahoo.com/quote/ACN/chart,196.64,2H,2U-3,3-2 BREAK_DOWN,bear,196.15,198.2,4,False,3,Bearish Candle,ALERT if price < 196.15 (outside break DOWN); stop > 198.2,Outside bar break DOWN (3-2),3,1,2U,3,2U,Information Technology,Unknown,XLK,1,XLK
2026-10-07 16:23:57 EDT,NEE,https://finance.yahoo.com/quote/NEE/chart,77.05,Y,1-2U,REVSTRAT 1-2-2 (watch 2D),bear,61.72,87.53,-3,True,2U,Bullish Candle,ALERT if price < 61.72 (RevStrat bear); stop > 87.53,RevStrat after 1-2U: watch for 2D reversal (1-2U-2D),2U,2D,2D,2D,2U,Utilities,Unknown,XLU,1,XLU
2026-10-07 16:23:57 EDT,NEE,https://finance.yahoo.com/quote/NEE/chart,77.05,4H,3-1,1-2 BREAK_UP,bull,77.12,76.69,-3,False,1,Bearish Hanging-Man-like,ALERT if price > 77.12 (inside break UP); stop < 76.69,Inside bar break UP (1-2),2U,2D,2D,2D,2U,Utilities,Unknown,XLU,1,XLU
2026-10-07 16:23:57 EDT,NEE,https://finance.yahoo.com/quote/NEE/chart,77.05,4H,3-1,1-2 BREAK_DOWN,bear,76.69,77.12,-3,True,1,Bearish Hanging-Man-like,ALERT if price < 76.69 (inside break DOWN); stop > 77.12,Inside bar break DOWN (1-2),2U,2D,2D,2D,2U,Utilities,Unknown,XLU,1,XLU
2026-10-07 16:23:57 EDT,NEE,https://finance.yahoo.com/quote/NEE/chart,77.05,3H,3-1,1-2 BREAK_UP,bull,77.13,76.69,-3,False,1,Doji,ALERT if price > 77.13 (inside break UP); stop < 76.69,Inside bar break UP (1-2),2U,2D,2D,2D,2U,Utilities,Unknown,XLU,1,XLU
2026-10-07 16:23:57 EDT,NEE,https://finance.yahoo.com/quote/NEE/chart,77.05,3H,3-1,1-2 BREAK_DOWN,bear,76.69,77.13,-3,True,1,Doji,ALERT if price < 76.69 (inside break DOWN); stop > 77.13,Inside bar break DOWN (1-2),2U,2D,2D,2D,2U,Utilities,Unknown,XLU,1,XLU
2026-10-07 16:23:57 EDT,NEE,https://finance.yahoo.com/quote/NEE/chart,77.05,2H,1-1,1-2 BREAK_UP,bull,77.11,76.81,-3,False,1,Bullish Candle,ALERT if price > 77.11 (inside break UP); stop < 76.81,Inside bar break UP (1-2),2U,2D,2D,2D,2U,Utilities,Unknown,XLU,1,XLU
2026-10-07 16:23:57 EDT,NEE,https://finance.yahoo.com/quote/NEE/chart,77.05,2H,1-1,1-2 BREAK_DOWN,bear,76.81,77.11,-3,True,1,Bullish Candle,ALERT if price < 76.81 (inside break DOWN); stop > 77.11,Inside bar break DOWN (1-2),2U,2D,2D,2D,2U,Utilities,Unknown,XLU,1,XLU
2026-10-07 16:23:57 EDT,DHR,https://finance.yahoo.com/quote/DHR/chart,218.55,4H,3-1,1-2 BREAK_UP,bull,219.18,217.32,3,True,1,Bearish Candle,ALERT if price > 219.18 (inside break UP); stop < 217.32,Inside bar break UP (1-2),2D,2U,2U,2U,2D,Health Care,Unknown,XLV,1,XLV
2026-10-07 16:23:57 EDT,DHR,https://finance.yahoo.com/quote/DHR/chart,218.55,4H,3-1,1-2 BREAK_DOWN,bear,217.32,219.18,3,False,1,Bearish Candle,ALERT if price < 217.32 (inside break DOWN); stop > 219.18,Inside bar break DOWN (1-2),2D,2U,2U,2U,2D,Health Care,Unknown,XLV,1,XLV
2026-10-07 16:23:57 EDT,DHR,https://finance.yahoo.com/quote/DHR/chart,218.55,3H,3-1,1-2 BREAK_UP,bull,219.96,217.46,3,True,1,Bearish Marubozu-like,ALERT if price > 219.96 (inside break UP); stop < 217.46,Inside bar break UP (1-2),2D,2U,2U,2U,2D,Health Care,Unknown,XLV,1,XLV
2026-10-07 16:23:57 EDT,DHR,https://finance.yahoo.com/quote/DHR/chart,218.55,3H,3-1,1-2 BREAK_DOWN,bear,217.46,219.96,3,False,1,Bearish Marubozu-like,ALERT if price < 217.46 (inside break DOWN); stop > 219.96,Inside bar break DOWN (1-2),2D,2U,2U,2U,2D,Health Care,Unknown,XLV,1,XLV
2026-10-07 16:23:57 EDT,DHR,https://finance.yahoo.com/quote/DHR/chart,218.55,2H,1-2D,REVSTRAT 1-2-2 (watch 2U),bull,219.07,217.32,3,True,2D,Bullish Candle,ALERT if price > 219.07 (RevStrat bull); stop < 217.32,RevStrat after 1-2D: watch for 2U reversal (1-2D-2U),2D,2U,2U,2U,2D,Health Care,Unknown,XLV,1,XLV
2026-10-07 16:23:57 EDT,ANET,https://finance.yahoo.com/quote/ANET/chart,215.82,M,2U-1,1-2 BREAK_UP,bull,212.0,181.27,10,True,1,Bullish Candle,ALERT if price > 212.0 (inside break UP); stop < 181.27,Inside bar break UP (1-2),2U,2U,1,1,2U,Unknown,Unknown,,0,
2026-10-07 16:23:57 EDT,ANET,https://finance.yahoo.com/quote/ANET/chart,215.82,M,2U-1,1-2 BREAK_DOWN,bear,181.27,212.0,10,False,1,Bullish Candle,ALERT if price < 181.27 (inside break DOWN); stop > 212.0,Inside bar break DOWN (1-2),2U,2U,1,1,2U,Unknown,Unknown,,0,
2026-10-07 16:23:57 EDT,ANET,https://finance.yahoo.com/quote/ANET/chart,215.82,W,2U-1,1-2 BREAK_UP,bull,208.63,200.77,10,True,1,Bullish Candle,ALERT if price > 208.63 (inside break UP); stop < 200.77,Inside bar break UP (1-2),2U,2U,1,1,2U,Unknown,Unknown,,0,
2026-10-07 16:23:57 EDT,ANET,https://finance.yahoo.com/quote/ANET/chart,215.82,W,2U-1,1-2 BREAK_DOWN,bear,200.77,208.63,10,False,1,Bullish Candle,ALERT if price < 200.77 (inside break DOWN); stop > 208.63,Inside bar break DOWN (1-2),2U,2U,1,1,2U,Unknown,Unknown,,0,
2026-10-07 16:23:57 EDT,ANET,https://finance.yahoo.com/quote/ANET/chart,215.82,2H,2U-1,1-2 BREAK_UP,bull,216.3,215.04,10,True,1,Bearish Candle,ALERT if price > 216.3 (inside break UP); stop < 215.04,Inside bar break UP (1-2),2U,2U,1,1,2U,Unknown,Unknown,,0,
2026-10-07 16:23:57 EDT,ANET,https://finance.yahoo.com/quote/ANET/chart,215.82,2H,2U-1,1-2 BREAK_DOWN,bear,215.04,216.3,10,False,1,Bearish Candle,ALERT if price < 215.04 (inside break DOWN); stop > 216.3,Inside bar break DOWN (1-2),2U,2U,1,1,2U,Unknown,Unknown,,0,
2026-10-07 16:23:57 EDT,ANET,https://finance.yahoo.com/quote/ANET/chart,215.82,1H,1-2D,REVSTRAT 1-2-2 (watch 2U),bull,216.12,215.04,10,True,2D,Doji,ALERT if price > 216.12 (RevStrat bull); stop < 215.04,RevStrat after 1-2D: watch for 2U reversal (1-2D-2U),2U,2U,1,1,2U,Unknown,Unknown,,0,
2026-10-07 16:23:57 EDT,HDB,https://finance.yahoo.com/quote/HDB/chart,22.15,1H,1-3,3-2 BREAK_UP,bull,22.17,22.07,-5,False,3,Bullish Candle,ALERT if price > 22.17 (outside break UP); stop < 22.07,Outside bar break UP (3-2),2U,2D,2D,2D,2D,Unknown,Unknown,,0,
2026-10-07 16:23:57 EDT,HDB,https://finance.yahoo.com/quote/HDB/chart,22.15,1H,1-3,3-2 BREAK_DOWN,bear,22.07,22.17,-5,True,3,Bullish Candle,ALERT if price < 22.07 (outside break DOWN); stop > 22.17,Outside bar break DOWN (3-2),2U,2D,2D,2D,2D,Unknown,Unknown,,0,
2026-10-07 16:23:57 EDT,COF,https://finance.yahoo.com/quote/COF/chart,195.9,1H,2U-1,1-2 BREAK_UP,bull,196.07,195.73,3,True,1,Bearish Candle,ALERT if price > 196.07 (inside break UP); stop < 195.73,Inside bar break UP (1-2),2U,2U,2D,2D,2D,Financials,Unknown,XLF,1,XLF
2026-10-07 16:23:57 EDT,COF,https://finance.yahoo.com/quote/COF/chart,195.9,1H,2U-1,1-2 BREAK_DOWN,bear,195.73,196.07,3,False,1,Bearish Candle,ALERT if price < 195.73 (inside break DOWN); stop > 196.07,Inside bar break DOWN (1-2),2U,2U,2D,2D,2D,Financials,Unknown,XLF,1,XLF
2026-10-07 16:23:57 EDT,SPGI,https://finance.yahoo.com/quote/SPGI/chart,395.28,Q,1-2U,REVSTRAT 1-2-2 (watch 2D),bear,388.57,462.02,6,False,2U,Gravestone Doji (bearish-leaning),ALERT if price < 388.57 (RevStrat bear); stop > 462.02,RevStrat after 1-2U: watch for 2D reversal (1-2U-2D),2U,2U,3,2D,2D,Financials,Unknown,XLF,1,XLF
2026-10-07 16:23:57 EDT,SPGI,https://finance.yahoo.com/quote/SPGI/chart,395.28,M,1-3,3-2 BREAK_UP,bull,454.92,388.57,6,True,3,Bearish Candle,ALERT if price > 454.92 (outside break UP); stop < 388.57,Outside bar break UP (3-2),2U,2U,3,2D,2D,Financials,Unknown,XLF,1,XLF
2026-10-07 16:23:57 EDT,SPGI,https://finance.yahoo.com/quote/SPGI/chart,395.28,M,1-3,3-2 BREAK_DOWN,bear,388.57,454.92,6,False,3,Bearish Candle,ALERT if price < 388.57 (outside break DOWN); stop > 454.92,Outside bar break DOWN (3-2),2U,2U,3,2D,2D,Financials,Unknown,XLF,1,XLF
2026-10-07 16:23:57 EDT,SPGI,https://finance.yahoo.com/quote/SPGI/chart,395.28,3H,2D-1,1-2 BREAK_UP,bull,395.55,391.22,6,True,1,Bullish Candle,ALERT if price > 395.55 (inside break UP); stop < 391.22,Inside bar break UP (1-2),2U,2U,3,2D,2D,Financials,Unknown,XLF,1,XLF
2026-10-07 16:23:57 EDT,SPGI,https://finance.yahoo.com/quote/SPGI/chart,395.28,3H,2D-1,1-2 BREAK_DOWN,bear,391.22,395.55,6,False,1,Bullish Candle,ALERT if price < 391.22 (inside break DOWN); stop > 395.55,Inside bar break DOWN (1-2),2U,2U,3,2D,2D,Financials,Unknown,XLF,1,XLF
2026-10-07 16:23:57 EDT,TD,https://finance.yahoo.com/quote/TD/chart,113.87,M,3-1,1-2 BREAK_UP,bull,124.4,117.52,6,True,1,Bearish Candle,ALERT if price > 124.4 (inside break UP); stop < 117.52,Inside bar break UP (1-2),2U,2U,1,2D,2D,Unknown,Unknown,,0,
2026-10-07 16:23:57 EDT,TD,https://finance.yahoo.com/quote/TD/chart,113.87,M,3-1,1-2 BREAK_DOWN,bear,117.52,124.4,6,False,1,Bearish Candle,ALERT if price < 117.52 (inside break DOWN); stop > 124.4,Inside bar break DOWN (1-2),2U,2U,1,2D,2D,Unknown,Unknown,,0,
2026-10-07 16:23:57 EDT,TD,https://finance.yahoo.com/quote/TD/chart,113.87,W,3-2D,REVSTRAT 3-2-2 (watch 2U),bull,120.77,115.15,6,True,2D,Bearish Candle,ALERT if price > 120.77 (RevStrat bull); stop < 115.15,RevStrat after 3-2D: watch for 2U reversal (3-2D-2U),2U,2U,1,2D,2D,Unknown,Unknown,,0,
2026-10-07 16:23:57 EDT,TD,https://finance.yahoo.com/quote/TD/chart,113.87,2H,3-2D,REVSTRAT 3-2-2 (watch 2U),bull,114.29,113.67,6,True,2D,Bearish Candle,ALERT if price > 114.29 (RevStrat bull); stop < 113.67,RevStrat after 3-2D: watch for 2U reversal (3-2D-2U),2U,2U,1,2D,2D,Unknown,Unknown,,0,
2026-10-07 16:23:57 EDT,TD,https://finance.yahoo.com/quote/TD/chart,113.87,1H,2D-1,1-2 BREAK_UP,bull,114.02,113.71,6,True,1,Doji,ALERT if price > 114.02 (inside break UP); stop < 113.71,Inside bar break UP (1-2),2U,2U,1,2D,2D,Unknown,Unknown,,0,
2026-10-07 16:23:57 EDT,TD,https://finance.yahoo.com/quote/TD/chart,113.87,1H,2D-1,1-2 BREAK_DOWN,bear,113.71,114.02,6,False,1,Doji,ALERT if price < 113.71 (inside break DOWN); stop > 114.02,Inside bar break DOWN (1-2),2U,2U,1,2D,2D,Unknown,Unknown,,0,
2026-10-07 16:23:57 EDT,BHP,https://finance.yahoo.com/quote/BHP/chart,85.24,M,2U-1,1-2 BREAK_UP,bull,94.49,82.93,-4,False,1,Bearish Candle,ALERT if price > 94.49 (inside break UP); stop < 82.93,Inside bar break UP (1-2),2D,2U,1,2D,2D,Unknown,Unknown,,0,
2026-10-07 16:23:57 EDT,BHP,https://finance.yahoo.com/quote/BHP/chart,85.24,M,2U-1,1-2 BREAK_DOWN,bear,82.93,94.49,-4,True,1,Bearish Candle,ALERT if price < 82.93 (inside break DOWN); stop > 94.49,Inside bar break DOWN (1-2),2D,2U,1,2D,2D,Unknown,Unknown,,0,
2026-10-07 16:23:57 EDT,BHP,https://finance.yahoo.com/quote/BHP/chart,85.24,4H,2D-1,1-2 BREAK_UP,bull,85.46,84.96,-4,False,1,Doji,ALERT if price > 85.46 (inside break UP); stop < 84.96,Inside bar break UP (1-2),2D,2U,1,2D,2D,Unknown,Unknown,,0,
2026-10-07 16:23:57 EDT,BHP,https://finance.yahoo.com/quote/BHP/chart,85.24,4H,2D-1,1-2 BREAK_DOWN,bear,84.96,85.46,-4,True,1,Doji,ALERT if price < 84.96 (inside break DOWN); stop > 85.46,Inside bar break DOWN (1-2),2D,2U,1,2D,2D,Unknown,Unknown,,0,
2026-10-07 16:23:57 EDT,BHP,https://finance.yahoo.com/quote/BHP/chart,85.24,3H,2D-1,1-2 BREAK_UP,bull,85.35,84.94,-4,False,1,Bullish Candle,ALERT if price > 85.35 (inside break UP); stop < 84.94,Inside bar break UP (1-2),2D,2U,1,2D,2D,Unknown,Unknown,,0,
2026-10-07 16:23:57 EDT,BHP,https://finance.yahoo.com/quote/BHP/chart,85.24,3H,2D-1,1-2 BREAK_DOWN,bear,84.94,85.35,-4,True,1,Bullish Candle,ALERT if price < 84.94 (inside break DOWN); stop > 85.35,Inside bar break DOWN (1-2),2D,2U,1,2D,2D,Unknown,Unknown,,0,
2026-10-07 16:23:57 EDT,SONY,https://finance.yahoo.com/quote/SONY/chart,23.49,Y,3-2U,REVSTRAT 3-2-2 (watch 2D),bear,19.85,30.34,10,False,2U,Bullish Candle,ALERT if price < 19.85 (RevStrat bear); stop > 30.34,RevStrat after 3-2U: watch for 2D reversal (3-2U-2D),2U,2U,1,2U,2D,Unknown,Unknown,,0,
2026-10-07 16:23:57 EDT,SONY,https://finance.yahoo.com/quote/SONY/chart,23.49,M,2U-1,1-2 BREAK_UP,bull,25.08,22.86,10,True,1,Bearish Candle,ALERT if price > 25.08 (inside break UP); stop < 22.86,Inside bar break UP (1-2),2U,2U,1,2U,2D,Unknown,Unknown,,0,
2026-10-07 16:23:57 EDT,SONY,https://finance.yahoo.com/quote/SONY/chart,23.49,M,2U-1,1-2 BREAK_DOWN,bear,22.86,25.08,10,False,1,Bearish Candle,ALERT if price < 22.86 (inside break DOWN); stop > 25.08,Inside bar break DOWN (1-2),2U,2U,1,2U,2D,Unknown,Unknown,,0,
2026-10-07 16:23:57 EDT,SONY,https://finance.yahoo.com/quote/SONY/chart,23.49,4H,2D-1,1-2 BREAK_UP,bull,23.51,23.44,10,True,1,Bullish Candle,ALERT if price > 23.51 (inside break UP); stop < 23.44,Inside bar break UP (1-2),2U,2U,1,2U,2D,Unknown,Unknown,,0,
2026-10-07 16:23:57 EDT,SONY,https://finance.yahoo.com/quote/SONY/chart,23.49,4H,2D-1,1-2 BREAK_DOWN,bear,23.44,23.51,10,False,1,Bullish Candle,ALERT if price < 23.44 (inside break DOWN); stop > 23.51,Inside bar break DOWN (1-2),2U,2U,1,2U,2D,Unknown,Unknown,,0,
2026-10-07 16:23:57 EDT,SONY,https://finance.yahoo.com/quote/SONY/chart,23.49,3H,2D-1,1-2 BREAK_UP,bull,23.51,23.32,10,True,1,Bullish Candle,ALERT if price > 23.51 (inside break UP); stop < 23.32,Inside bar break UP (1-2),2U,2U,1,2U,2D,Unknown,Unknown,,0,
2026-10-07 16:23:57 EDT,SONY,https://finance.yahoo.com/quote/SONY/chart,23.49,3H,2D-1,1-2 BREAK_DOWN,bear,23.32,23.51,10,False,1,Bullish Candle,ALERT if price < 23.32 (inside break DOWN); stop > 23.51,Inside bar break DOWN (1-2),2U,2U,1,2U,2D,Unknown,Unknown,,0,
2026-10-07 16:23:57 EDT,SONY,https://finance.yahoo.com/quote/SONY/chart,23.49,2H,2U-1,1-2 BREAK_UP,bull,23.5,23.44,10,True,1,Bullish Candle,ALERT if price > 23.5 (inside break UP); stop < 23.44,Inside bar break UP (1-2),2U,2U,1,2U,2D,Unknown,Unknown,,0,
2026-10-07 16:23:57 EDT,SONY,https://finance.yahoo.com/quote/SONY/chart,23.49,2H,2U-1,1-2 BREAK_DOWN,bear,23.44,23.5,10,False,1,Bullish Candle,ALERT if price < 23.44 (inside break DOWN); stop > 23.5,Inside bar break DOWN (1-2),2U,2U,1,2U,2D,Unknown,Unknown,,0,
2026-10-07 16:23:57 EDT,SONY,https://finance.yahoo.com/quote/SONY/chart,23.49,1H,1-2U,REVSTRAT 1-2-2 (watch 2D),bear,23.44,23.5,10,False,2U,Bullish Candle,ALERT if price < 23.44 (RevStrat bear); stop > 23.5,RevStrat after 1-2U: watch for 2D reversal (1-2U-2D),2U,2U,1,2U,2D,Unknown,Unknown,,0,
2026-10-07 16:23:57 EDT,NOW,https://finance.yahoo.com/quote/NOW/chart,137.85,M,2U-1,1-2 BREAK_UP,bull,147.57,126.75,8,True,1,Bearish Candle,ALERT if price > 147.57 (inside break UP); stop < 126.75,Inside bar break UP (1-2),2U,2U,1,2D,2U,Information Technology,Unknown,XLK,1,XLK
2026-10-07 16:23:57 EDT,NOW,https://finance.yahoo.com/quote/NOW/chart,137.85,M,2U-1,1-2 BREAK_DOWN,bear,126.75,147.57,8,False,1,Bearish Candle,ALERT if price < 126.75 (inside break DOWN); stop > 147.57,Inside bar break DOWN (1-2),2U,2U,1,2D,2U,Information Technology,Unknown,XLK,1,XLK
2026-10-07 16:23:57 EDT,NOW,https://finance.yahoo.com/quote/NOW/chart,137.85,W,1-2D,REVSTRAT 1-2-2 (watch 2U),bull,140.8,126.75,8,True,2D,Bullish Candle,ALERT if price > 140.8 (RevStrat bull); stop < 126.75,RevStrat after 1-2D: watch for 2U reversal (1-2D-2U),2U,2U,1,2D,2U,Information Technology,Unknown,XLK,1,XLK
2026-10-07 16:23:57 EDT,NOW,https://finance.yahoo.com/quote/NOW/chart,137.85,4H,2U-1,1-2 BREAK_UP,bull,139.96,137.75,8,True,1,Bearish Candle,ALERT if price > 139.96 (inside break UP); stop < 137.75,Inside bar break UP (1-2),2U,2U,1,2D,2U,Information Technology,Unknown,XLK,1,XLK
2026-10-07 16:23:57 EDT,NOW,https://finance.yahoo.com/quote/NOW/chart,137.85,4H,2U-1,1-2 BREAK_DOWN,bear,137.75,139.96,8,False,1,Bearish Candle,ALERT if price < 137.75 (inside break DOWN); stop > 139.96,Inside bar break DOWN (1-2),2U,2U,1,2D,2U,Information Technology,Unknown,XLK,1,XLK
2026-10-07 16:23:57 EDT,NOW,https://finance.yahoo.com/quote/NOW/chart,137.85,3H,2U-1,1-2 BREAK_UP,bull,139.96,138.11,8,True,1,Bullish Candle,ALERT if price > 139.96 (inside break UP); stop < 138.11,Inside bar break UP (1-2),2U,2U,1,2D,2U,Information Technology,Unknown,XLK,1,XLK
2026-10-07 16:23:57 EDT,NOW,https://finance.yahoo.com/quote/NOW/chart,137.85,3H,2U-1,1-2 BREAK_DOWN,bear,138.11,139.96,8,False,1,Bullish Candle,ALERT if price < 138.11 (inside break DOWN); stop > 139.96,Inside bar break DOWN (1-2),2U,2U,1,2D,2U,Information Technology,Unknown,XLK,1,XLK
2026-10-07 16:23:57 EDT,NOW,https://finance.yahoo.com/quote/NOW/chart,137.85,1H,3-2D,REVSTRAT 3-2-2 (watch 2U),bull,138.46,137.75,8,True,2D,Bearish Candle,ALERT if price > 138.46 (RevStrat bull); stop < 137.75,RevStrat after 3-2D: watch for 2U reversal (3-2D-2U),2U,2U,1,2D,2U,Information Technology,Unknown,XLK,1,XLK
2026-10-07 16:23:57 EDT,GILD,https://finance.yahoo.com/quote/GILD/chart,146.82,Y,3-2U,REVSTRAT 3-2-2 (watch 2D),bear,88.57,128.7,11,False,2U,Bullish Candle,ALERT if price < 88.57 (RevStrat bear); stop > 128.7,RevStrat after 3-2U: watch for 2D reversal (3-2U-2D),2U,2U,2U,2D,2U,Health Care,Unknown,XLV,1,XLV
2026-10-07 16:23:57 EDT,GILD,https://finance.yahoo.com/quote/GILD/chart,146.82,Q,1-2U,REVSTRAT 1-2-2 (watch 2D),bear,125.13,154.2,11,False,2U,Bullish Candle,ALERT if price < 125.13 (RevStrat bear); stop > 154.2,RevStrat after 1-2U: watch for 2D reversal (1-2U-2D),2U,2U,2U,2D,2U,Health Care,Unknown,XLV,1,XLV
2026-10-07 16:23:57 EDT,GILD,https://finance.yahoo.com/quote/GILD/chart,146.82,D,3-2U,REVSTRAT 3-2-2 (watch 2D),bear,144.85,148.6,11,False,2U,Bullish Candle,ALERT if price < 144.85 (RevStrat bear); stop > 148.6,RevStrat after 3-2U: watch for 2D reversal (3-2U-2D),2U,2U,2U,2D,2U,Health Care,Unknown,XLV,1,XLV
2026-10-07 16:23:57 EDT,GILD,https://finance.yahoo.com/quote/GILD/chart,146.82,4H,2U-1,1-2 BREAK_UP,bull,148.13,146.41,11,True,1,Bearish Candle,ALERT if price > 148.13 (inside break UP); stop < 146.41,Inside bar break UP (1-2),2U,2U,2U,2D,2U,Health Care,Unknown,XLV,1,XLV
2026-10-07 16:23:57 EDT,GILD,https://finance.yahoo.com/quote/GILD/chart,146.82,4H,2U-1,1-2 BREAK_DOWN,bear,146.41,148.13,11,False,1,Bearish Candle,ALERT if price < 146.41 (inside break DOWN); stop > 148.13,Inside bar break DOWN (1-2),2U,2U,2U,2D,2U,Health Care,Unknown,XLV,1,XLV
2026-10-07 16:23:57 EDT,GILD,https://finance.yahoo.com/quote/GILD/chart,146.82,3H,2U-1,1-2 BREAK_UP,bull,148.52,147.1,11,True,1,Bearish Candle,ALERT if price > 148.52 (inside break UP); stop < 147.1,Inside bar break UP (1-2),2U,2U,2U,2D,2U,Health Care,Unknown,XLV,1,XLV
2026-10-07 16:23:57 EDT,GILD,https://finance.yahoo.com/quote/GILD/chart,146.82,3H,2U-1,1-2 BREAK_DOWN,bear,147.1,148.52,11,False,1,Bearish Candle,ALERT if price < 147.1 (inside break DOWN); stop > 148.52,Inside bar break DOWN (1-2),2U,2U,2U,2D,2U,Health Care,Unknown,XLV,1,XLV
2026-10-07 16:23:57 EDT,UBS,https://finance.yahoo.com/quote/UBS/chart,47.42,Y,2U-3,3-2 BREAK_UP,bull,47.31,25.75,-2,False,3,Bullish Candle,ALERT if price > 47.31 (outside break UP); stop < 25.75,Outside bar break UP (3-2),3,2U,2D,2D,2D,Unknown,Unknown,,0,
2026-10-07 16:23:57 EDT,UBS,https://finance.yahoo.com/quote/UBS/chart,47.42,Y,2U-3,3-2 BREAK_DOWN,bear,25.75,47.31,-2,True,3,Bullish Candle,ALERT if price < 25.75 (outside break DOWN); stop > 47.31,Outside bar break DOWN (3-2),3,2U,2D,2D,2D,Unknown,Unknown,,0,
2026-10-07 16:23:57 EDT,UBS,https://finance.yahoo.com/quote/UBS/chart,47.42,2H,2U-1,1-2 BREAK_UP,bull,47.44,47.28,-2,False,1,Bullish Candle,ALERT if price > 47.44 (inside break UP); stop < 47.28,Inside bar break UP (1-2),3,2U,2D,2D,2D,Unknown,Unknown,,0,
2026-10-07 16:23:57 EDT,UBS,https://finance.yahoo.com/quote/UBS/chart,47.42,2H,2U-1,1-2 BREAK_DOWN,bear,47.28,47.44,-2,True,1,Bullish Candle,ALERT if price < 47.28 (inside break DOWN); stop > 47.44,Inside bar break DOWN (1-2),3,2U,2D,2D,2D,Unknown,Unknown,,0,
2026-10-07 16:23:57 EDT,UBS,https://finance.yahoo.com/quote/UBS/chart,47.42,1H,3-2U,REVSTRAT 3-2-2 (watch 2D),bear,47.38,47.44,-2,True,2U,Bullish Candle,ALERT if price < 47.38 (RevStrat bear); stop > 47.44,RevStrat after 3-2U: watch for 2D reversal (3-2U-2D),3,2U,2D,2D,2D,Unknown,Unknown,,0,
2026-10-07 16:23:57 EDT,BSX,https://finance.yahoo.com/quote/BSX/chart,41.57,W,3-2D,REVSTRAT 3-2-2 (watch 2U),bull,44.3,41.94,-5,False,2D,Bearish Candle,ALERT if price > 44.3 (RevStrat bull); stop < 41.94,RevStrat after 3-2D: watch for 2U reversal (3-2D-2U),2U,2D,2D,2D,2D,Health Care,Unknown,XLV,1,XLV
2026-10-07 16:23:57 EDT,BSX,https://finance.yahoo.com/quote/BSX/chart,41.57,3H,3-1,1-2 BREAK_UP,bull,42.48,41.96,-5,False,1,Bearish Shooting-Star-like,ALERT if price > 42.48 (inside break UP); stop < 41.96,Inside bar break UP (1-2),2U,2D,2D,2D,2D,Health Care,Unknown,XLV,1,XLV
2026-10-07 16:23:57 EDT,BSX,https://finance.yahoo.com/quote/BSX/chart,41.57,3H,3-1,1-2 BREAK_DOWN,bear,41.96,42.48,-5,True,1,Bearish Shooting-Star-like,ALERT if price < 41.96 (inside break DOWN); stop > 42.48,Inside bar break DOWN (1-2),2U,2D,2D,2D,2D,Health Care,Unknown,XLV,1,XLV
2026-10-07 16:23:57 EDT,BSX,https://finance.yahoo.com/quote/BSX/chart,41.57,2H,1-2D,REVSTRAT 1-2-2 (watch 2U),bull,42.13,41.5,-5,False,2D,Bearish Candle,ALERT if price > 42.13 (RevStrat bull); stop < 41.5,RevStrat after 1-2D: watch for 2U reversal (1-2D-2U),2U,2D,2D,2D,2D,Health Care,Unknown,XLV,1,XLV
2026-10-07 16:23:57 EDT,PFE,https://finance.yahoo.com/quote/PFE/chart,27.99,Q,3-2U,REVSTRAT 3-2-2 (watch 2D),bear,23.62,29.21,3,False,2U,Bullish Candle,ALERT if price < 23.62 (RevStrat bear); stop > 29.21,RevStrat after 3-2U: watch for 2D reversal (3-2U-2D),2D,2U,2U,3,2U,Health Care,Unknown,XLV,1,XLV
2026-10-07 16:23:57 EDT,PFE,https://finance.yahoo.com/quote/PFE/chart,27.99,W,2U-3,3-2 BREAK_UP,bull,28.95,27.44,3,True,3,Bearish Candle,ALERT if price > 28.95 (outside break UP); stop < 27.44,Outside bar break UP (3-2),2D,2U,2U,3,2U,Health Care,Unknown,XLV,1,XLV
2026-10-07 16:23:57 EDT,PFE,https://finance.yahoo.com/quote/PFE/chart,27.99,W,2U-3,3-2 BREAK_DOWN,bear,27.44,28.95,3,False,3,Bearish Candle,ALERT if price < 27.44 (outside break DOWN); stop > 28.95,Outside bar break DOWN (3-2),2D,2U,2U,3,2U,Health Care,Unknown,XLV,1,XLV
2026-10-07 16:23:57 EDT,PFE,https://finance.yahoo.com/quote/PFE/chart,27.99,D,1-2U,REVSTRAT 1-2-2 (watch 2D),bear,27.55,28.17,3,False,2U,Bullish Candle,ALERT if price < 27.55 (RevStrat bear); stop > 28.17,RevStrat after 1-2U: watch for 2D reversal (1-2U-2D),2D,2U,2U,3,2U,Health Care,Unknown,XLV,1,XLV
2026-10-07 16:23:57 EDT,PFE,https://finance.yahoo.com/quote/PFE/chart,27.99,4H,2U-1,1-2 BREAK_UP,bull,28.14,27.95,3,True,1,Bearish Candle,ALERT if price > 28.14 (inside break UP); stop < 27.95,Inside bar break UP (1-2),2D,2U,2U,3,2U,Health Care,Unknown,XLV,1,XLV
2026-10-07 16:23:57 EDT,PFE,https://finance.yahoo.com/quote/PFE/chart,27.99,4H,2U-1,1-2 BREAK_DOWN,bear,27.95,28.14,3,False,1,Bearish Candle,ALERT if price < 27.95 (inside break DOWN); stop > 28.14,Inside bar break DOWN (1-2),2D,2U,2U,3,2U,Health Care,Unknown,XLV,1,XLV
2026-10-07 16:23:57 EDT,PFE,https://finance.yahoo.com/quote/PFE/chart,27.99,2H,1-2D,REVSTRAT 1-2-2 (watch 2U),bull,28.1,27.95,3,True,2D,Doji,ALERT if price > 28.1 (RevStrat bull); stop < 27.95,RevStrat after 1-2D: watch for 2U reversal (1-2D-2U),2D,2U,2U,3,2U,Health Care,Unknown,XLV,1,XLV
2026-10-07 16:23:57 EDT,PFE,https://finance.yahoo.com/quote/PFE/chart,27.99,1H,1-2D,REVSTRAT 1-2-2 (watch 2U),bull,28.05,27.95,3,True,2D,Bearish Candle,ALERT if price > 28.05 (RevStrat bull); stop < 27.95,RevStrat after 1-2D: watch for 2U reversal (1-2D-2U),2D,2U,2U,3,2U,Health Care,Unknown,XLV,1,XLV
2026-10-07 16:23:57 EDT,RIO,https://finance.yahoo.com/quote/RIO/chart,93.15,Y,1-3,3-2 BREAK_UP,bull,82.36,51.67,-10,False,3,Bullish Candle,ALERT if price > 82.36 (outside break UP); stop < 51.67,Outside bar break UP (3-2),3,2D,2D,2D,2D,Unknown,Unknown,,0,
2026-10-07 16:23:57 EDT,RIO,https://finance.yahoo.com/quote/RIO/chart,93.15,Y,1-3,3-2 BREAK_DOWN,bear,51.67,82.36,-10,True,3,Bullish Candle,ALERT if price < 51.67 (outside break DOWN); stop > 82.36,Outside bar break DOWN (3-2),3,2D,2D,2D,2D,Unknown,Unknown,,0,
2026-10-07 16:23:57 EDT,RIO,https://finance.yahoo.com/quote/RIO/chart,93.15,W,3-2D,REVSTRAT 3-2-2 (watch 2U),bull,97.0,91.68,-10,False,2D,Bullish Candle,ALERT if price > 97.0 (RevStrat bull); stop < 91.68,RevStrat after 3-2D: watch for 2U reversal (3-2D-2U),3,2D,2D,2D,2D,Unknown,Unknown,,0,
2026-10-07 16:23:57 EDT,RIO,https://finance.yahoo.com/quote/RIO/chart,93.15,4H,2D-1,1-2 BREAK_UP,bull,93.32,92.81,-10,False,1,Bullish Candle,ALERT if price > 93.32 (inside break UP); stop < 92.81,Inside bar break UP (1-2),3,2D,2D,2D,2D,Unknown,Unknown,,0,
2026-10-07 16:23:57 EDT,RIO,https://finance.yahoo.com/quote/RIO/chart,93.15,4H,2D-1,1-2 BREAK_DOWN,bear,92.81,93.32,-10,True,1,Bullish Candle,ALERT if price < 92.81 (inside break DOWN); stop > 93.32,Inside bar break DOWN (1-2),3,2D,2D,2D,2D,Unknown,Unknown,,0,
2026-10-07 16:23:57 EDT,RIO,https://finance.yahoo.com/quote/RIO/chart,93.15,3H,2D-1,1-2 BREAK_UP,bull,93.32,92.81,-10,False,1,Bullish Candle,ALERT if price > 93.32 (inside break UP); stop < 92.81,Inside bar break UP (1-2),3,2D,2D,2D,2D,Unknown,Unknown,,0,
2026-10-07 16:23:57 EDT,RIO,https://finance.yahoo.com/quote/RIO/chart,93.15,3H,2D-1,1-2 BREAK_DOWN,bear,92.81,93.32,-10,True,1,Bullish Candle,ALERT if price < 92.81 (inside break DOWN); stop > 93.32,Inside bar break DOWN (1-2),3,2D,2D,2D,2D,Unknown,Unknown,,0,
2026-10-07 16:23:57 EDT,RIO,https://finance.yahoo.com/quote/RIO/chart,93.15,2H,2D-1,1-2 BREAK_UP,bull,93.28,93.06,-10,False,1,Doji,ALERT if price > 93.28 (inside break UP); stop < 93.06,Inside bar break UP (1-2),3,2D,2D,2D,2D,Unknown,Unknown,,0,
2026-10-07 16:23:57 EDT,RIO,https://finance.yahoo.com/quote/RIO/chart,93.15,2H,2D-1,1-2 BREAK_DOWN,bear,93.06,93.28,-10,True,1,Doji,ALERT if price < 93.06 (inside break DOWN); stop > 93.28,Inside bar break DOWN (1-2),3,2D,2D,2D,2D,Unknown,Unknown,,0,
2026-10-07 16:23:57 EDT,RIO,https://finance.yahoo.com/quote/RIO/chart,93.15,1H,1-2U,REVSTRAT 1-2-2 (watch 2D),bear,93.09,93.28,-10,True,2U,Bearish Candle,ALERT if price < 93.09 (RevStrat bear); stop > 93.28,RevStrat after 1-2U: watch for 2D reversal (1-2U-2D),3,2D,2D,2D,2D,Unknown,Unknown,,0,
2026-10-07 16:23:57 EDT,ADBE,https://finance.yahoo.com/quote/ADBE/chart,232.7,M,2U-3,3-2 BREAK_UP,bull,294.53,224.67,-4,False,3,Bearish Candle,ALERT if price > 294.53 (outside break UP); stop < 224.67,Outside bar break UP (3-2),2D,2U,3,2D,2D,Information Technology,Unknown,XLK,1,XLK
2026-10-07 16:23:57 EDT,ADBE,https://finance.yahoo.com/quote/ADBE/chart,232.7,M,2U-3,3-2 BREAK_DOWN,bear,224.67,294.53,-4,True,3,Bearish Candle,ALERT if price < 224.67 (outside break DOWN); stop > 294.53,Outside bar break DOWN (3-2),2D,2U,3,2D,2D,Information Technology,Unknown,XLK,1,XLK
2026-10-07 16:23:57 EDT,ADBE,https://finance.yahoo.com/quote/ADBE/chart,232.7,D,1-2D,REVSTRAT 1-2-2 (watch 2U),bull,237.3,227.05,-4,False,2D,Bearish Candle,ALERT if price > 237.3 (RevStrat bull); stop < 227.05,RevStrat after 1-2D: watch for 2U reversal (1-2D-2U),2D,2U,3,2D,2D,Information Technology,Unknown,XLK,1,XLK
2026-10-07 16:23:57 EDT,ADBE,https://finance.yahoo.com/quote/ADBE/chart,232.7,4H,2D-1,1-2 BREAK_UP,bull,233.78,231.37,-4,False,1,Bullish Candle,ALERT if price > 233.78 (inside break UP); stop < 231.37,Inside bar break UP (1-2),2D,2U,3,2D,2D,Information Technology,Unknown,XLK,1,XLK
2026-10-07 16:23:57 EDT,ADBE,https://finance.yahoo.com/quote/ADBE/chart,232.7,4H,2D-1,1-2 BREAK_DOWN,bear,231.37,233.78,-4,True,1,Bullish Candle,ALERT if price < 231.37 (inside break DOWN); stop > 233.78,Inside bar break DOWN (1-2),2D,2U,3,2D,2D,Information Technology,Unknown,XLK,1,XLK
2026-10-07 16:23:57 EDT,ADBE,https://finance.yahoo.com/quote/ADBE/chart,232.7,3H,2D-1,1-2 BREAK_UP,bull,233.23,230.11,-4,False,1,Bullish Candle,ALERT if price > 233.23 (inside break UP); stop < 230.11,Inside bar break UP (1-2),2D,2U,3,2D,2D,Information Technology,Unknown,XLK,1,XLK
2026-10-07 16:23:57 EDT,ADBE,https://finance.yahoo.com/quote/ADBE/chart,232.7,3H,2D-1,1-2 BREAK_DOWN,bear,230.11,233.23,-4,True,1,Bullish Candle,ALERT if price < 230.11 (inside break DOWN); stop > 233.23,Inside bar break DOWN (1-2),2D,2U,3,2D,2D,Information Technology,Unknown,XLK,1,XLK
2026-10-07 16:23:57 EDT,ADBE,https://finance.yahoo.com/quote/ADBE/chart,232.7,1H,2U-1,1-2 BREAK_UP,bull,233.73,232.5,-4,False,1,Bearish Candle,ALERT if price > 233.73 (inside break UP); stop < 232.5,Inside bar break UP (1-2),2D,2U,3,2D,2D,Information Technology,Unknown,XLK,1,XLK
2026-10-07 16:23:57 EDT,ADBE,https://finance.yahoo.com/quote/ADBE/chart,232.7,1H,2U-1,1-2 BREAK_DOWN,bear,232.5,233.73,-4,True,1,Bearish Candle,ALERT if price < 232.5 (inside break DOWN); stop > 233.73,Inside bar break DOWN (1-2),2D,2U,3,2D,2D,Information Technology,Unknown,XLK,1,XLK
2026-10-07 16:23:57 EDT,SYK,https://finance.yahoo.com/quote/SYK/chart,275.42,M,1-2D,REVSTRAT 1-2-2 (watch 2U),bull,331.5,267.0,-1,False,2D,Bearish Candle,ALERT if price > 331.5 (RevStrat bull); stop < 267.0,RevStrat after 1-2D: watch for 2U reversal (1-2D-2U),2U,2D,2D,2U,2D,Health Care,Unknown,XLV,1,XLV
2026-10-07 16:23:57 EDT,SYK,https://finance.yahoo.com/quote/SYK/chart,275.42,D,1-2D,REVSTRAT 1-2-2 (watch 2U),bull,281.96,274.45,-1,False,2D,Bearish Candle,ALERT if price > 281.96 (RevStrat bull); stop < 274.45,RevStrat after 1-2D: watch for 2U reversal (1-2D-2U),2U,2D,2D,2U,2D,Health Care,Unknown,XLV,1,XLV
2026-10-07 16:23:57 EDT,SYK,https://finance.yahoo.com/quote/SYK/chart,275.42,4H,3-1,1-2 BREAK_UP,bull,279.43,275.0,-1,False,1,Bearish Marubozu-like,ALERT if price > 279.43 (inside break UP); stop < 275.0,Inside bar break UP (1-2),2U,2D,2D,2U,2D,Health Care,Unknown,XLV,1,XLV
2026-10-07 16:23:57 EDT,SYK,https://finance.yahoo.com/quote/SYK/chart,275.42,4H,3-1,1-2 BREAK_DOWN,bear,275.0,279.43,-1,True,1,Bearish Marubozu-like,ALERT if price < 275.0 (inside break DOWN); stop > 279.43,Inside bar break DOWN (1-2),2U,2D,2D,2U,2D,Health Care,Unknown,XLV,1,XLV
2026-10-07 16:23:57 EDT,SYK,https://finance.yahoo.com/quote/SYK/chart,275.42,3H,3-1,1-2 BREAK_UP,bull,279.5,276.64,-1,False,1,Bullish Candle,ALERT if price > 279.5 (inside break UP); stop < 276.64,Inside bar break UP (1-2),2U,2D,2D,2U,2D,Health Care,Unknown,XLV,1,XLV
2026-10-07 16:23:57 EDT,SYK,https://finance.yahoo.com/quote/SYK/chart,275.42,3H,3-1,1-2 BREAK_DOWN,bear,276.64,279.5,-1,True,1,Bullish Candle,ALERT if price < 276.64 (inside break DOWN); stop > 279.5,Inside bar break DOWN (1-2),2U,2D,2D,2U,2D,Health Care,Unknown,XLV,1,XLV
2026-10-07 16:23:57 EDT,SYK,https://finance.yahoo.com/quote/SYK/chart,275.42,2H,1-2D,REVSTRAT 1-2-2 (watch 2U),bull,277.92,275.0,-1,False,2D,Bearish Candle,ALERT if price > 277.92 (RevStrat bull); stop < 275.0,RevStrat after 1-2D: watch for 2U reversal (1-2D-2U),2U,2D,2D,2U,2D,Health Care,Unknown,XLV,1,XLV
2026-10-07 16:23:57 EDT,UL,https://finance.yahoo.com/quote/UL/chart,60.97,Y,2U-1,1-2 BREAK_UP,bull,73.94,61.17,0,False,1,Bullish Candle,ALERT if price > 73.94 (inside break UP); stop < 61.17,Inside bar break UP (1-2),1,2U,2D,2D,2U,Unknown,Unknown,,0,
2026-10-07 16:23:57 EDT,UL,https://finance.yahoo.com/quote/UL/chart,60.97,Y,2U-1,1-2 BREAK_DOWN,bear,61.17,73.94,0,False,1,Bullish Candle,ALERT if price < 61.17 (inside break DOWN); stop > 73.94,Inside bar break DOWN (1-2),1,2U,2D,2D,2U,Unknown,Unknown,,0,
2026-10-07 16:23:57 EDT,UL,https://finance.yahoo.com/quote/UL/chart,60.97,M,1-2D,REVSTRAT 1-2-2 (watch 2U),bull,65.55,60.71,0,False,2D,Bearish Candle,ALERT if price > 65.55 (RevStrat bull); stop < 60.71,RevStrat after 1-2D: watch for 2U reversal (1-2D-2U),1,2U,2D,2D,2U,Unknown,Unknown,,0,
2026-10-07 16:23:57 EDT,UL,https://finance.yahoo.com/quote/UL/chart,60.97,W,1-2D,REVSTRAT 1-2-2 (watch 2U),bull,62.55,59.22,0,False,2D,Bearish Candle,ALERT if price > 62.55 (RevStrat bull); stop < 59.22,RevStrat after 1-2D: watch for 2U reversal (1-2D-2U),1,2U,2D,2D,2U,Unknown,Unknown,,0,
2026-10-07 16:23:57 EDT,UL,https://finance.yahoo.com/quote/UL/chart,60.97,3H,2U-1,1-2 BREAK_UP,bull,61.21,60.99,0,False,1,Bullish Candle,ALERT if price > 61.21 (inside break UP); stop < 60.99,Inside bar break UP (1-2),1,2U,2D,2D,2U,Unknown,Unknown,,0,
2026-10-07 16:23:57 EDT,UL,https://finance.yahoo.com/quote/UL/chart,60.97,3H,2U-1,1-2 BREAK_DOWN,bear,60.99,61.21,0,False,1,Bullish Candle,ALERT if price < 60.99 (inside break DOWN); stop > 61.21,Inside bar break DOWN (1-2),1,2U,2D,2D,2U,Unknown,Unknown,,0,
2026-10-07 16:23:57 EDT,UL,https://finance.yahoo.com/quote/UL/chart,60.97,2H,1-2D,REVSTRAT 1-2-2 (watch 2U),bull,61.15,60.88,0,False,2D,Bearish Candle,ALERT if price > 61.15 (RevStrat bull); stop < 60.88,RevStrat after 1-2D: watch for 2U reversal (1-2D-2U),1,2U,2D,2D,2U,Unknown,Unknown,,0,
2026-10-07 16:23:57 EDT,UNP,https://finance.yahoo.com/quote/UNP/chart,274.68,M,1-2D,REVSTRAT 1-2-2 (watch 2U),bull,302.24,268.26,-4,False,2D,Bearish Candle,ALERT if price > 302.24 (RevStrat bull); stop < 268.26,RevStrat after 1-2D: watch for 2U reversal (1-2D-2U),2D,2U,2D,1,3,Industrials,Unknown,XLI,1,XLI
2026-10-07 16:23:57 EDT,UNP,https://finance.yahoo.com/quote/UNP/chart,274.68,W,2D-1,1-2 BREAK_UP,bull,278.6,268.68,-4,False,1,Bullish Candle,ALERT if price > 278.6 (inside break UP); stop < 268.68,Inside bar break UP (1-2),2D,2U,2D,1,3,Industrials,Unknown,XLI,1,XLI
2026-10-07 16:23:57 EDT,UNP,https://finance.yahoo.com/quote/UNP/chart,274.68,W,2D-1,1-2 BREAK_DOWN,bear,268.68,278.6,-4,True,1,Bullish Candle,ALERT if price < 268.68 (inside break DOWN); stop > 278.6,Inside bar break DOWN (1-2),2D,2U,2D,1,3,Industrials,Unknown,XLI,1,XLI
2026-10-07 16:23:57 EDT,UNP,https://finance.yahoo.com/quote/UNP/chart,274.68,D,1-3,3-2 BREAK_UP,bull,278.34,274.53,-4,False,3,Bearish Candle,ALERT if price > 278.34 (outside break UP); stop < 274.53,Outside bar break UP (3-2),2D,2U,2D,1,3,Industrials,Unknown,XLI,1,XLI
2026-10-07 16:23:57 EDT,UNP,https://finance.yahoo.com/quote/UNP/chart,274.68,D,1-3,3-2 BREAK_DOWN,bear,274.53,278.34,-4,True,3,Bearish Candle,ALERT if price < 274.53 (outside break DOWN); stop > 278.34,Outside bar break DOWN (3-2),2D,2U,2D,1,3,Industrials,Unknown,XLI,1,XLI
2026-10-07 16:23:57 EDT,UNP,https://finance.yahoo.com/quote/UNP/chart,274.68,3H,3-1,1-2 BREAK_UP,bull,277.62,275.48,-4,False,1,Bullish Candle,ALERT if price > 277.62 (inside break UP); stop < 275.48,Inside bar break UP (1-2),2D,2U,2D,1,3,Industrials,Unknown,XLI,1,XLI
2026-10-07 16:23:57 EDT,UNP,https://finance.yahoo.com/quote/UNP/chart,274.68,3H,3-1,1-2 BREAK_DOWN,bear,275.48,277.62,-4,True,1,Bullish Candle,ALERT if price < 275.48 (inside break DOWN); stop > 277.62,Inside bar break DOWN (1-2),2D,2U,2D,1,3,Industrials,Unknown,XLI,1,XLI
2026-10-07 16:23:57 EDT,UNP,https://finance.yahoo.com/quote/UNP/chart,274.68,2H,1-2D,REVSTRAT 1-2-2 (watch 2U),bull,276.46,274.53,-4,False,2D,Bearish Candle,ALERT if price > 276.46 (RevStrat bull); stop < 274.53,RevStrat after 1-2D: watch for 2U reversal (1-2D-2U),2D,2U,2D,1,3,Industrials,Unknown,XLI,1,XLI
2026-10-07 16:23:57 EDT,LOW,https://finance.yahoo.com/quote/LOW/chart,181.52,M,1-2D,REVSTRAT 1-2-2 (watch 2U),bull,205.48,184.22,-14,False,2D,Bearish Marubozu-like,ALERT if price > 205.48 (RevStrat bull); stop < 184.22,RevStrat after 1-2D: watch for 2U reversal (1-2D-2U),2D,2D,2D,2D,1,Consumer Discretionary,Unknown,XLY,1,XLY
2026-10-07 16:23:57 EDT,LOW,https://finance.yahoo.com/quote/LOW/chart,181.52,D,2U-1,1-2 BREAK_UP,bull,183.67,180.49,-14,False,1,Bearish Candle,ALERT if price > 183.67 (inside break UP); stop < 180.49,Inside bar break UP (1-2),2D,2D,2D,2D,1,Consumer Discretionary,Unknown,XLY,1,XLY
2026-10-07 16:23:57 EDT,LOW,https://finance.yahoo.com/quote/LOW/chart,181.52,D,2U-1,1-2 BREAK_DOWN,bear,180.49,183.67,-14,True,1,Bearish Candle,ALERT if price < 180.49 (inside break DOWN); stop > 183.67,Inside bar break DOWN (1-2),2D,2D,2D,2D,1,Consumer Discretionary,Unknown,XLY,1,XLY
2026-10-07 16:23:57 EDT,LOW,https://finance.yahoo.com/quote/LOW/chart,181.52,4H,2D-1,1-2 BREAK_UP,bull,181.75,180.5,-14,False,1,Bullish Candle,ALERT if price > 181.75 (inside break UP); stop < 180.5,Inside bar break UP (1-2),2D,2D,2D,2D,1,Consumer Discretionary,Unknown,XLY,1,XLY
2026-10-07 16:23:57 EDT,LOW,https://finance.yahoo.com/quote/LOW/chart,181.52,4H,2D-1,1-2 BREAK_DOWN,bear,180.5,181.75,-14,True,1,Bullish Candle,ALERT if price < 180.5 (inside break DOWN); stop > 181.75,Inside bar break DOWN (1-2),2D,2D,2D,2D,1,Consumer Discretionary,Unknown,XLY,1,XLY
2026-10-07 16:23:57 EDT,LOW,https://finance.yahoo.com/quote/LOW/chart,181.52,3H,2D-1,1-2 BREAK_UP,bull,181.49,180.5,-14,False,1,Doji,ALERT if price > 181.49 (inside break UP); stop < 180.5,Inside bar break UP (1-2),2D,2D,2D,2D,1,Consumer Discretionary,Unknown,XLY,1,XLY
2026-10-07 16:23:57 EDT,LOW,https://finance.yahoo.com/quote/LOW/chart,181.52,3H,2D-1,1-2 BREAK_DOWN,bear,180.5,181.49,-14,True,1,Doji,ALERT if price < 180.5 (inside break DOWN); stop > 181.49,Inside bar break DOWN (1-2),2D,2D,2D,2D,1,Consumer Discretionary,Unknown,XLY,1,XLY
2026-10-07 16:23:57 EDT,LOW,https://finance.yahoo.com/quote/LOW/chart,181.52,2H,1-2U,REVSTRAT 1-2-2 (watch 2D),bear,180.82,181.75,-14,True,2U,Bullish Candle,ALERT if price < 180.82 (RevStrat bear); stop > 181.75,RevStrat after 1-2U: watch for 2D reversal (1-2U-2D),2D,2D,2D,2D,1,Consumer Discretionary,Unknown,XLY,1,XLY
2026-10-07 16:23:57 EDT,TTE,https://finance.yahoo.com/quote/TTE/chart,84.21,Y,3-2D,REVSTRAT 3-2-2 (watch 2U),bull,66.92,52.78,-8,False,2D,Bullish Candle,ALERT if price > 66.92 (RevStrat bull); stop < 52.78,RevStrat after 3-2D: watch for 2U reversal (3-2D-2U),2D,2D,2U,2D,3,Unknown,Unknown,,0,
2026-10-07 16:23:57 EDT,TTE,https://finance.yahoo.com/quote/TTE/chart,84.21,D,2U-3,3-2 BREAK_UP,bull,85.5,83.87,-8,False,3,Bearish Candle,ALERT if price > 85.5 (outside break UP); stop < 83.87,Outside bar break UP (3-2),2D,2D,2U,2D,3,Unknown,Unknown,,0,
2026-10-07 16:23:57 EDT,TTE,https://finance.yahoo.com/quote/TTE/chart,84.21,D,2U-3,3-2 BREAK_DOWN,bear,83.87,85.5,-8,True,3,Bearish Candle,ALERT if price < 83.87 (outside break DOWN); stop > 85.5,Outside bar break DOWN (3-2),2D,2D,2U,2D,3,Unknown,Unknown,,0,
2026-10-07 16:23:57 EDT,TTE,https://finance.yahoo.com/quote/TTE/chart,84.21,4H,3-1,1-2 BREAK_UP,bull,84.89,84.17,-8,False,1,Bearish Shooting-Star-like,ALERT if price > 84.89 (inside break UP); stop < 84.17,Inside bar break UP (1-2),2D,2D,2U,2D,3,Unknown,Unknown,,0,
2026-10-07 16:23:57 EDT,TTE,https://finance.yahoo.com/quote/TTE/chart,84.21,4H,3-1,1-2 BREAK_DOWN,bear,84.17,84.89,-8,True,1,Bearish Shooting-Star-like,ALERT if price < 84.17 (inside break DOWN); stop > 84.89,Inside bar break DOWN (1-2),2D,2D,2U,2D,3,Unknown,Unknown,,0,
2026-10-07 16:23:57 EDT,TTE,https://finance.yahoo.com/quote/TTE/chart,84.21,3H,3-1,1-2 BREAK_UP,bull,84.53,84.1,-8,False,1,Bullish Candle,ALERT if price > 84.53 (inside break UP); stop < 84.1,Inside bar break UP (1-2),2D,2D,2U,2D,3,Unknown,Unknown,,0,
2026-10-07 16:23:57 EDT,TTE,https://finance.yahoo.com/quote/TTE/chart,84.21,3H,3-1,1-2 BREAK_DOWN,bear,84.1,84.53,-8,True,1,Bullish Candle,ALERT if price < 84.1 (inside break DOWN); stop > 84.53,Inside bar break DOWN (1-2),2D,2D,2U,2D,3,Unknown,Unknown,,0,
2026-10-07 16:23:57 EDT,TTE,https://finance.yahoo.com/quote/TTE/chart,84.21,2H,2U-3,3-2 BREAK_UP,bull,84.89,84.17,-8,False,3,Bearish Shooting-Star-like,ALERT if price > 84.89 (outside break UP); stop < 84.17,Outside bar break UP (3-2),2D,2D,2U,2D,3,Unknown,Unknown,,0,
2026-10-07 16:23:57 EDT,TTE,https://finance.yahoo.com/quote/TTE/chart,84.21,2H,2U-3,3-2 BREAK_DOWN,bear,84.17,84.89,-8,True,3,Bearish Shooting-Star-like,ALERT if price < 84.17 (outside break DOWN); stop > 84.89,Outside bar break DOWN (3-2),2D,2D,2U,2D,3,Unknown,Unknown,,0,
2026-10-07 16:23:57 EDT,BBVA,https://finance.yahoo.com/quote/BBVA/chart,26.25,Q,1-2U,REVSTRAT 1-2-2 (watch 2D),bear,24.74,29.64,6,False,2U,Bullish Candle,ALERT if price < 24.74 (RevStrat bear); stop > 29.64,RevStrat after 1-2U: watch for 2D reversal (1-2U-2D),2U,2U,3,2D,2D,Unknown,Unknown,,0,
2026-10-07 16:23:57 EDT,BBVA,https://finance.yahoo.com/quote/BBVA/chart,26.25,M,2U-3,3-2 BREAK_UP,bull,29.64,27.83,6,True,3,Bearish Candle,ALERT if price > 29.64 (outside break UP); stop < 27.83,Outside bar break UP (3-2),2U,2U,3,2D,2D,Unknown,Unknown,,0,
2026-10-07 16:23:57 EDT,BBVA,https://finance.yahoo.com/quote/BBVA/chart,26.25,M,2U-3,3-2 BREAK_DOWN,bear,27.83,29.64,6,False,3,Bearish Candle,ALERT if price < 27.83 (outside break DOWN); stop > 29.64,Outside bar break DOWN (3-2),2U,2U,3,2D,2D,Unknown,Unknown,,0,
2026-10-07 16:23:57 EDT,BBVA,https://finance.yahoo.com/quote/BBVA/chart,26.25,W,1-2D,REVSTRAT 1-2-2 (watch 2U),bull,28.99,26.24,6,True,2D,Bearish Candle,ALERT if price > 28.99 (RevStrat bull); stop < 26.24,RevStrat after 1-2D: watch for 2U reversal (1-2D-2U),2U,2U,3,2D,2D,Unknown,Unknown,,0,
2026-10-07 16:23:57 EDT,DE,https://finance.yahoo.com/quote/DE/chart,656.74,Y,3-2U,REVSTRAT 3-2-2 (watch 2D),bear,403.01,533.78,9,False,2U,Bullish Candle,ALERT if price < 403.01 (RevStrat bear); stop > 533.78,RevStrat after 3-2U: watch for 2D reversal (3-2U-2D),2U,2U,2U,2D,2D,Industrials,Unknown,XLI,1,XLI
2026-10-07 16:23:57 EDT,DE,https://finance.yahoo.com/quote/DE/chart,656.74,Q,1-2U,REVSTRAT 1-2-2 (watch 2D),bear,576.45,721.22,9,False,2U,Bullish Candle,ALERT if price < 576.45 (RevStrat bear); stop > 721.22,RevStrat after 1-2U: watch for 2D reversal (1-2U-2D),2U,2U,2U,2D,2D,Industrials,Unknown,XLI,1,XLI
2026-10-07 16:23:57 EDT,DE,https://finance.yahoo.com/quote/DE/chart,656.74,4H,2D-1,1-2 BREAK_UP,bull,664.44,656.69,9,True,1,Bearish Marubozu-like,ALERT if price > 664.44 (inside break UP); stop < 656.69,Inside bar break UP (1-2),2U,2U,2U,2D,2D,Industrials,Unknown,XLI,1,XLI
2026-10-07 16:23:57 EDT,DE,https://finance.yahoo.com/quote/DE/chart,656.74,4H,2D-1,1-2 BREAK_DOWN,bear,656.69,664.44,9,False,1,Bearish Marubozu-like,ALERT if price < 656.69 (inside break DOWN); stop > 664.44,Inside bar break DOWN (1-2),2U,2U,2U,2D,2D,Industrials,Unknown,XLI,1,XLI
2026-10-07 16:23:57 EDT,DE,https://finance.yahoo.com/quote/DE/chart,656.74,3H,2D-1,1-2 BREAK_UP,bull,664.44,658.07,9,True,1,Bullish Candle,ALERT if price > 664.44 (inside break UP); stop < 658.07,Inside bar break UP (1-2),2U,2U,2U,2D,2D,Industrials,Unknown,XLI,1,XLI
2026-10-07 16:23:57 EDT,DE,https://finance.yahoo.com/quote/DE/chart,656.74,3H,2D-1,1-2 BREAK_DOWN,bear,658.07,664.44,9,False,1,Bullish Candle,ALERT if price < 658.07 (inside break DOWN); stop > 664.44,Inside bar break DOWN (1-2),2U,2U,2U,2D,2D,Industrials,Unknown,XLI,1,XLI
2026-10-07 16:23:57 EDT,DE,https://finance.yahoo.com/quote/DE/chart,656.74,2H,1-2D,REVSTRAT 1-2-2 (watch 2U),bull,661.19,656.69,9,True,2D,Bearish Candle,ALERT if price > 661.19 (RevStrat bull); stop < 656.69,RevStrat after 1-2D: watch for 2U reversal (1-2D-2U),2U,2U,2U,2D,2D,Industrials,Unknown,XLI,1,XLI
2026-10-07 16:23:57 EDT,SCCO,https://finance.yahoo.com/quote/SCCO/chart,200.58,Y,2U-3,3-2 BREAK_UP,bull,147.71,70.71,1,True,3,Bullish Candle,ALERT if price > 147.71 (outside break UP); stop < 70.71,Outside bar break UP (3-2),3,3,1,2U,2D,Unknown,Unknown,,0,
2026-10-07 16:23:57 EDT,SCCO,https://finance.yahoo.com/quote/SCCO/chart,200.58,Y,2U-3,3-2 BREAK_DOWN,bear,70.71,147.71,1,False,3,Bullish Candle,ALERT if price < 70.71 (outside break DOWN); stop > 147.71,Outside bar break DOWN (3-2),3,3,1,2U,2D,Unknown,Unknown,,0,
2026-10-07 16:23:57 EDT,SCCO,https://finance.yahoo.com/quote/SCCO/chart,200.58,Q,1-3,3-2 BREAK_UP,bull,220.78,159.38,1,True,3,Bullish Candle,ALERT if price > 220.78 (outside break UP); stop < 159.38,Outside bar break UP (3-2),3,3,1,2U,2D,Unknown,Unknown,,0,
2026-10-07 16:23:57 EDT,SCCO,https://finance.yahoo.com/quote/SCCO/chart,200.58,Q,1-3,3-2 BREAK_DOWN,bear,159.38,220.78,1,False,3,Bullish Candle,ALERT if price < 159.38 (outside break DOWN); stop > 220.78,Outside bar break DOWN (3-2),3,3,1,2U,2D,Unknown,Unknown,,0,
2026-10-07 16:23:57 EDT,SCCO,https://finance.yahoo.com/quote/SCCO/chart,200.58,M,2U-1,1-2 BREAK_UP,bull,213.83,183.5,1,True,1,Doji,ALERT if price > 213.83 (inside break UP); stop < 183.5,Inside bar break UP (1-2),3,3,1,2U,2D,Unknown,Unknown,,0,
2026-10-07 16:23:57 EDT,SCCO,https://finance.yahoo.com/quote/SCCO/chart,200.58,M,2U-1,1-2 BREAK_DOWN,bear,183.5,213.83,1,False,1,Doji,ALERT if price < 183.5 (inside break DOWN); stop > 213.83,Inside bar break DOWN (1-2),3,3,1,2U,2D,Unknown,Unknown,,0,
2026-10-07 16:23:57 EDT,SCCO,https://finance.yahoo.com/quote/SCCO/chart,200.58,2H,1-2U,REVSTRAT 1-2-2 (watch 2D),bear,199.47,200.84,1,False,2U,Bullish Candle,ALERT if price < 199.47 (RevStrat bear); stop > 200.84,RevStrat after 1-2U: watch for 2D reversal (1-2U-2D),3,3,1,2U,2D,Unknown,Unknown,,0,
2026-10-07 16:23:57 EDT,SMFG,https://finance.yahoo.com/quote/SMFG/chart,25.4,M,1-2U,REVSTRAT 1-2-2 (watch 2D),bear,25.29,27.62,11,False,2U,Doji,ALERT if price < 25.29 (RevStrat bear); stop > 27.62,RevStrat after 1-2U: watch for 2D reversal (1-2U-2D),2U,2U,2U,3,2D,Unknown,Unknown,,0,
2026-10-07 16:23:57 EDT,SMFG,https://finance.yahoo.com/quote/SMFG/chart,25.4,W,2D-3,3-2 BREAK_UP,bull,26.82,24.78,11,True,3,Bearish Candle,ALERT if price > 26.82 (outside break UP); stop < 24.78,Outside bar break UP (3-2),2U,2U,2U,3,2D,Unknown,Unknown,,0,
2026-10-07 16:23:57 EDT,SMFG,https://finance.yahoo.com/quote/SMFG/chart,25.4,W,2D-3,3-2 BREAK_DOWN,bear,24.78,26.82,11,False,3,Bearish Candle,ALERT if price < 24.78 (outside break DOWN); stop > 26.82,Outside bar break DOWN (3-2),2U,2U,2U,3,2D,Unknown,Unknown,,0,
2026-10-07 16:23:57 EDT,HON,https://finance.yahoo.com/quote/HON/chart,208.01,Q,1-2D,REVSTRAT 1-2-2 (watch 2U),bull,252.0,196.98,-11,False,2D,Bearish Candle,ALERT if price > 252.0 (RevStrat bull); stop < 196.98,RevStrat after 1-2D: watch for 2U reversal (1-2D-2U),2D,2D,2D,2U,2D,Industrials,Unknown,DIA|XLI,2,"DIA, XLI"
2026-10-07 16:23:57 EDT,HON,https://finance.yahoo.com/quote/HON/chart,208.01,D,3-2D,REVSTRAT 3-2-2 (watch 2U),bull,211.43,207.87,-11,False,2D,Bearish Candle,ALERT if price > 211.43 (RevStrat bull); stop < 207.87,RevStrat after 3-2D: watch for 2U reversal (3-2D-2U),2D,2D,2D,2U,2D,Industrials,Unknown,DIA|XLI,2,"DIA, XLI"
2026-10-07 16:23:57 EDT,HON,https://finance.yahoo.com/quote/HON/chart,208.01,4H,2D-1,1-2 BREAK_UP,bull,209.66,207.98,-11,False,1,Bearish Candle,ALERT if price > 209.66 (inside break UP); stop < 207.98,Inside bar break UP (1-2),2D,2D,2D,2U,2D,Industrials,Unknown,DIA|XLI,2,"DIA, XLI"
2026-10-07 16:23:57 EDT,HON,https://finance.yahoo.com/quote/HON/chart,208.01,4H,2D-1,1-2 BREAK_DOWN,bear,207.98,209.66,-11,True,1,Bearish Candle,ALERT if price < 207.98 (inside break DOWN); stop > 209.66,Inside bar break DOWN (1-2),2D,2D,2D,2U,2D,Industrials,Unknown,DIA|XLI,2,"DIA, XLI"
2026-10-07 16:23:57 EDT,HON,https://finance.yahoo.com/quote/HON/chart,208.01,3H,2D-1,1-2 BREAK_UP,bull,209.66,208.11,-11,False,1,Bullish Candle,ALERT if price > 209.66 (inside break UP); stop < 208.11,Inside bar break UP (1-2),2D,2D,2D,2U,2D,Industrials,Unknown,DIA|XLI,2,"DIA, XLI"
2026-10-07 16:23:57 EDT,HON,https://finance.yahoo.com/quote/HON/chart,208.01,3H,2D-1,1-2 BREAK_DOWN,bear,208.11,209.66,-11,True,1,Bullish Candle,ALERT if price < 208.11 (inside break DOWN); stop > 209.66,Inside bar break DOWN (1-2),2D,2D,2D,2U,2D,Industrials,Unknown,DIA|XLI,2,"DIA, XLI"
2026-10-07 16:23:57 EDT,PANW,https://finance.yahoo.com/quote/PANW/chart,405.41,M,2U-3,3-2 BREAK_UP,bull,404.69,321.39,10,True,3,Bullish Hammer-like,ALERT if price > 404.69 (outside break UP); stop < 321.39,Outside bar break UP (3-2),2U,2U,3,2U,2D,Information Technology,Unknown,XLK,1,XLK
2026-10-07 16:23:57 EDT,PANW,https://finance.yahoo.com/quote/PANW/chart,405.41,M,2U-3,3-2 BREAK_DOWN,bear,321.39,404.69,10,False,3,Bullish Hammer-like,ALERT if price < 321.39 (outside break DOWN); stop > 404.69,Outside bar break DOWN (3-2),2U,2U,3,2U,2D,Information Technology,Unknown,XLK,1,XLK
2026-10-07 16:23:57 EDT,PANW,https://finance.yahoo.com/quote/PANW/chart,405.41,2H,1-2D,REVSTRAT 1-2-2 (watch 2U),bull,407.31,404.63,10,True,2D,Bearish Candle,ALERT if price > 407.31 (RevStrat bull); stop < 404.63,RevStrat after 1-2D: watch for 2U reversal (1-2D-2U),2U,2U,3,2U,2D,Information Technology,Unknown,XLK,1,XLK
2026-10-07 16:23:57 EDT,ETN,https://finance.yahoo.com/quote/ETN/chart,431.23,W,2U-3,3-2 BREAK_UP,bull,452.0,423.0,5,True,3,Doji,ALERT if price > 452.0 (outside break UP); stop < 423.0,Outside bar break UP (3-2),2U,2U,2D,3,2D,Industrials,Unknown,XLI,1,XLI
2026-10-07 16:23:57 EDT,ETN,https://finance.yahoo.com/quote/ETN/chart,431.23,W,2U-3,3-2 BREAK_DOWN,bear,423.0,452.0,5,False,3,Doji,ALERT if price < 423.0 (outside break DOWN); stop > 452.0,Outside bar break DOWN (3-2),2U,2U,2D,3,2D,Industrials,Unknown,XLI,1,XLI
2026-10-07 16:23:57 EDT,ETN,https://finance.yahoo.com/quote/ETN/chart,431.23,4H,2D-1,1-2 BREAK_UP,bull,432.15,428.04,5,True,1,Bullish Candle,ALERT if price > 432.15 (inside break UP); stop < 428.04,Inside bar break UP (1-2),2U,2U,2D,3,2D,Industrials,Unknown,XLI,1,XLI
2026-10-07 16:23:57 EDT,ETN,https://finance.yahoo.com/quote/ETN/chart,431.23,4H,2D-1,1-2 BREAK_DOWN,bear,428.04,432.15,5,False,1,Bullish Candle,ALERT if price < 428.04 (inside break DOWN); stop > 432.15,Inside bar break DOWN (1-2),2U,2U,2D,3,2D,Industrials,Unknown,XLI,1,XLI
2026-10-07 16:23:57 EDT,ETN,https://finance.yahoo.com/quote/ETN/chart,431.23,3H,2D-1,1-2 BREAK_UP,bull,430.97,427.88,5,True,1,Bullish Candle,ALERT if price > 430.97 (inside break UP); stop < 427.88,Inside bar break UP (1-2),2U,2U,2D,3,2D,Industrials,Unknown,XLI,1,XLI
2026-10-07 16:23:57 EDT,ETN,https://finance.yahoo.com/quote/ETN/chart,431.23,3H,2D-1,1-2 BREAK_DOWN,bear,427.88,430.97,5,False,1,Bullish Candle,ALERT if price < 427.88 (inside break DOWN); stop > 430.97,Inside bar break DOWN (1-2),2U,2U,2D,3,2D,Industrials,Unknown,XLI,1,XLI
2026-10-07 16:23:57 EDT,ETN,https://finance.yahoo.com/quote/ETN/chart,431.23,2H,2U-3,3-2 BREAK_UP,bull,432.15,428.04,5,True,3,Bullish Candle,ALERT if price > 432.15 (outside break UP); stop < 428.04,Outside bar break UP (3-2),2U,2U,2D,3,2D,Industrials,Unknown,XLI,1,XLI
2026-10-07 16:23:57 EDT,ETN,https://finance.yahoo.com/quote/ETN/chart,431.23,2H,2U-3,3-2 BREAK_DOWN,bear,428.04,432.15,5,False,3,Bullish Candle,ALERT if price < 428.04 (outside break DOWN); stop > 432.15,Outside bar break DOWN (3-2),2U,2U,2D,3,2D,Industrials,Unknown,XLI,1,XLI
2026-10-07 16:23:57 EDT,ETN,https://finance.yahoo.com/quote/ETN/chart,431.23,1H,3-2U,REVSTRAT 3-2-2 (watch 2D),bear,430.64,432.15,5,False,2U,Bullish Candle,ALERT if price < 430.64 (RevStrat bear); stop > 432.15,RevStrat after 3-2U: watch for 2D reversal (3-2U-2D),2U,2U,2D,3,2D,Industrials,Unknown,XLI,1,XLI
2026-10-07 16:23:57 EDT,MDT,https://finance.yahoo.com/quote/MDT/chart,85.51,4H,3-2D,REVSTRAT 3-2-2 (watch 2U),bull,86.79,85.43,9,True,2D,Bearish Candle,ALERT if price > 86.79 (RevStrat bull); stop < 85.43,RevStrat after 3-2D: watch for 2U reversal (3-2D-2U),2U,2U,2U,2D,2D,Health Care,Unknown,XLV,1,XLV
2026-10-07 16:23:57 EDT,MDT,https://finance.yahoo.com/quote/MDT/chart,85.51,3H,3-2D,REVSTRAT 3-2-2 (watch 2U),bull,86.85,85.88,9,True,2D,Bearish Candle,ALERT if price > 86.85 (RevStrat bull); stop < 85.88,RevStrat after 3-2D: watch for 2U reversal (3-2D-2U),2U,2U,2U,2D,2D,Health Care,Unknown,XLV,1,XLV
2026-10-07 16:23:57 EDT,WELL,https://finance.yahoo.com/quote/WELL/chart,221.17,M,2D-1,1-2 BREAK_UP,bull,242.97,228.0,6,True,1,Bearish Candle,ALERT if price > 242.97 (inside break UP); stop < 228.0,Inside bar break UP (1-2),2U,2U,1,2D,2D,Real Estate,Unknown,,0,
2026-10-07 16:23:57 EDT,WELL,https://finance.yahoo.com/quote/WELL/chart,221.17,M,2D-1,1-2 BREAK_DOWN,bear,228.0,242.97,6,False,1,Bearish Candle,ALERT if price < 228.0 (inside break DOWN); stop > 242.97,Inside bar break DOWN (1-2),2U,2U,1,2D,2D,Real Estate,Unknown,,0,
2026-10-07 16:23:57 EDT,WELL,https://finance.yahoo.com/quote/WELL/chart,221.17,W,1-2D,REVSTRAT 1-2-2 (watch 2U),bull,234.82,225.36,6,True,2D,Bearish Candle,ALERT if price > 234.82 (RevStrat bull); stop < 225.36,RevStrat after 1-2D: watch for 2U reversal (1-2D-2U),2U,2U,1,2D,2D,Real Estate,Unknown,,0,
2026-10-07 16:23:57 EDT,WELL,https://finance.yahoo.com/quote/WELL/chart,221.17,4H,3-2D,REVSTRAT 3-2-2 (watch 2U),bull,224.14,220.87,6,True,2D,Bearish Marubozu-like,ALERT if price > 224.14 (RevStrat bull); stop < 220.87,RevStrat after 3-2D: watch for 2U reversal (3-2D-2U),2U,2U,1,2D,2D,Real Estate,Unknown,,0,
2026-10-07 16:23:57 EDT,WELL,https://finance.yahoo.com/quote/WELL/chart,221.17,3H,3-2D,REVSTRAT 3-2-2 (watch 2U),bull,224.14,221.9,6,True,2D,Bearish Candle,ALERT if price > 224.14 (RevStrat bull); stop < 221.9,RevStrat after 3-2D: watch for 2U reversal (3-2D-2U),2U,2U,1,2D,2D,Real Estate,Unknown,,0,
2026-10-07 16:23:57 EDT,BUD,https://finance.yahoo.com/quote/BUD/chart,74.63,Y,3-3,3-2 BREAK_UP,bull,72.13,45.94,-2,False,3,Bullish Candle,ALERT if price > 72.13 (outside break UP); stop < 45.94,Outside bar break UP (3-2),3,2U,2D,2D,2D,Unknown,Unknown,,0,
2026-10-07 16:23:57 EDT,BUD,https://finance.yahoo.com/quote/BUD/chart,74.63,Y,3-3,3-2 BREAK_DOWN,bear,45.94,72.13,-2,True,3,Bullish Candle,ALERT if price < 45.94 (outside break DOWN); stop > 72.13,Outside bar break DOWN (3-2),3,2U,2D,2D,2D,Unknown,Unknown,,0,
2026-10-07 16:23:57 EDT,PGR,https://finance.yahoo.com/quote/PGR/chart,214.13,Q,3-2U,REVSTRAT 3-2-2 (watch 2D),bear,200.96,239.38,10,False,2U,Bearish Candle,ALERT if price < 200.96 (RevStrat bear); stop > 239.38,RevStrat after 3-2U: watch for 2D reversal (3-2U-2D),2U,2U,3,1,2U,Financials,Unknown,XLF,1,XLF
2026-10-07 16:23:57 EDT,PGR,https://finance.yahoo.com/quote/PGR/chart,214.13,M,1-3,3-2 BREAK_UP,bull,225.45,200.96,10,True,3,Bearish Candle,ALERT if price > 225.45 (outside break UP); stop < 200.96,Outside bar break UP (3-2),2U,2U,3,1,2U,Financials,Unknown,XLF,1,XLF
2026-10-07 16:23:57 EDT,PGR,https://finance.yahoo.com/quote/PGR/chart,214.13,M,1-3,3-2 BREAK_DOWN,bear,200.96,225.45,10,False,3,Bearish Candle,ALERT if price < 200.96 (outside break DOWN); stop > 225.45,Outside bar break DOWN (3-2),2U,2U,3,1,2U,Financials,Unknown,XLF,1,XLF
2026-10-07 16:23:57 EDT,PGR,https://finance.yahoo.com/quote/PGR/chart,214.13,W,2D-1,1-2 BREAK_UP,bull,211.97,204.97,10,True,1,Bullish Candle,ALERT if price > 211.97 (inside break UP); stop < 204.97,Inside bar break UP (1-2),2U,2U,3,1,2U,Financials,Unknown,XLF,1,XLF
2026-10-07 16:23:57 EDT,PGR,https://finance.yahoo.com/quote/PGR/chart,214.13,W,2D-1,1-2 BREAK_DOWN,bear,204.97,211.97,10,False,1,Bullish Candle,ALERT if price < 204.97 (inside break DOWN); stop > 211.97,Inside bar break DOWN (1-2),2U,2U,3,1,2U,Financials,Unknown,XLF,1,XLF
2026-10-07 16:23:57 EDT,PGR,https://finance.yahoo.com/quote/PGR/chart,214.13,3H,3-2U,REVSTRAT 3-2-2 (watch 2D),bear,213.93,215.74,10,False,2U,Bullish Candle,ALERT if price < 213.93 (RevStrat bear); stop > 215.74,RevStrat after 3-2U: watch for 2D reversal (3-2U-2D),2U,2U,3,1,2U,Financials,Unknown,XLF,1,XLF
2026-10-07 16:23:57 EDT,ARM,https://finance.yahoo.com/quote/ARM/chart,294.37,Y,2U-1,1-2 BREAK_UP,bull,183.16,80.0,0,False,1,Bearish Candle,ALERT if price > 183.16 (inside break UP); stop < 80.0,Inside bar break UP (1-2),1,1,2U,2D,2D,Unknown,Unknown,,0,
2026-10-07 16:23:57 EDT,ARM,https://finance.yahoo.com/quote/ARM/chart,294.37,Y,2U-1,1-2 BREAK_DOWN,bear,80.0,183.16,0,False,1,Bearish Candle,ALERT if price < 80.0 (inside break DOWN); stop > 183.16,Inside bar break DOWN (1-2),1,1,2U,2D,2D,Unknown,Unknown,,0,
2026-10-07 16:23:57 EDT,ARM,https://finance.yahoo.com/quote/ARM/chart,294.37,Q,2U-1,1-2 BREAK_UP,bull,358.49,219.39,0,False,1,Bearish Candle,ALERT if price > 358.49 (inside break UP); stop < 219.39,Inside bar break UP (1-2),1,1,2U,2D,2D,Unknown,Unknown,,0,
2026-10-07 16:23:57 EDT,ARM,https://finance.yahoo.com/quote/ARM/chart,294.37,Q,2U-1,1-2 BREAK_DOWN,bear,219.39,358.49,0,False,1,Bearish Candle,ALERT if price < 219.39 (inside break DOWN); stop > 358.49,Inside bar break DOWN (1-2),1,1,2U,2D,2D,Unknown,Unknown,,0,
2026-10-07 16:23:57 EDT,ARM,https://finance.yahoo.com/quote/ARM/chart,294.37,D,1-2D,REVSTRAT 1-2-2 (watch 2U),bull,300.6,290.57,0,False,2D,Bullish Candle,ALERT if price > 300.6 (RevStrat bull); stop < 290.57,RevStrat after 1-2D: watch for 2U reversal (1-2D-2U),1,1,2U,2D,2D,Unknown,Unknown,,0,
2026-10-07 16:23:57 EDT,ARM,https://finance.yahoo.com/quote/ARM/chart,294.37,4H,2D-1,1-2 BREAK_UP,bull,300.4,292.84,0,False,1,Bearish Candle,ALERT if price > 300.4 (inside break UP); stop < 292.84,Inside bar break UP (1-2),1,1,2U,2D,2D,Unknown,Unknown,,0,
2026-10-07 16:23:57 EDT,ARM,https://finance.yahoo.com/quote/ARM/chart,294.37,4H,2D-1,1-2 BREAK_DOWN,bear,292.84,300.4,0,False,1,Bearish Candle,ALERT if price < 292.84 (inside break DOWN); stop > 300.4,Inside bar break DOWN (1-2),1,1,2U,2D,2D,Unknown,Unknown,,0,
2026-10-07 16:23:57 EDT,ARM,https://finance.yahoo.com/quote/ARM/chart,294.37,3H,2D-1,1-2 BREAK_UP,bull,300.43,296.32,0,False,1,Bullish Candle,ALERT if price > 300.43 (inside break UP); stop < 296.32,Inside bar break UP (1-2),1,1,2U,2D,2D,Unknown,Unknown,,0,
2026-10-07 16:23:57 EDT,ARM,https://finance.yahoo.com/quote/ARM/chart,294.37,3H,2D-1,1-2 BREAK_DOWN,bear,296.32,300.43,0,False,1,Bullish Candle,ALERT if price < 296.32 (inside break DOWN); stop > 300.43,Inside bar break DOWN (1-2),1,1,2U,2D,2D,Unknown,Unknown,,0,
2026-10-07 16:23:57 EDT,ARM,https://finance.yahoo.com/quote/ARM/chart,294.37,2H,1-2D,REVSTRAT 1-2-2 (watch 2U),bull,298.25,292.84,0,False,2D,Bearish Candle,ALERT if price > 298.25 (RevStrat bull); stop < 292.84,RevStrat after 1-2D: watch for 2U reversal (1-2D-2U),1,1,2U,2D,2D,Unknown,Unknown,,0,
2026-10-07 16:23:57 EDT,CB,https://finance.yahoo.com/quote/CB/chart,334.7,Q,1-2U,REVSTRAT 1-2-2 (watch 2D),bear,325.23,365.91,5,False,2U,Bearish Candle,ALERT if price < 325.23 (RevStrat bear); stop > 365.91,RevStrat after 1-2U: watch for 2D reversal (1-2U-2D),2U,2U,2D,2D,2U,Financials,Unknown,XLF,1,XLF
2026-10-07 16:23:57 EDT,CB,https://finance.yahoo.com/quote/CB/chart,334.7,M,1-2D,REVSTRAT 1-2-2 (watch 2U),bull,349.03,325.23,5,True,2D,Bearish Candle,ALERT if price > 349.03 (RevStrat bull); stop < 325.23,RevStrat after 1-2D: watch for 2U reversal (1-2D-2U),2U,2U,2D,2D,2U,Financials,Unknown,XLF,1,XLF
2026-10-07 16:23:57 EDT,CB,https://finance.yahoo.com/quote/CB/chart,334.7,4H,3-2U,REVSTRAT 3-2-2 (watch 2D),bear,334.7,337.3,5,False,2U,Bearish Candle,ALERT if price < 334.7 (RevStrat bear); stop > 337.3,RevStrat after 3-2U: watch for 2D reversal (3-2U-2D),2U,2U,2D,2D,2U,Financials,Unknown,XLF,1,XLF
2026-10-07 16:23:57 EDT,CB,https://finance.yahoo.com/quote/CB/chart,334.7,3H,3-2U,REVSTRAT 3-2-2 (watch 2D),bear,334.82,337.3,5,False,2U,Bullish Candle,ALERT if price < 334.82 (RevStrat bear); stop > 337.3,RevStrat after 3-2U: watch for 2D reversal (3-2U-2D),2U,2U,2D,2D,2U,Financials,Unknown,XLF,1,XLF
2026-10-07 16:23:57 EDT,CB,https://finance.yahoo.com/quote/CB/chart,334.7,1H,3-2D,REVSTRAT 3-2-2 (watch 2U),bull,336.44,334.7,5,True,2D,Bearish Candle,ALERT if price > 336.44 (RevStrat bull); stop < 334.7,RevStrat after 3-2D: watch for 2U reversal (3-2D-2U),2U,2U,2D,2D,2U,Financials,Unknown,XLF,1,XLF
2026-10-07 16:23:57 EDT,PLD,https://finance.yahoo.com/quote/PLD/chart,127.32,Y,1-2D,REVSTRAT 1-2-2 (watch 2U),bull,131.7,85.35,-11,False,2D,Bullish Candle,ALERT if price > 131.7 (RevStrat bull); stop < 85.35,RevStrat after 1-2D: watch for 2U reversal (1-2D-2U),2D,3,2D,2D,2D,Real Estate,Unknown,,0,
2026-10-07 16:23:57 EDT,PLD,https://finance.yahoo.com/quote/PLD/chart,127.32,Q,2U-3,3-2 BREAK_UP,bull,153.35,129.69,-11,False,3,Bearish Shooting-Star-like,ALERT if price > 153.35 (outside break UP); stop < 129.69,Outside bar break UP (3-2),2D,3,2D,2D,2D,Real Estate,Unknown,,0,
2026-10-07 16:23:57 EDT,PLD,https://finance.yahoo.com/quote/PLD/chart,127.32,Q,2U-3,3-2 BREAK_DOWN,bear,129.69,153.35,-11,True,3,Bearish Shooting-Star-like,ALERT if price < 129.69 (outside break DOWN); stop > 153.35,Outside bar break DOWN (3-2),2D,3,2D,2D,2D,Real Estate,Unknown,,0,
2026-10-07 16:23:57 EDT,PLD,https://finance.yahoo.com/quote/PLD/chart,127.32,M,1-2D,REVSTRAT 1-2-2 (watch 2U),bull,140.07,129.69,-11,False,2D,Bearish Marubozu-like,ALERT if price > 140.07 (RevStrat bull); stop < 129.69,RevStrat after 1-2D: watch for 2U reversal (1-2D-2U),2D,3,2D,2D,2D,Real Estate,Unknown,,0,
2026-10-07 16:23:57 EDT,PLD,https://finance.yahoo.com/quote/PLD/chart,127.32,W,3-2D,REVSTRAT 3-2-2 (watch 2U),bull,134.34,127.29,-11,False,2D,Bearish Candle,ALERT if price > 134.34 (RevStrat bull); stop < 127.29,RevStrat after 3-2D: watch for 2U reversal (3-2D-2U),2D,3,2D,2D,2D,Real Estate,Unknown,,0,
2026-10-07 16:23:57 EDT,PLD,https://finance.yahoo.com/quote/PLD/chart,127.32,D,3-2D,REVSTRAT 3-2-2 (watch 2U),bull,129.15,127.05,-11,False,2D,Bearish Candle,ALERT if price > 129.15 (RevStrat bull); stop < 127.05,RevStrat after 3-2D: watch for 2U reversal (3-2D-2U),2D,3,2D,2D,2D,Real Estate,Unknown,,0,
2026-10-07 16:23:57 EDT,PLD,https://finance.yahoo.com/quote/PLD/chart,127.32,3H,3-1,1-2 BREAK_UP,bull,127.8,127.11,-11,False,1,Bearish Candle,ALERT if price > 127.8 (inside break UP); stop < 127.11,Inside bar break UP (1-2),2D,3,2D,2D,2D,Real Estate,Unknown,,0,
2026-10-07 16:23:57 EDT,PLD,https://finance.yahoo.com/quote/PLD/chart,127.32,3H,3-1,1-2 BREAK_DOWN,bear,127.11,127.8,-11,True,1,Bearish Candle,ALERT if price < 127.11 (inside break DOWN); stop > 127.8,Inside bar break DOWN (1-2),2D,3,2D,2D,2D,Real Estate,Unknown,,0,
2026-10-07 16:23:57 EDT,PLD,https://finance.yahoo.com/quote/PLD/chart,127.32,2H,2D-3,3-2 BREAK_UP,bull,127.77,127.05,-11,False,3,Doji,ALERT if price > 127.77 (outside break UP); stop < 127.05,Outside bar break UP (3-2),2D,3,2D,2D,2D,Real Estate,Unknown,,0,
2026-10-07 16:23:57 EDT,PLD,https://finance.yahoo.com/quote/PLD/chart,127.32,2H,2D-3,3-2 BREAK_DOWN,bear,127.05,127.77,-11,True,3,Doji,ALERT if price < 127.05 (outside break DOWN); stop > 127.77,Outside bar break DOWN (3-2),2D,3,2D,2D,2D,Real Estate,Unknown,,0,
2026-10-07 16:23:57 EDT,KKR,https://finance.yahoo.com/quote/KKR/chart,89.66,Q,1-2U,REVSTRAT 1-2-2 (watch 2D),bear,91.18,116.57,3,False,2U,Gravestone Doji (bearish-leaning),ALERT if price < 91.18 (RevStrat bear); stop > 116.57,RevStrat after 1-2U: watch for 2D reversal (1-2U-2D),2U,2U,2D,2D,2D,Financials,Unknown,XLF,1,XLF
2026-10-07 16:23:57 EDT,KKR,https://finance.yahoo.com/quote/KKR/chart,89.66,4H,2D-1,1-2 BREAK_UP,bull,90.15,89.59,3,True,1,Bearish Candle,ALERT if price > 90.15 (inside break UP); stop < 89.59,Inside bar break UP (1-2),2U,2U,2D,2D,2D,Financials,Unknown,XLF,1,XLF
2026-10-07 16:23:57 EDT,KKR,https://finance.yahoo.com/quote/KKR/chart,89.66,4H,2D-1,1-2 BREAK_DOWN,bear,89.59,90.15,3,False,1,Bearish Candle,ALERT if price < 89.59 (inside break DOWN); stop > 90.15,Inside bar break DOWN (1-2),2U,2U,2D,2D,2D,Financials,Unknown,XLF,1,XLF
2026-10-07 16:23:57 EDT,KKR,https://finance.yahoo.com/quote/KKR/chart,89.66,3H,2D-1,1-2 BREAK_UP,bull,90.2,88.96,3,True,1,Bullish Candle,ALERT if price > 90.2 (inside break UP); stop < 88.96,Inside bar break UP (1-2),2U,2U,2D,2D,2D,Financials,Unknown,XLF,1,XLF
2026-10-07 16:23:57 EDT,KKR,https://finance.yahoo.com/quote/KKR/chart,89.66,3H,2D-1,1-2 BREAK_DOWN,bear,88.96,90.2,3,False,1,Bullish Candle,ALERT if price < 88.96 (inside break DOWN); stop > 90.2,Inside bar break DOWN (1-2),2U,2U,2D,2D,2D,Financials,Unknown,XLF,1,XLF
2026-10-07 16:23:57 EDT,KKR,https://finance.yahoo.com/quote/KKR/chart,89.66,2H,1-1,1-2 BREAK_UP,bull,90.04,89.59,3,True,1,Bearish Candle,ALERT if price > 90.04 (inside break UP); stop < 89.59,Inside bar break UP (1-2),2U,2U,2D,2D,2D,Financials,Unknown,XLF,1,XLF
2026-10-07 16:23:57 EDT,KKR,https://finance.yahoo.com/quote/KKR/chart,89.66,2H,1-1,1-2 BREAK_DOWN,bear,89.59,90.04,3,False,1,Bearish Candle,ALERT if price < 89.59 (inside break DOWN); stop > 90.04,Inside bar break DOWN (1-2),2U,2U,2D,2D,2D,Financials,Unknown,XLF,1,XLF
2026-10-07 16:23:57 EDT,LMT,https://finance.yahoo.com/quote/LMT/chart,499.04,Q,1-2D,REVSTRAT 1-2-2 (watch 2U),bull,612.75,487.15,-15,False,2D,Doji,ALERT if price > 612.75 (RevStrat bull); stop < 487.15,RevStrat after 1-2D: watch for 2U reversal (1-2D-2U),2D,2D,2D,2D,2D,Industrials,Unknown,XLI,1,XLI
2026-10-07 16:23:57 EDT,LMT,https://finance.yahoo.com/quote/LMT/chart,499.04,3H,2D-1,1-2 BREAK_UP,bull,503.85,501.39,-15,False,1,Bullish Candle,ALERT if price > 503.85 (inside break UP); stop < 501.39,Inside bar break UP (1-2),2D,2D,2D,2D,2D,Industrials,Unknown,XLI,1,XLI
2026-10-07 16:23:57 EDT,LMT,https://finance.yahoo.com/quote/LMT/chart,499.04,3H,2D-1,1-2 BREAK_DOWN,bear,501.39,503.85,-15,True,1,Bullish Candle,ALERT if price < 501.39 (inside break DOWN); stop > 503.85,Inside bar break DOWN (1-2),2D,2D,2D,2D,2D,Industrials,Unknown,XLI,1,XLI
2026-10-07 16:23:57 EDT,LMT,https://finance.yahoo.com/quote/LMT/chart,499.04,2H,1-2D,REVSTRAT 1-2-2 (watch 2U),bull,503.54,498.73,-15,False,2D,Bearish Candle,ALERT if price > 503.54 (RevStrat bull); stop < 498.73,RevStrat after 1-2D: watch for 2U reversal (1-2D-2U),2D,2D,2D,2D,2D,Industrials,Unknown,XLI,1,XLI
2026-10-07 16:23:57 EDT,LMT,https://finance.yahoo.com/quote/LMT/chart,499.04,1H,3-2D,REVSTRAT 3-2-2 (watch 2U),bull,501.02,498.73,-15,False,2D,Bearish Candle,ALERT if price > 501.02 (RevStrat bull); stop < 498.73,RevStrat after 3-2D: watch for 2U reversal (3-2D-2U),2D,2D,2D,2D,2D,Industrials,Unknown,XLI,1,XLI
2026-10-07 16:23:57 EDT,COP,https://finance.yahoo.com/quote/COP/chart,129.85,Q,1-3,3-2 BREAK_UP,bull,141.62,102.69,-3,False,3,Bullish Candle,ALERT if price > 141.62 (outside break UP); stop < 102.69,Outside bar break UP (3-2),2D,3,2U,2D,2U,Energy,Unknown,XLE,1,XLE
2026-10-07 16:23:57 EDT,COP,https://finance.yahoo.com/quote/COP/chart,129.85,Q,1-3,3-2 BREAK_DOWN,bear,102.69,141.62,-3,True,3,Bullish Candle,ALERT if price < 102.69 (outside break DOWN); stop > 141.62,Outside bar break DOWN (3-2),2D,3,2U,2D,2U,Energy,Unknown,XLE,1,XLE
2026-10-07 16:23:57 EDT,COP,https://finance.yahoo.com/quote/COP/chart,129.85,4H,3-2D,REVSTRAT 3-2-2 (watch 2U),bull,130.42,128.68,-3,False,2D,Bullish Candle,ALERT if price > 130.42 (RevStrat bull); stop < 128.68,RevStrat after 3-2D: watch for 2U reversal (3-2D-2U),2D,3,2U,2D,2U,Energy,Unknown,XLE,1,XLE
2026-10-07 16:23:57 EDT,COP,https://finance.yahoo.com/quote/COP/chart,129.85,1H,2U-1,1-2 BREAK_UP,bull,130.08,129.77,-3,False,1,Bearish Candle,ALERT if price > 130.08 (inside break UP); stop < 129.77,Inside bar break UP (1-2),2D,3,2U,2D,2U,Energy,Unknown,XLE,1,XLE
2026-10-07 16:23:57 EDT,COP,https://finance.yahoo.com/quote/COP/chart,129.85,1H,2U-1,1-2 BREAK_DOWN,bear,129.77,130.08,-3,True,1,Bearish Candle,ALERT if price < 129.77 (inside break DOWN); stop > 130.08,Inside bar break DOWN (1-2),2D,3,2U,2D,2U,Energy,Unknown,XLE,1,XLE
2026-10-07 16:23:57 EDT,NEM,https://finance.yahoo.com/quote/NEM/chart,113.54,Y,3-2U,REVSTRAT 3-2-2 (watch 2D),bear,37.68,106.34,2,False,2U,Bullish Marubozu-like,ALERT if price < 37.68 (RevStrat bear); stop > 106.34,RevStrat after 3-2U: watch for 2D reversal (3-2U-2D),2U,3,1,2D,2D,Materials,Unknown,,0,
2026-10-07 16:23:57 EDT,NEM,https://finance.yahoo.com/quote/NEM/chart,113.54,Q,2D-3,3-2 BREAK_UP,bull,135.29,88.75,2,True,3,Bullish Candle,ALERT if price > 135.29 (outside break UP); stop < 88.75,Outside bar break UP (3-2),2U,3,1,2D,2D,Materials,Unknown,,0,
2026-10-07 16:23:57 EDT,NEM,https://finance.yahoo.com/quote/NEM/chart,113.54,Q,2D-3,3-2 BREAK_DOWN,bear,88.75,135.29,2,False,3,Bullish Candle,ALERT if price < 88.75 (outside break DOWN); stop > 135.29,Outside bar break DOWN (3-2),2U,3,1,2D,2D,Materials,Unknown,,0,
2026-10-07 16:23:57 EDT,NEM,https://finance.yahoo.com/quote/NEM/chart,113.54,M,2U-1,1-2 BREAK_UP,bull,130.71,114.63,2,True,1,Bearish Candle,ALERT if price > 130.71 (inside break UP); stop < 114.63,Inside bar break UP (1-2),2U,3,1,2D,2D,Materials,Unknown,,0,
2026-10-07 16:23:57 EDT,NEM,https://finance.yahoo.com/quote/NEM/chart,113.54,M,2U-1,1-2 BREAK_DOWN,bear,114.63,130.71,2,False,1,Bearish Candle,ALERT if price < 114.63 (inside break DOWN); stop > 130.71,Inside bar break DOWN (1-2),2U,3,1,2D,2D,Materials,Unknown,,0,
2026-10-07 16:23:57 EDT,NEM,https://finance.yahoo.com/quote/NEM/chart,113.54,W,3-2D,REVSTRAT 3-2-2 (watch 2U),bull,117.89,113.86,2,True,2D,Doji,ALERT if price > 117.89 (RevStrat bull); stop < 113.86,RevStrat after 3-2D: watch for 2U reversal (3-2D-2U),2U,3,1,2D,2D,Materials,Unknown,,0,
2026-10-07 16:23:57 EDT,VRTX,https://finance.yahoo.com/quote/VRTX/chart,505.56,W,3-3,3-2 BREAK_UP,bull,529.89,499.95,3,True,3,Bearish Candle,ALERT if price > 529.89 (outside break UP); stop < 499.95,Outside bar break UP (3-2),2D,2U,2U,3,2U,Health Care,Unknown,XLV,1,XLV
2026-10-07 16:23:57 EDT,VRTX,https://finance.yahoo.com/quote/VRTX/chart,505.56,W,3-3,3-2 BREAK_DOWN,bear,499.95,529.89,3,False,3,Bearish Candle,ALERT if price < 499.95 (outside break DOWN); stop > 529.89,Outside bar break DOWN (3-2),2D,2U,2U,3,2U,Health Care,Unknown,XLV,1,XLV
2026-10-07 16:23:57 EDT,VRTX,https://finance.yahoo.com/quote/VRTX/chart,505.56,4H,2U-1,1-2 BREAK_UP,bull,509.96,504.79,3,True,1,Bearish Candle,ALERT if price > 509.96 (inside break UP); stop < 504.79,Inside bar break UP (1-2),2D,2U,2U,3,2U,Health Care,Unknown,XLV,1,XLV
2026-10-07 16:23:57 EDT,VRTX,https://finance.yahoo.com/quote/VRTX/chart,505.56,4H,2U-1,1-2 BREAK_DOWN,bear,504.79,509.96,3,False,1,Bearish Candle,ALERT if price < 504.79 (inside break DOWN); stop > 509.96,Inside bar break DOWN (1-2),2D,2U,2U,3,2U,Health Care,Unknown,XLV,1,XLV
2026-10-07 16:23:57 EDT,BTI,https://finance.yahoo.com/quote/BTI/chart,53.88,2H,2U-3,3-2 BREAK_UP,bull,54.08,53.87,-3,False,3,Bearish Shooting-Star-like,ALERT if price > 54.08 (outside break UP); stop < 53.87,Outside bar break UP (3-2),2U,2D,2D,2D,2U,Unknown,Unknown,,0,
2026-10-07 16:23:57 EDT,BTI,https://finance.yahoo.com/quote/BTI/chart,53.88,2H,2U-3,3-2 BREAK_DOWN,bear,53.87,54.08,-3,True,3,Bearish Shooting-Star-like,ALERT if price < 53.87 (outside break DOWN); stop > 54.08,Outside bar break DOWN (3-2),2U,2D,2D,2D,2U,Unknown,Unknown,,0,
2026-10-07 16:23:57 EDT,SPOT,https://finance.yahoo.com/quote/SPOT/chart,512.83,Q,1-2U,REVSTRAT 1-2-2 (watch 2D),bear,456.0,576.0,11,False,2U,Bullish Candle,ALERT if price < 456.0 (RevStrat bear); stop > 576.0,RevStrat after 1-2U: watch for 2D reversal (1-2U-2D),2U,2U,2U,2D,2U,Unknown,Unknown,,0,
2026-10-07 16:23:57 EDT,SPOT,https://finance.yahoo.com/quote/SPOT/chart,512.83,4H,2U-1,1-2 BREAK_UP,bull,516.08,510.16,11,True,1,Bearish Candle,ALERT if price > 516.08 (inside break UP); stop < 510.16,Inside bar break UP (1-2),2U,2U,2U,2D,2U,Unknown,Unknown,,0,
2026-10-07 16:23:57 EDT,SPOT,https://finance.yahoo.com/quote/SPOT/chart,512.83,4H,2U-1,1-2 BREAK_DOWN,bear,510.16,516.08,11,False,1,Bearish Candle,ALERT if price < 510.16 (inside break DOWN); stop > 516.08,Inside bar break DOWN (1-2),2U,2U,2U,2D,2U,Unknown,Unknown,,0,
2026-10-07 16:23:57 EDT,SPOT,https://finance.yahoo.com/quote/SPOT/chart,512.83,3H,3-2U,REVSTRAT 3-2-2 (watch 2D),bear,500.8,518.11,11,False,2U,Bullish Candle,ALERT if price < 500.8 (RevStrat bear); stop > 518.11,RevStrat after 3-2U: watch for 2D reversal (3-2U-2D),2U,2U,2U,2D,2U,Unknown,Unknown,,0,
2026-10-07 16:23:57 EDT,SPOT,https://finance.yahoo.com/quote/SPOT/chart,512.83,2H,1-2D,REVSTRAT 1-2-2 (watch 2U),bull,515.49,510.16,11,True,2D,Doji,ALERT if price > 515.49 (RevStrat bull); stop < 510.16,RevStrat after 1-2D: watch for 2U reversal (1-2D-2U),2U,2U,2U,2D,2U,Unknown,Unknown,,0,
2026-10-07 16:23:57 EDT,SPOT,https://finance.yahoo.com/quote/SPOT/chart,512.83,1H,3-1,1-2 BREAK_UP,bull,514.46,510.52,11,True,1,Bullish Candle,ALERT if price > 514.46 (inside break UP); stop < 510.52,Inside bar break UP (1-2),2U,2U,2U,2D,2U,Unknown,Unknown,,0,
2026-10-07 16:23:57 EDT,SPOT,https://finance.yahoo.com/quote/SPOT/chart,512.83,1H,3-1,1-2 BREAK_DOWN,bear,510.52,514.46,11,False,1,Bullish Candle,ALERT if price < 510.52 (inside break DOWN); stop > 514.46,Inside bar break DOWN (1-2),2U,2U,2U,2D,2U,Unknown,Unknown,,0,
2026-10-07 16:23:57 EDT,PH,https://finance.yahoo.com/quote/PH/chart,952.74,2H,1-2D,REVSTRAT 1-2-2 (watch 2U),bull,957.58,951.61,7,True,2D,Bearish Candle,ALERT if price > 957.58 (RevStrat bull); stop < 951.61,RevStrat after 1-2D: watch for 2U reversal (1-2D-2U),2U,2U,2D,2U,2D,Industrials,Unknown,XLI,1,XLI
2026-10-07 16:23:57 EDT,SNY,https://finance.yahoo.com/quote/SNY/chart,40.21,Y,2U-3,3-2 BREAK_UP,bull,60.12,44.62,-8,False,3,Doji,ALERT if price > 60.12 (outside break UP); stop < 44.62,Outside bar break UP (3-2),3,2D,2D,2D,2U,Unknown,Unknown,,0,
2026-10-07 16:23:57 EDT,SNY,https://finance.yahoo.com/quote/SNY/chart,40.21,Y,2U-3,3-2 BREAK_DOWN,bear,44.62,60.12,-8,True,3,Doji,ALERT if price < 44.62 (outside break DOWN); stop > 60.12,Outside bar break DOWN (3-2),3,2D,2D,2D,2U,Unknown,Unknown,,0,
2026-10-07 16:23:57 EDT,SNY,https://finance.yahoo.com/quote/SNY/chart,40.21,4H,2U-1,1-2 BREAK_UP,bull,40.22,39.97,-8,False,1,Dragonfly Doji (bullish-leaning),ALERT if price > 40.22 (inside break UP); stop < 39.97,Inside bar break UP (1-2),3,2D,2D,2D,2U,Unknown,Unknown,,0,
2026-10-07 16:23:57 EDT,SNY,https://finance.yahoo.com/quote/SNY/chart,40.21,4H,2U-1,1-2 BREAK_DOWN,bear,39.97,40.22,-8,True,1,Dragonfly Doji (bullish-leaning),ALERT if price < 39.97 (inside break DOWN); stop > 40.22,Inside bar break DOWN (1-2),3,2D,2D,2D,2U,Unknown,Unknown,,0,
2026-10-07 16:23:57 EDT,SNY,https://finance.yahoo.com/quote/SNY/chart,40.21,2H,1-1,1-2 BREAK_UP,bull,40.22,40.02,-8,False,1,Bullish Marubozu-like,ALERT if price > 40.22 (inside break UP); stop < 40.02,Inside bar break UP (1-2),3,2D,2D,2D,2U,Unknown,Unknown,,0,
2026-10-07 16:23:57 EDT,SNY,https://finance.yahoo.com/quote/SNY/chart,40.21,2H,1-1,1-2 BREAK_DOWN,bear,40.02,40.22,-8,True,1,Bullish Marubozu-like,ALERT if price < 40.02 (inside break DOWN); stop > 40.22,Inside bar break DOWN (1-2),3,2D,2D,2D,2U,Unknown,Unknown,,0,
2026-10-07 16:23:57 EDT,CRWD,https://finance.yahoo.com/quote/CRWD/chart,265.35,1H,2D-1,1-2 BREAK_UP,bull,266.08,264.67,13,True,1,Doji,ALERT if price > 266.08 (inside break UP); stop < 264.67,Inside bar break UP (1-2),2U,2U,2U,2U,2D,Unknown,Unknown,,0,
2026-10-07 16:23:57 EDT,CRWD,https://finance.yahoo.com/quote/CRWD/chart,265.35,1H,2D-1,1-2 BREAK_DOWN,bear,264.67,266.08,13,False,1,Doji,ALERT if price < 264.67 (inside break DOWN); stop > 266.08,Inside bar break DOWN (1-2),2U,2U,2U,2U,2D,Unknown,Unknown,,0,
2026-10-07 16:23:57 EDT,IBN,https://finance.yahoo.com/quote/IBN/chart,27.86,Q,1-2U,REVSTRAT 1-2-2 (watch 2D),bear,27.07,30.67,3,False,2U,Bearish Candle,ALERT if price < 27.07 (RevStrat bear); stop > 30.67,RevStrat after 1-2U: watch for 2D reversal (1-2U-2D),2U,2U,2D,2D,2D,Unknown,Unknown,,0,
2026-10-07 16:23:57 EDT,IBN,https://finance.yahoo.com/quote/IBN/chart,27.86,4H,2D-1,1-2 BREAK_UP,bull,27.98,27.85,3,True,1,Bearish Marubozu-like,ALERT if price > 27.98 (inside break UP); stop < 27.85,Inside bar break UP (1-2),2U,2U,2D,2D,2D,Unknown,Unknown,,0,
2026-10-07 16:23:57 EDT,IBN,https://finance.yahoo.com/quote/IBN/chart,27.86,4H,2D-1,1-2 BREAK_DOWN,bear,27.85,27.98,3,False,1,Bearish Marubozu-like,ALERT if price < 27.85 (inside break DOWN); stop > 27.98,Inside bar break DOWN (1-2),2U,2U,2D,2D,2D,Unknown,Unknown,,0,
2026-10-07 16:23:57 EDT,IBN,https://finance.yahoo.com/quote/IBN/chart,27.86,3H,2D-1,1-2 BREAK_UP,bull,27.97,27.87,3,True,1,Bullish Candle,ALERT if price > 27.97 (inside break UP); stop < 27.87,Inside bar break UP (1-2),2U,2U,2D,2D,2D,Unknown,Unknown,,0,
2026-10-07 16:23:57 EDT,IBN,https://finance.yahoo.com/quote/IBN/chart,27.86,3H,2D-1,1-2 BREAK_DOWN,bear,27.87,27.97,3,False,1,Bullish Candle,ALERT if price < 27.87 (inside break DOWN); stop > 27.97,Inside bar break DOWN (1-2),2U,2U,2D,2D,2D,Unknown,Unknown,,0,
2026-10-07 16:23:57 EDT,IBN,https://finance.yahoo.com/quote/IBN/chart,27.86,2H,1-3,3-2 BREAK_UP,bull,27.98,27.85,3,True,3,Bearish Candle,ALERT if price > 27.98 (outside break UP); stop < 27.85,Outside bar break UP (3-2),2U,2U,2D,2D,2D,Unknown,Unknown,,0,
2026-10-07 16:23:57 EDT,IBN,https://finance.yahoo.com/quote/IBN/chart,27.86,2H,1-3,3-2 BREAK_DOWN,bear,27.85,27.98,3,False,3,Bearish Candle,ALERT if price < 27.85 (outside break DOWN); stop > 27.98,Outside bar break DOWN (3-2),2U,2U,2D,2D,2D,Unknown,Unknown,,0,
2026-10-07 16:23:57 EDT,IBN,https://finance.yahoo.com/quote/IBN/chart,27.86,1H,3-2D,REVSTRAT 3-2-2 (watch 2U),bull,27.9,27.85,3,True,2D,Bearish Candle,ALERT if price > 27.9 (RevStrat bull); stop < 27.85,RevStrat after 3-2D: watch for 2U reversal (3-2D-2U),2U,2U,2D,2D,2D,Unknown,Unknown,,0,
2026-10-07 16:23:57 EDT,MELI,https://finance.yahoo.com/quote/MELI/chart,1872.82,M,2U-3,3-2 BREAK_UP,bull,2066.0,1685.55,8,True,3,Bearish Candle,ALERT if price > 2066.0 (outside break UP); stop < 1685.55,Outside bar break UP (3-2),2U,2U,3,2D,2U,Unknown,Unknown,,0,
2026-10-07 16:23:57 EDT,MELI,https://finance.yahoo.com/quote/MELI/chart,1872.82,M,2U-3,3-2 BREAK_DOWN,bear,1685.55,2066.0,8,False,3,Bearish Candle,ALERT if price < 1685.55 (outside break DOWN); stop > 2066.0,Outside bar break DOWN (3-2),2U,2U,3,2D,2U,Unknown,Unknown,,0,
2026-10-07 16:23:57 EDT,MELI,https://finance.yahoo.com/quote/MELI/chart,1872.82,4H,3-2U,REVSTRAT 3-2-2 (watch 2D),bear,1864.16,1884.43,8,False,2U,Doji,ALERT if price < 1864.16 (RevStrat bear); stop > 1884.43,RevStrat after 3-2U: watch for 2D reversal (3-2U-2D),2U,2U,3,2D,2U,Unknown,Unknown,,0,
2026-10-07 16:23:57 EDT,MELI,https://finance.yahoo.com/quote/MELI/chart,1872.82,3H,3-2U,REVSTRAT 3-2-2 (watch 2D),bear,1864.16,1876.61,8,False,2U,Bullish Candle,ALERT if price < 1864.16 (RevStrat bear); stop > 1876.61,RevStrat after 3-2U: watch for 2D reversal (3-2U-2D),2U,2U,3,2D,2U,Unknown,Unknown,,0,
2026-10-07 16:23:57 EDT,BMY,https://finance.yahoo.com/quote/BMY/chart,59.69,Q,1-2U,REVSTRAT 1-2-2 (watch 2D),bear,56.3,68.64,7,False,2U,Bullish Candle,ALERT if price < 56.3 (RevStrat bear); stop > 68.64,RevStrat after 1-2U: watch for 2D reversal (1-2U-2D),2U,2U,2D,3,2U,Health Care,Unknown,XLV,1,XLV
2026-10-07 16:23:57 EDT,BMY,https://finance.yahoo.com/quote/BMY/chart,59.69,W,2D-3,3-2 BREAK_UP,bull,64.13,60.24,7,True,3,Bearish Candle,ALERT if price > 64.13 (outside break UP); stop < 60.24,Outside bar break UP (3-2),2U,2U,2D,3,2U,Health Care,Unknown,XLV,1,XLV
2026-10-07 16:23:57 EDT,BMY,https://finance.yahoo.com/quote/BMY/chart,59.69,W,2D-3,3-2 BREAK_DOWN,bear,60.24,64.13,7,False,3,Bearish Candle,ALERT if price < 60.24 (outside break DOWN); stop > 64.13,Outside bar break DOWN (3-2),2U,2U,2D,3,2U,Health Care,Unknown,XLV,1,XLV
2026-10-07 16:23:57 EDT,BMY,https://finance.yahoo.com/quote/BMY/chart,59.69,D,1-2U,REVSTRAT 1-2-2 (watch 2D),bear,59.01,60.1,7,False,2U,Bullish Candle,ALERT if price < 59.01 (RevStrat bear); stop > 60.1,RevStrat after 1-2U: watch for 2D reversal (1-2U-2D),2U,2U,2D,3,2U,Health Care,Unknown,XLV,1,XLV
2026-10-07 16:23:57 EDT,BMY,https://finance.yahoo.com/quote/BMY/chart,59.69,4H,2U-1,1-2 BREAK_UP,bull,59.94,59.4,7,True,1,Bearish Candle,ALERT if price > 59.94 (inside break UP); stop < 59.4,Inside bar break UP (1-2),2U,2U,2D,3,2U,Health Care,Unknown,XLV,1,XLV
2026-10-07 16:23:57 EDT,BMY,https://finance.yahoo.com/quote/BMY/chart,59.69,4H,2U-1,1-2 BREAK_DOWN,bear,59.4,59.94,7,False,1,Bearish Candle,ALERT if price < 59.4 (inside break DOWN); stop > 59.94,Inside bar break DOWN (1-2),2U,2U,2D,3,2U,Health Care,Unknown,XLV,1,XLV
2026-10-07 16:23:57 EDT,BMY,https://finance.yahoo.com/quote/BMY/chart,59.69,3H,3-2U,REVSTRAT 3-2-2 (watch 2D),bear,59.4,60.1,7,False,2U,Bearish Candle,ALERT if price < 59.4 (RevStrat bear); stop > 60.1,RevStrat after 3-2U: watch for 2D reversal (3-2U-2D),2U,2U,2D,3,2U,Health Care,Unknown,XLV,1,XLV
2026-10-07 16:23:57 EDT,CEG,https://finance.yahoo.com/quote/CEG/chart,299.44,M,2U-3,3-2 BREAK_UP,bull,305.8,247.2,0,False,3,Bearish Candle,ALERT if price > 305.8 (outside break UP); stop < 247.2,Outside bar break UP (3-2),2U,2D,3,3,2D,Utilities,Unknown,XLU,1,XLU
2026-10-07 16:23:57 EDT,CEG,https://finance.yahoo.com/quote/CEG/chart,299.44,M,2U-3,3-2 BREAK_DOWN,bear,247.2,305.8,0,False,3,Bearish Candle,ALERT if price < 247.2 (outside break DOWN); stop > 305.8,Outside bar break DOWN (3-2),2U,2D,3,3,2D,Utilities,Unknown,XLU,1,XLU
2026-10-07 16:23:57 EDT,CEG,https://finance.yahoo.com/quote/CEG/chart,299.44,W,2D-3,3-2 BREAK_UP,bull,271.0,247.2,0,False,3,Bearish Candle,ALERT if price > 271.0 (outside break UP); stop < 247.2,Outside bar break UP (3-2),2U,2D,3,3,2D,Utilities,Unknown,XLU,1,XLU
2026-10-07 16:23:57 EDT,CEG,https://finance.yahoo.com/quote/CEG/chart,299.44,W,2D-3,3-2 BREAK_DOWN,bear,247.2,271.0,0,False,3,Bearish Candle,ALERT if price < 247.2 (outside break DOWN); stop > 271.0,Outside bar break DOWN (3-2),2U,2D,3,3,2D,Utilities,Unknown,XLU,1,XLU
2026-10-07 16:23:57 EDT,HCA,https://finance.yahoo.com/quote/HCA/chart,439.21,W,2U-1,1-2 BREAK_UP,bull,443.15,422.45,4,True,1,Bearish Candle,ALERT if price > 443.15 (inside break UP); stop < 422.45,Inside bar break UP (1-2),2U,2D,2U,1,3,Health Care,Unknown,XLV,1,XLV
2026-10-07 16:23:57 EDT,HCA,https://finance.yahoo.com/quote/HCA/chart,439.21,W,2U-1,1-2 BREAK_DOWN,bear,422.45,443.15,4,False,1,Bearish Candle,ALERT if price < 422.45 (inside break DOWN); stop > 443.15,Inside bar break DOWN (1-2),2U,2D,2U,1,3,Health Care,Unknown,XLV,1,XLV
2026-10-07 16:23:57 EDT,HCA,https://finance.yahoo.com/quote/HCA/chart,439.21,D,2U-3,3-2 BREAK_UP,bull,442.5,427.59,4,True,3,Bullish Candle,ALERT if price > 442.5 (outside break UP); stop < 427.59,Outside bar break UP (3-2),2U,2D,2U,1,3,Health Care,Unknown,XLV,1,XLV
2026-10-07 16:23:57 EDT,HCA,https://finance.yahoo.com/quote/HCA/chart,439.21,D,2U-3,3-2 BREAK_DOWN,bear,427.59,442.5,4,False,3,Bullish Candle,ALERT if price < 427.59 (outside break DOWN); stop > 442.5,Outside bar break DOWN (3-2),2U,2D,2U,1,3,Health Care,Unknown,XLV,1,XLV
2026-10-07 16:23:57 EDT,HCA,https://finance.yahoo.com/quote/HCA/chart,439.21,4H,3-1,1-2 BREAK_UP,bull,441.57,437.64,4,True,1,Bearish Candle,ALERT if price > 441.57 (inside break UP); stop < 437.64,Inside bar break UP (1-2),2U,2D,2U,1,3,Health Care,Unknown,XLV,1,XLV
2026-10-07 16:23:57 EDT,HCA,https://finance.yahoo.com/quote/HCA/chart,439.21,4H,3-1,1-2 BREAK_DOWN,bear,437.64,441.57,4,False,1,Bearish Candle,ALERT if price < 437.64 (inside break DOWN); stop > 441.57,Inside bar break DOWN (1-2),2U,2D,2U,1,3,Health Care,Unknown,XLV,1,XLV
2026-10-07 16:23:57 EDT,HCA,https://finance.yahoo.com/quote/HCA/chart,439.21,3H,3-1,1-2 BREAK_UP,bull,441.57,437.98,4,True,1,Bullish Candle,ALERT if price > 441.57 (inside break UP); stop < 437.98,Inside bar break UP (1-2),2U,2D,2U,1,3,Health Care,Unknown,XLV,1,XLV
2026-10-07 16:23:57 EDT,HCA,https://finance.yahoo.com/quote/HCA/chart,439.21,3H,3-1,1-2 BREAK_DOWN,bear,437.98,441.57,4,False,1,Bullish Candle,ALERT if price < 437.98 (inside break DOWN); stop > 441.57,Inside bar break DOWN (1-2),2U,2D,2U,1,3,Health Care,Unknown,XLV,1,XLV
2026-10-07 16:23:57 EDT,BN,https://finance.yahoo.com/quote/BN/chart,36.97,Q,1-2D,REVSTRAT 1-2-2 (watch 2U),bull,45.62,36.08,-5,False,2D,Bearish Candle,ALERT if price > 45.62 (RevStrat bull); stop < 36.08,RevStrat after 1-2D: watch for 2U reversal (1-2D-2U),2U,2D,2D,2D,2D,Unknown,Unknown,,0,
2026-10-07 16:23:57 EDT,BN,https://finance.yahoo.com/quote/BN/chart,36.97,M,3-2D,REVSTRAT 3-2-2 (watch 2U),bull,40.78,36.08,-5,False,2D,Bearish Marubozu-like,ALERT if price > 40.78 (RevStrat bull); stop < 36.08,RevStrat after 3-2D: watch for 2U reversal (3-2D-2U),2U,2D,2D,2D,2D,Unknown,Unknown,,0,
2026-10-07 16:23:57 EDT,BN,https://finance.yahoo.com/quote/BN/chart,36.97,W,3-2D,REVSTRAT 3-2-2 (watch 2U),bull,37.27,35.69,-5,False,2D,Bullish Candle,ALERT if price > 37.27 (RevStrat bull); stop < 35.69,RevStrat after 3-2D: watch for 2U reversal (3-2D-2U),2U,2D,2D,2D,2D,Unknown,Unknown,,0,
2026-10-07 16:23:57 EDT,BN,https://finance.yahoo.com/quote/BN/chart,36.97,4H,2D-1,1-2 BREAK_UP,bull,37.04,36.69,-5,False,1,Bullish Candle,ALERT if price > 37.04 (inside break UP); stop < 36.69,Inside bar break UP (1-2),2U,2D,2D,2D,2D,Unknown,Unknown,,0,
2026-10-07 16:23:57 EDT,BN,https://finance.yahoo.com/quote/BN/chart,36.97,4H,2D-1,1-2 BREAK_DOWN,bear,36.69,37.04,-5,True,1,Bullish Candle,ALERT if price < 36.69 (inside break DOWN); stop > 37.04,Inside bar break DOWN (1-2),2U,2D,2D,2D,2D,Unknown,Unknown,,0,
2026-10-07 16:23:57 EDT,BN,https://finance.yahoo.com/quote/BN/chart,36.97,3H,2D-1,1-2 BREAK_UP,bull,37.02,36.68,-5,False,1,Bullish Candle,ALERT if price > 37.02 (inside break UP); stop < 36.68,Inside bar break UP (1-2),2U,2D,2D,2D,2D,Unknown,Unknown,,0,
2026-10-07 16:23:57 EDT,BN,https://finance.yahoo.com/quote/BN/chart,36.97,3H,2D-1,1-2 BREAK_DOWN,bear,36.68,37.02,-5,True,1,Bullish Candle,ALERT if price < 36.68 (inside break DOWN); stop > 37.02,Inside bar break DOWN (1-2),2U,2D,2D,2D,2D,Unknown,Unknown,,0,
2026-10-07 16:23:57 EDT,BN,https://finance.yahoo.com/quote/BN/chart,36.97,2H,1-2U,REVSTRAT 1-2-2 (watch 2D),bear,36.9,37.04,-5,True,2U,Doji,ALERT if price < 36.9 (RevStrat bear); stop > 37.04,RevStrat after 1-2U: watch for 2D reversal (1-2U-2D),2U,2D,2D,2D,2D,Unknown,Unknown,,0,
2026-10-07 16:23:57 EDT,HOOD,https://finance.yahoo.com/quote/HOOD/chart,109.52,Q,1-2U,REVSTRAT 1-2-2 (watch 2D),bear,83.68,126.74,9,False,2U,Bullish Candle,ALERT if price < 83.68 (RevStrat bear); stop > 126.74,RevStrat after 1-2U: watch for 2D reversal (1-2U-2D),2U,2U,2U,2D,2D,Financials,Unknown,ARKK|XLF,2,"ARKK, XLF"
2026-10-07 16:23:57 EDT,HOOD,https://finance.yahoo.com/quote/HOOD/chart,109.52,M,1-2U,REVSTRAT 1-2-2 (watch 2D),bear,101.71,126.74,9,False,2U,Bullish Candle,ALERT if price < 101.71 (RevStrat bear); stop > 126.74,RevStrat after 1-2U: watch for 2D reversal (1-2U-2D),2U,2U,2U,2D,2D,Financials,Unknown,ARKK|XLF,2,"ARKK, XLF"
2026-10-07 16:23:57 EDT,HOOD,https://finance.yahoo.com/quote/HOOD/chart,109.52,D,3-2D,REVSTRAT 3-2-2 (watch 2U),bull,110.16,107.51,9,True,2D,Bullish Candle,ALERT if price > 110.16 (RevStrat bull); stop < 107.51,RevStrat after 3-2D: watch for 2U reversal (3-2D-2U),2U,2U,2U,2D,2D,Financials,Unknown,ARKK|XLF,2,"ARKK, XLF"
2026-10-07 16:23:57 EDT,ADP,https://finance.yahoo.com/quote/ADP/chart,263.93,M,2U-3,3-2 BREAK_UP,bull,288.0,257.74,8,True,3,Bearish Marubozu-like,ALERT if price > 288.0 (outside break UP); stop < 257.74,Outside bar break UP (3-2),2U,2U,3,2D,2U,Industrials,Unknown,XLI,1,XLI
2026-10-07 16:23:57 EDT,ADP,https://finance.yahoo.com/quote/ADP/chart,263.93,M,2U-3,3-2 BREAK_DOWN,bear,257.74,288.0,8,False,3,Bearish Marubozu-like,ALERT if price < 257.74 (outside break DOWN); stop > 288.0,Outside bar break DOWN (3-2),2U,2U,3,2D,2U,Industrials,Unknown,XLI,1,XLI
2026-10-07 16:23:57 EDT,GSK,https://finance.yahoo.com/quote/GSK/chart,47.01,Y,3-3,3-2 BREAK_UP,bull,49.44,31.72,-8,False,3,Bullish Candle,ALERT if price > 49.44 (outside break UP); stop < 31.72,Outside bar break UP (3-2),3,2D,2D,2D,2U,Unknown,Unknown,,0,
2026-10-07 16:23:57 EDT,GSK,https://finance.yahoo.com/quote/GSK/chart,47.01,Y,3-3,3-2 BREAK_DOWN,bear,31.72,49.44,-8,True,3,Bullish Candle,ALERT if price < 31.72 (outside break DOWN); stop > 49.44,Outside bar break DOWN (3-2),3,2D,2D,2D,2U,Unknown,Unknown,,0,
2026-10-07 16:23:57 EDT,GSK,https://finance.yahoo.com/quote/GSK/chart,47.01,Q,1-2D,REVSTRAT 1-2-2 (watch 2U),bull,55.79,47.85,-8,False,2D,Bearish Candle,ALERT if price > 55.79 (RevStrat bull); stop < 47.85,RevStrat after 1-2D: watch for 2U reversal (1-2D-2U),3,2D,2D,2D,2U,Unknown,Unknown,,0,
2026-10-07 16:23:57 EDT,GSK,https://finance.yahoo.com/quote/GSK/chart,47.01,W,3-2D,REVSTRAT 3-2-2 (watch 2U),bull,49.82,46.84,-8,False,2D,Bearish Candle,ALERT if price > 49.82 (RevStrat bull); stop < 46.84,RevStrat after 3-2D: watch for 2U reversal (3-2D-2U),3,2D,2D,2D,2U,Unknown,Unknown,,0,
2026-10-07 16:23:57 EDT,GSK,https://finance.yahoo.com/quote/GSK/chart,47.01,D,3-2U,REVSTRAT 3-2-2 (watch 2D),bear,46.69,47.4,-8,True,2U,Bullish Candle,ALERT if price < 46.69 (RevStrat bear); stop > 47.4,RevStrat after 3-2U: watch for 2D reversal (3-2U-2D),3,2D,2D,2D,2U,Unknown,Unknown,,0,
2026-10-07 16:23:57 EDT,GSK,https://finance.yahoo.com/quote/GSK/chart,47.01,4H,2U-1,1-2 BREAK_UP,bull,47.28,46.96,-8,False,1,Bearish Candle,ALERT if price > 47.28 (inside break UP); stop < 46.96,Inside bar break UP (1-2),3,2D,2D,2D,2U,Unknown,Unknown,,0,
2026-10-07 16:23:57 EDT,GSK,https://finance.yahoo.com/quote/GSK/chart,47.01,4H,2U-1,1-2 BREAK_DOWN,bear,46.96,47.28,-8,True,1,Bearish Candle,ALERT if price < 46.96 (inside break DOWN); stop > 47.28,Inside bar break DOWN (1-2),3,2D,2D,2D,2U,Unknown,Unknown,,0,
2026-10-07 16:23:57 EDT,GSK,https://finance.yahoo.com/quote/GSK/chart,47.01,2H,1-2D,REVSTRAT 1-2-2 (watch 2U),bull,47.17,46.96,-8,False,2D,Bearish Candle,ALERT if price > 47.17 (RevStrat bull); stop < 46.96,RevStrat after 1-2D: watch for 2U reversal (1-2D-2U),3,2D,2D,2D,2U,Unknown,Unknown,,0,
2026-10-07 16:23:57 EDT,CVS,https://finance.yahoo.com/quote/CVS/chart,87.94,W,2D-3,3-2 BREAK_UP,bull,90.02,84.23,7,True,3,Bearish Candle,ALERT if price > 90.02 (outside break UP); stop < 84.23,Outside bar break UP (3-2),2U,2U,2D,3,2U,Health Care,Unknown,XLV,1,XLV
2026-10-07 16:23:57 EDT,CVS,https://finance.yahoo.com/quote/CVS/chart,87.94,W,2D-3,3-2 BREAK_DOWN,bear,84.23,90.02,7,False,3,Bearish Candle,ALERT if price < 84.23 (outside break DOWN); stop > 90.02,Outside bar break DOWN (3-2),2U,2U,2D,3,2U,Health Care,Unknown,XLV,1,XLV
2026-10-07 16:23:57 EDT,CVS,https://finance.yahoo.com/quote/CVS/chart,87.94,2H,2U-3,3-2 BREAK_UP,bull,89.93,87.74,7,True,3,Bearish Candle,ALERT if price > 89.93 (outside break UP); stop < 87.74,Outside bar break UP (3-2),2U,2U,2D,3,2U,Health Care,Unknown,XLV,1,XLV
2026-10-07 16:23:57 EDT,CVS,https://finance.yahoo.com/quote/CVS/chart,87.94,2H,2U-3,3-2 BREAK_DOWN,bear,87.74,89.93,7,False,3,Bearish Candle,ALERT if price < 87.74 (outside break DOWN); stop > 89.93,Outside bar break DOWN (3-2),2U,2U,2D,3,2U,Health Care,Unknown,XLV,1,XLV
2026-10-07 16:23:57 EDT,CVS,https://finance.yahoo.com/quote/CVS/chart,87.94,1H,3-2D,REVSTRAT 3-2-2 (watch 2U),bull,88.58,87.74,7,True,2D,Bearish Candle,ALERT if price > 88.58 (RevStrat bull); stop < 87.74,RevStrat after 3-2D: watch for 2U reversal (3-2D-2U),2U,2U,2D,3,2U,Health Care,Unknown,XLV,1,XLV
2026-10-07 16:23:57 EDT,MCK,https://finance.yahoo.com/quote/MCK/chart,909.79,W,2D-3,3-2 BREAK_UP,bull,924.21,847.29,12,True,3,Bullish Candle,ALERT if price > 924.21 (outside break UP); stop < 847.29,Outside bar break UP (3-2),2U,2U,2U,3,3,Health Care,Unknown,XLV,1,XLV
2026-10-07 16:23:57 EDT,MCK,https://finance.yahoo.com/quote/MCK/chart,909.79,W,2D-3,3-2 BREAK_DOWN,bear,847.29,924.21,12,False,3,Bullish Candle,ALERT if price < 847.29 (outside break DOWN); stop > 924.21,Outside bar break DOWN (3-2),2U,2U,2U,3,3,Health Care,Unknown,XLV,1,XLV
2026-10-07 16:23:57 EDT,MCK,https://finance.yahoo.com/quote/MCK/chart,909.79,D,2U-3,3-2 BREAK_UP,bull,933.99,908.57,12,True,3,Bearish Candle,ALERT if price > 933.99 (outside break UP); stop < 908.57,Outside bar break UP (3-2),2U,2U,2U,3,3,Health Care,Unknown,XLV,1,XLV
2026-10-07 16:23:57 EDT,MCK,https://finance.yahoo.com/quote/MCK/chart,909.79,D,2U-3,3-2 BREAK_DOWN,bear,908.57,933.99,12,False,3,Bearish Candle,ALERT if price < 908.57 (outside break DOWN); stop > 933.99,Outside bar break DOWN (3-2),2U,2U,2U,3,3,Health Care,Unknown,XLV,1,XLV
2026-10-07 16:23:57 EDT,SBUX,https://finance.yahoo.com/quote/SBUX/chart,93.56,W,2D-1,1-2 BREAK_UP,bull,96.2,93.77,5,True,1,Bullish Candle,ALERT if price > 96.2 (inside break UP); stop < 93.77,Inside bar break UP (1-2),2U,2U,2D,1,2D,Consumer Discretionary,Unknown,XLY,1,XLY
2026-10-07 16:23:57 EDT,SBUX,https://finance.yahoo.com/quote/SBUX/chart,93.56,W,2D-1,1-2 BREAK_DOWN,bear,93.77,96.2,5,False,1,Bullish Candle,ALERT if price < 93.77 (inside break DOWN); stop > 96.2,Inside bar break DOWN (1-2),2U,2U,2D,1,2D,Consumer Discretionary,Unknown,XLY,1,XLY
2026-10-07 16:23:57 EDT,ENB,https://finance.yahoo.com/quote/ENB/chart,45.88,4H,3-2D,REVSTRAT 3-2-2 (watch 2U),bull,46.1,45.83,-3,False,2D,Bearish Candle,ALERT if price > 46.1 (RevStrat bull); stop < 45.83,RevStrat after 3-2D: watch for 2U reversal (3-2D-2U),2U,2D,2D,2D,2U,Unknown,Unknown,,0,
2026-10-07 16:23:57 EDT,ENB,https://finance.yahoo.com/quote/ENB/chart,45.88,3H,3-2D,REVSTRAT 3-2-2 (watch 2U),bull,46.1,45.92,-3,False,2D,Bearish Candle,ALERT if price > 46.1 (RevStrat bull); stop < 45.92,RevStrat after 3-2D: watch for 2U reversal (3-2D-2U),2U,2D,2D,2D,2U,Unknown,Unknown,,0,
2026-10-07 16:23:57 EDT,CMCSA,https://finance.yahoo.com/quote/CMCSA/chart,20.93,Y,1-2D,REVSTRAT 1-2-2 (watch 2U),bull,35.99,24.13,-15,False,2D,Bearish Candle,ALERT if price > 35.99 (RevStrat bull); stop < 24.13,RevStrat after 1-2D: watch for 2U reversal (1-2D-2U),2D,2D,2D,2D,2D,Communication Services,Unknown,,0,
2026-10-07 16:23:57 EDT,CMCSA,https://finance.yahoo.com/quote/CMCSA/chart,20.93,2H,2D-1,1-2 BREAK_UP,bull,21.05,20.9,-15,False,1,Doji,ALERT if price > 21.05 (inside break UP); stop < 20.9,Inside bar break UP (1-2),2D,2D,2D,2D,2D,Communication Services,Unknown,,0,
2026-10-07 16:23:57 EDT,CMCSA,https://finance.yahoo.com/quote/CMCSA/chart,20.93,2H,2D-1,1-2 BREAK_DOWN,bear,20.9,21.05,-15,True,1,Doji,ALERT if price < 20.9 (inside break DOWN); stop > 21.05,Inside bar break DOWN (1-2),2D,2D,2D,2D,2D,Communication Services,Unknown,,0,
2026-10-07 16:23:57 EDT,CMCSA,https://finance.yahoo.com/quote/CMCSA/chart,20.93,1H,1-2U,REVSTRAT 1-2-2 (watch 2D),bear,20.9,21.05,-15,True,2U,Doji,ALERT if price < 20.9 (RevStrat bear); stop > 21.05,RevStrat after 1-2U: watch for 2D reversal (1-2U-2D),2D,2D,2D,2D,2D,Communication Services,Unknown,,0,
2026-10-07 16:23:57 EDT,DASH,https://finance.yahoo.com/quote/DASH/chart,191.18,Q,1-2U,REVSTRAT 1-2-2 (watch 2D),bear,166.58,238.83,3,False,2U,Doji,ALERT if price < 166.58 (RevStrat bear); stop > 238.83,RevStrat after 1-2U: watch for 2D reversal (1-2U-2D),2U,2U,2D,2D,2D,Consumer Discretionary,Unknown,XLY,1,XLY
2026-10-07 16:23:57 EDT,DASH,https://finance.yahoo.com/quote/DASH/chart,191.18,D,1-2D,REVSTRAT 1-2-2 (watch 2U),bull,193.1,189.08,3,True,2D,Bearish Candle,ALERT if price > 193.1 (RevStrat bull); stop < 189.08,RevStrat after 1-2D: watch for 2U reversal (1-2D-2U),2U,2U,2D,2D,2D,Consumer Discretionary,Unknown,XLY,1,XLY
2026-10-07 16:23:57 EDT,DASH,https://finance.yahoo.com/quote/DASH/chart,191.18,4H,2D-1,1-2 BREAK_UP,bull,191.34,189.55,3,True,1,Bullish Candle,ALERT if price > 191.34 (inside break UP); stop < 189.55,Inside bar break UP (1-2),2U,2U,2D,2D,2D,Consumer Discretionary,Unknown,XLY,1,XLY
2026-10-07 16:23:57 EDT,DASH,https://finance.yahoo.com/quote/DASH/chart,191.18,4H,2D-1,1-2 BREAK_DOWN,bear,189.55,191.34,3,False,1,Bullish Candle,ALERT if price < 189.55 (inside break DOWN); stop > 191.34,Inside bar break DOWN (1-2),2U,2U,2D,2D,2D,Consumer Discretionary,Unknown,XLY,1,XLY
2026-10-07 16:23:57 EDT,DASH,https://finance.yahoo.com/quote/DASH/chart,191.18,3H,2D-1,1-2 BREAK_UP,bull,191.41,189.55,3,True,1,Bullish Candle,ALERT if price > 191.41 (inside break UP); stop < 189.55,Inside bar break UP (1-2),2U,2U,2D,2D,2D,Consumer Discretionary,Unknown,XLY,1,XLY
2026-10-07 16:23:57 EDT,DASH,https://finance.yahoo.com/quote/DASH/chart,191.18,3H,2D-1,1-2 BREAK_DOWN,bear,189.55,191.41,3,False,1,Bullish Candle,ALERT if price < 189.55 (inside break DOWN); stop > 191.41,Inside bar break DOWN (1-2),2U,2U,2D,2D,2D,Consumer Discretionary,Unknown,XLY,1,XLY
2026-10-07 16:23:57 EDT,DASH,https://finance.yahoo.com/quote/DASH/chart,191.18,2H,1-2U,REVSTRAT 1-2-2 (watch 2D),bear,190.0,191.34,3,False,2U,Bullish Candle,ALERT if price < 190.0 (RevStrat bear); stop > 191.34,RevStrat after 1-2U: watch for 2D reversal (1-2U-2D),2U,2U,2D,2D,2D,Consumer Discretionary,Unknown,XLY,1,XLY
2026-10-07 16:23:57 EDT,SNPS,https://finance.yahoo.com/quote/SNPS/chart,502.51,Y,2U-3,3-2 BREAK_UP,bull,651.73,365.74,-4,False,3,Doji,ALERT if price > 651.73 (outside break UP); stop < 365.74,Outside bar break UP (3-2),3,2D,2D,2U,2U,Unknown,Unknown,SMH,1,SMH
2026-10-07 16:23:57 EDT,SNPS,https://finance.yahoo.com/quote/SNPS/chart,502.51,Y,2U-3,3-2 BREAK_DOWN,bear,365.74,651.73,-4,True,3,Doji,ALERT if price < 365.74 (outside break DOWN); stop > 651.73,Outside bar break DOWN (3-2),3,2D,2D,2U,2U,Unknown,Unknown,SMH,1,SMH
2026-10-07 16:23:57 EDT,SNPS,https://finance.yahoo.com/quote/SNPS/chart,502.51,D,1-2U,REVSTRAT 1-2-2 (watch 2D),bear,499.17,509.5,-4,True,2U,Bearish Candle,ALERT if price < 499.17 (RevStrat bear); stop > 509.5,RevStrat after 1-2U: watch for 2D reversal (1-2U-2D),3,2D,2D,2U,2U,Unknown,Unknown,SMH,1,SMH
2026-10-07 16:23:57 EDT,SNPS,https://finance.yahoo.com/quote/SNPS/chart,502.51,4H,3-1,1-2 BREAK_UP,bull,505.17,500.81,-4,False,1,Bullish Candle,ALERT if price > 505.17 (inside break UP); stop < 500.81,Inside bar break UP (1-2),3,2D,2D,2U,2U,Unknown,Unknown,SMH,1,SMH
2026-10-07 16:23:57 EDT,SNPS,https://finance.yahoo.com/quote/SNPS/chart,502.51,4H,3-1,1-2 BREAK_DOWN,bear,500.81,505.17,-4,True,1,Bullish Candle,ALERT if price < 500.81 (inside break DOWN); stop > 505.17,Inside bar break DOWN (1-2),3,2D,2D,2U,2U,Unknown,Unknown,SMH,1,SMH
2026-10-07 16:23:57 EDT,SNPS,https://finance.yahoo.com/quote/SNPS/chart,502.51,3H,3-1,1-2 BREAK_UP,bull,504.12,500.81,-4,False,1,Bullish Candle,ALERT if price > 504.12 (inside break UP); stop < 500.81,Inside bar break UP (1-2),3,2D,2D,2U,2U,Unknown,Unknown,SMH,1,SMH
2026-10-07 16:23:57 EDT,SNPS,https://finance.yahoo.com/quote/SNPS/chart,502.51,3H,3-1,1-2 BREAK_DOWN,bear,500.81,504.12,-4,True,1,Bullish Candle,ALERT if price < 500.81 (inside break DOWN); stop > 504.12,Inside bar break DOWN (1-2),3,2D,2D,2U,2U,Unknown,Unknown,SMH,1,SMH
2026-10-07 16:23:57 EDT,SNPS,https://finance.yahoo.com/quote/SNPS/chart,502.51,1H,3-2U,REVSTRAT 3-2-2 (watch 2D),bear,502.0,505.17,-4,True,2U,Bearish Candle,ALERT if price < 502.0 (RevStrat bear); stop > 505.17,RevStrat after 3-2U: watch for 2D reversal (3-2U-2D),3,2D,2D,2U,2U,Unknown,Unknown,SMH,1,SMH
2026-10-07 16:23:57 EDT,GD,https://finance.yahoo.com/quote/GD/chart,326.54,Y,2U-3,3-2 BREAK_UP,bull,360.5,239.2,-2,False,3,Bullish Candle,ALERT if price > 360.5 (outside break UP); stop < 239.2,Outside bar break UP (3-2),3,2U,2D,2D,2D,Industrials,Unknown,XLI,1,XLI
2026-10-07 16:23:57 EDT,GD,https://finance.yahoo.com/quote/GD/chart,326.54,Y,2U-3,3-2 BREAK_DOWN,bear,239.2,360.5,-2,True,3,Bullish Candle,ALERT if price < 239.2 (outside break DOWN); stop > 360.5,Outside bar break DOWN (3-2),3,2U,2D,2D,2D,Industrials,Unknown,XLI,1,XLI
2026-10-07 16:23:57 EDT,GD,https://finance.yahoo.com/quote/GD/chart,326.54,M,1-2D,REVSTRAT 1-2-2 (watch 2U),bull,375.31,329.41,-2,False,2D,Bearish Marubozu-like,ALERT if price > 375.31 (RevStrat bull); stop < 329.41,RevStrat after 1-2D: watch for 2U reversal (1-2D-2U),3,2U,2D,2D,2D,Industrials,Unknown,XLI,1,XLI
2026-10-07 16:23:57 EDT,GD,https://finance.yahoo.com/quote/GD/chart,326.54,D,1-2D,REVSTRAT 1-2-2 (watch 2U),bull,331.68,325.01,-2,False,2D,Bearish Candle,ALERT if price > 331.68 (RevStrat bull); stop < 325.01,RevStrat after 1-2D: watch for 2U reversal (1-2D-2U),3,2U,2D,2D,2D,Industrials,Unknown,XLI,1,XLI
2026-10-07 16:23:57 EDT,GD,https://finance.yahoo.com/quote/GD/chart,326.54,4H,2D-1,1-2 BREAK_UP,bull,328.25,326.23,-2,False,1,Bearish Candle,ALERT if price > 328.25 (inside break UP); stop < 326.23,Inside bar break UP (1-2),3,2U,2D,2D,2D,Industrials,Unknown,XLI,1,XLI
2026-10-07 16:23:57 EDT,GD,https://finance.yahoo.com/quote/GD/chart,326.54,4H,2D-1,1-2 BREAK_DOWN,bear,326.23,328.25,-2,True,1,Bearish Candle,ALERT if price < 326.23 (inside break DOWN); stop > 328.25,Inside bar break DOWN (1-2),3,2U,2D,2D,2D,Industrials,Unknown,XLI,1,XLI
2026-10-07 16:23:57 EDT,GD,https://finance.yahoo.com/quote/GD/chart,326.54,2H,2U-3,3-2 BREAK_UP,bull,328.25,326.23,-2,False,3,Bearish Candle,ALERT if price > 328.25 (outside break UP); stop < 326.23,Outside bar break UP (3-2),3,2U,2D,2D,2D,Industrials,Unknown,XLI,1,XLI
2026-10-07 16:23:57 EDT,GD,https://finance.yahoo.com/quote/GD/chart,326.54,2H,2U-3,3-2 BREAK_DOWN,bear,326.23,328.25,-2,True,3,Bearish Candle,ALERT if price < 326.23 (outside break DOWN); stop > 328.25,Outside bar break DOWN (3-2),3,2U,2D,2D,2D,Industrials,Unknown,XLI,1,XLI
2026-10-07 16:23:57 EDT,GD,https://finance.yahoo.com/quote/GD/chart,326.54,1H,3-2D,REVSTRAT 3-2-2 (watch 2U),bull,327.29,326.23,-2,False,2D,Bearish Candle,ALERT if price > 327.29 (RevStrat bull); stop < 326.23,RevStrat after 3-2D: watch for 2U reversal (3-2D-2U),3,2U,2D,2D,2D,Industrials,Unknown,XLI,1,XLI
2026-10-07 16:23:57 EDT,MFG,https://finance.yahoo.com/quote/MFG/chart,10.77,4H,2D-1,1-2 BREAK_UP,bull,10.81,10.74,13,True,1,Doji,ALERT if price > 10.81 (inside break UP); stop < 10.74,Inside bar break UP (1-2),2U,2U,2U,2U,2D,Unknown,Unknown,,0,
2026-10-07 16:23:57 EDT,MFG,https://finance.yahoo.com/quote/MFG/chart,10.77,4H,2D-1,1-2 BREAK_DOWN,bear,10.74,10.81,13,False,1,Doji,ALERT if price < 10.74 (inside break DOWN); stop > 10.81,Inside bar break DOWN (1-2),2U,2U,2U,2U,2D,Unknown,Unknown,,0,
2026-10-07 16:23:57 EDT,MFG,https://finance.yahoo.com/quote/MFG/chart,10.77,3H,2D-1,1-2 BREAK_UP,bull,10.81,10.74,13,True,1,Bullish Candle,ALERT if price > 10.81 (inside break UP); stop < 10.74,Inside bar break UP (1-2),2U,2U,2U,2U,2D,Unknown,Unknown,,0,
2026-10-07 16:23:57 EDT,MFG,https://finance.yahoo.com/quote/MFG/chart,10.77,3H,2D-1,1-2 BREAK_DOWN,bear,10.74,10.81,13,False,1,Bullish Candle,ALERT if price < 10.74 (inside break DOWN); stop > 10.81,Inside bar break DOWN (1-2),2U,2U,2U,2U,2D,Unknown,Unknown,,0,
2026-10-07 16:23:57 EDT,MFG,https://finance.yahoo.com/quote/MFG/chart,10.77,1H,2D-1,1-2 BREAK_UP,bull,10.78,10.76,13,True,1,Doji,ALERT if price > 10.78 (inside break UP); stop < 10.76,Inside bar break UP (1-2),2U,2U,2U,2U,2D,Unknown,Unknown,,0,
2026-10-07 16:23:57 EDT,MFG,https://finance.yahoo.com/quote/MFG/chart,10.77,1H,2D-1,1-2 BREAK_DOWN,bear,10.76,10.78,13,False,1,Doji,ALERT if price < 10.76 (inside break DOWN); stop > 10.78,Inside bar break DOWN (1-2),2U,2U,2U,2U,2D,Unknown,Unknown,,0,
2026-10-07 16:23:57 EDT,CME,https://finance.yahoo.com/quote/CME/chart,270.27,Q,2D-1,1-2 BREAK_UP,bull,289.9,222.25,8,True,1,Bullish Candle,ALERT if price > 289.9 (inside break UP); stop < 222.25,Inside bar break UP (1-2),2U,1,2U,1,1,Financials,Unknown,XLF,1,XLF
2026-10-07 16:23:57 EDT,CME,https://finance.yahoo.com/quote/CME/chart,270.27,Q,2D-1,1-2 BREAK_DOWN,bear,222.25,289.9,8,False,1,Bullish Candle,ALERT if price < 222.25 (inside break DOWN); stop > 289.9,Inside bar break DOWN (1-2),2U,1,2U,1,1,Financials,Unknown,XLF,1,XLF
2026-10-07 16:23:57 EDT,CME,https://finance.yahoo.com/quote/CME/chart,270.27,W,2D-1,1-2 BREAK_UP,bull,268.2,260.06,8,True,1,Bearish Candle,ALERT if price > 268.2 (inside break UP); stop < 260.06,Inside bar break UP (1-2),2U,1,2U,1,1,Financials,Unknown,XLF,1,XLF
2026-10-07 16:23:57 EDT,CME,https://finance.yahoo.com/quote/CME/chart,270.27,W,2D-1,1-2 BREAK_DOWN,bear,260.06,268.2,8,False,1,Bearish Candle,ALERT if price < 260.06 (inside break DOWN); stop > 268.2,Inside bar break DOWN (1-2),2U,1,2U,1,1,Financials,Unknown,XLF,1,XLF
2026-10-07 16:23:57 EDT,CME,https://finance.yahoo.com/quote/CME/chart,270.27,D,2U-1,1-2 BREAK_UP,bull,272.39,267.88,8,True,1,Bullish Candle,ALERT if price > 272.39 (inside break UP); stop < 267.88,Inside bar break UP (1-2),2U,1,2U,1,1,Financials,Unknown,XLF,1,XLF
2026-10-07 16:23:57 EDT,CME,https://finance.yahoo.com/quote/CME/chart,270.27,D,2U-1,1-2 BREAK_DOWN,bear,267.88,272.39,8,False,1,Bullish Candle,ALERT if price < 267.88 (inside break DOWN); stop > 272.39,Inside bar break DOWN (1-2),2U,1,2U,1,1,Financials,Unknown,XLF,1,XLF
2026-10-07 16:23:57 EDT,CME,https://finance.yahoo.com/quote/CME/chart,270.27,4H,3-1,1-2 BREAK_UP,bull,270.72,269.18,8,True,1,Bullish Candle,ALERT if price > 270.72 (inside break UP); stop < 269.18,Inside bar break UP (1-2),2U,1,2U,1,1,Financials,Unknown,XLF,1,XLF
2026-10-07 16:23:57 EDT,CME,https://finance.yahoo.com/quote/CME/chart,270.27,4H,3-1,1-2 BREAK_DOWN,bear,269.18,270.72,8,False,1,Bullish Candle,ALERT if price < 269.18 (inside break DOWN); stop > 270.72,Inside bar break DOWN (1-2),2U,1,2U,1,1,Financials,Unknown,XLF,1,XLF
2026-10-07 16:23:57 EDT,CME,https://finance.yahoo.com/quote/CME/chart,270.27,3H,3-2D,REVSTRAT 3-2-2 (watch 2U),bull,270.72,267.88,8,True,2D,Bullish Candle,ALERT if price > 270.72 (RevStrat bull); stop < 267.88,RevStrat after 3-2D: watch for 2U reversal (3-2D-2U),2U,1,2U,1,1,Financials,Unknown,XLF,1,XLF
2026-10-07 16:23:57 EDT,CME,https://finance.yahoo.com/quote/CME/chart,270.27,2H,1-1,1-2 BREAK_UP,bull,270.72,269.4,8,True,1,Bullish Candle,ALERT if price > 270.72 (inside break UP); stop < 269.4,Inside bar break UP (1-2),2U,1,2U,1,1,Financials,Unknown,XLF,1,XLF
2026-10-07 16:23:57 EDT,CME,https://finance.yahoo.com/quote/CME/chart,270.27,2H,1-1,1-2 BREAK_DOWN,bear,269.4,270.72,8,False,1,Bullish Candle,ALERT if price < 269.4 (inside break DOWN); stop > 270.72,Inside bar break DOWN (1-2),2U,1,2U,1,1,Financials,Unknown,XLF,1,XLF
2026-10-07 16:23:57 EDT,NKE,https://finance.yahoo.com/quote/NKE/chart,34.37,D,2U-1,1-2 BREAK_UP,bull,34.53,33.81,-14,False,1,Doji,ALERT if price > 34.53 (inside break UP); stop < 33.81,Inside bar break UP (1-2),2D,2D,2D,2D,1,Consumer Discretionary,Unknown,XLY,1,XLY
2026-10-07 16:23:57 EDT,NKE,https://finance.yahoo.com/quote/NKE/chart,34.37,D,2U-1,1-2 BREAK_DOWN,bear,33.81,34.53,-14,True,1,Doji,ALERT if price < 33.81 (inside break DOWN); stop > 34.53,Inside bar break DOWN (1-2),2D,2D,2D,2D,1,Consumer Discretionary,Unknown,XLY,1,XLY
2026-10-07 16:23:57 EDT,NKE,https://finance.yahoo.com/quote/NKE/chart,34.37,4H,2D-1,1-2 BREAK_UP,bull,34.49,33.88,-14,False,1,Bullish Candle,ALERT if price > 34.49 (inside break UP); stop < 33.88,Inside bar break UP (1-2),2D,2D,2D,2D,1,Consumer Discretionary,Unknown,XLY,1,XLY
2026-10-07 16:23:57 EDT,NKE,https://finance.yahoo.com/quote/NKE/chart,34.37,4H,2D-1,1-2 BREAK_DOWN,bear,33.88,34.49,-14,True,1,Bullish Candle,ALERT if price < 33.88 (inside break DOWN); stop > 34.49,Inside bar break DOWN (1-2),2D,2D,2D,2D,1,Consumer Discretionary,Unknown,XLY,1,XLY
2026-10-07 16:23:57 EDT,NKE,https://finance.yahoo.com/quote/NKE/chart,34.37,3H,2D-1,1-2 BREAK_UP,bull,34.4,33.88,-14,False,1,Bullish Candle,ALERT if price > 34.4 (inside break UP); stop < 33.88,Inside bar break UP (1-2),2D,2D,2D,2D,1,Consumer Discretionary,Unknown,XLY,1,XLY
2026-10-07 16:23:57 EDT,NKE,https://finance.yahoo.com/quote/NKE/chart,34.37,3H,2D-1,1-2 BREAK_DOWN,bear,33.88,34.4,-14,True,1,Bullish Candle,ALERT if price < 33.88 (inside break DOWN); stop > 34.4,Inside bar break DOWN (1-2),2D,2D,2D,2D,1,Consumer Discretionary,Unknown,XLY,1,XLY
2026-10-07 16:23:57 EDT,CVNA,https://finance.yahoo.com/quote/CVNA/chart,62.75,Q,1-2D,REVSTRAT 1-2-2 (watch 2U),bull,76.8,56.12,-5,False,2D,Bearish Candle,ALERT if price > 76.8 (RevStrat bull); stop < 56.12,RevStrat after 1-2D: watch for 2U reversal (1-2D-2U),2U,2D,2D,2D,2D,Consumer Discretionary,Unknown,XLY,1,XLY
2026-10-07 16:23:57 EDT,CVNA,https://finance.yahoo.com/quote/CVNA/chart,62.75,D,3-2D,REVSTRAT 3-2-2 (watch 2U),bull,63.64,62.01,-5,False,2D,Bearish Candle,ALERT if price > 63.64 (RevStrat bull); stop < 62.01,RevStrat after 3-2D: watch for 2U reversal (3-2D-2U),2U,2D,2D,2D,2D,Consumer Discretionary,Unknown,XLY,1,XLY
2026-10-07 16:23:57 EDT,CVNA,https://finance.yahoo.com/quote/CVNA/chart,62.75,1H,1-2D,REVSTRAT 1-2-2 (watch 2U),bull,63.06,62.7,-5,False,2D,Bearish Candle,ALERT if price > 63.06 (RevStrat bull); stop < 62.7,RevStrat after 1-2D: watch for 2U reversal (1-2D-2U),2U,2D,2D,2D,2D,Consumer Discretionary,Unknown,XLY,1,XLY
2026-10-07 16:23:57 EDT,SO,https://finance.yahoo.com/quote/SO/chart,85.44,Q,1-3,3-2 BREAK_UP,bull,99.26,81.69,1,True,3,Bearish Candle,ALERT if price > 99.26 (outside break UP); stop < 81.69,Outside bar break UP (3-2),2U,3,2D,2D,2U,Utilities,Unknown,XLU,1,XLU
2026-10-07 16:23:57 EDT,SO,https://finance.yahoo.com/quote/SO/chart,85.44,Q,1-3,3-2 BREAK_DOWN,bear,81.69,99.26,1,False,3,Bearish Candle,ALERT if price < 81.69 (outside break DOWN); stop > 99.26,Outside bar break DOWN (3-2),2U,3,2D,2D,2U,Utilities,Unknown,XLU,1,XLU
2026-10-07 16:23:57 EDT,SO,https://finance.yahoo.com/quote/SO/chart,85.44,2H,2U-3,3-2 BREAK_UP,bull,86.01,85.36,1,True,3,Bearish Candle,ALERT if price > 86.01 (outside break UP); stop < 85.36,Outside bar break UP (3-2),2U,3,2D,2D,2U,Utilities,Unknown,XLU,1,XLU
2026-10-07 16:23:57 EDT,SO,https://finance.yahoo.com/quote/SO/chart,85.44,2H,2U-3,3-2 BREAK_DOWN,bear,85.36,86.01,1,False,3,Bearish Candle,ALERT if price < 85.36 (outside break DOWN); stop > 86.01,Outside bar break DOWN (3-2),2U,3,2D,2D,2U,Utilities,Unknown,XLU,1,XLU
2026-10-07 16:23:57 EDT,SO,https://finance.yahoo.com/quote/SO/chart,85.44,1H,3-2D,REVSTRAT 3-2-2 (watch 2U),bull,85.68,85.36,1,True,2D,Bearish Candle,ALERT if price > 85.68 (RevStrat bull); stop < 85.36,RevStrat after 3-2D: watch for 2U reversal (3-2D-2U),2U,3,2D,2D,2U,Utilities,Unknown,XLU,1,XLU
2026-10-07 16:23:57 EDT,SOMN,https://finance.yahoo.com/quote/SOMN/chart,45.7,3H,2U-1,1-2 BREAK_UP,bull,45.9,45.76,-8,False,1,Bearish Hanging-Man-like,ALERT if price > 45.9 (inside break UP); stop < 45.76,Inside bar break UP (1-2),,2D,2D,2D,2U,Unknown,Unknown,,0,
2026-10-07 16:23:57 EDT,SOMN,https://finance.yahoo.com/quote/SOMN/chart,45.7,3H,2U-1,1-2 BREAK_DOWN,bear,45.76,45.9,-8,True,1,Bearish Hanging-Man-like,ALERT if price < 45.76 (inside break DOWN); stop > 45.9,Inside bar break DOWN (1-2),,2D,2D,2D,2U,Unknown,Unknown,,0,
2026-10-07 16:23:57 EDT,SOMN,https://finance.yahoo.com/quote/SOMN/chart,45.7,2H,1-3,3-2 BREAK_UP,bull,45.92,45.59,-8,False,3,Bearish Candle,ALERT if price > 45.92 (outside break UP); stop < 45.59,Outside bar break UP (3-2),,2D,2D,2D,2U,Unknown,Unknown,,0,
2026-10-07 16:23:57 EDT,SOMN,https://finance.yahoo.com/quote/SOMN/chart,45.7,2H,1-3,3-2 BREAK_DOWN,bear,45.59,45.92,-8,True,3,Bearish Candle,ALERT if price < 45.59 (outside break DOWN); stop > 45.92,Outside bar break DOWN (3-2),,2D,2D,2D,2U,Unknown,Unknown,,0,
2026-10-07 16:23:57 EDT,BMO,https://finance.yahoo.com/quote/BMO/chart,161.73,M,3-2D,REVSTRAT 3-2-2 (watch 2U),bull,177.66,166.96,3,True,2D,Bearish Shooting-Star-like,ALERT if price > 177.66 (RevStrat bull); stop < 166.96,RevStrat after 3-2D: watch for 2U reversal (3-2D-2U),2U,2U,2D,2D,2D,Unknown,Unknown,,0,
2026-10-07 16:23:57 EDT,BMO,https://finance.yahoo.com/quote/BMO/chart,161.73,W,3-2D,REVSTRAT 3-2-2 (watch 2U),bull,172.69,162.86,3,True,2D,Bearish Candle,ALERT if price > 172.69 (RevStrat bull); stop < 162.86,RevStrat after 3-2D: watch for 2U reversal (3-2D-2U),2U,2U,2D,2D,2D,Unknown,Unknown,,0,
2026-10-07 16:23:57 EDT,BMO,https://finance.yahoo.com/quote/BMO/chart,161.73,4H,2D-1,1-2 BREAK_UP,bull,163.19,161.46,3,True,1,Bearish Candle,ALERT if price > 163.19 (inside break UP); stop < 161.46,Inside bar break UP (1-2),2U,2U,2D,2D,2D,Unknown,Unknown,,0,
2026-10-07 16:23:57 EDT,BMO,https://finance.yahoo.com/quote/BMO/chart,161.73,4H,2D-1,1-2 BREAK_DOWN,bear,161.46,163.19,3,False,1,Bearish Candle,ALERT if price < 161.46 (inside break DOWN); stop > 163.19,Inside bar break DOWN (1-2),2U,2U,2D,2D,2D,Unknown,Unknown,,0,
2026-10-07 16:23:57 EDT,BMO,https://finance.yahoo.com/quote/BMO/chart,161.73,3H,2D-1,1-2 BREAK_UP,bull,163.19,161.54,3,True,1,Bullish Candle,ALERT if price > 163.19 (inside break UP); stop < 161.54,Inside bar break UP (1-2),2U,2U,2D,2D,2D,Unknown,Unknown,,0,
2026-10-07 16:23:57 EDT,BMO,https://finance.yahoo.com/quote/BMO/chart,161.73,3H,2D-1,1-2 BREAK_DOWN,bear,161.54,163.19,3,False,1,Bullish Candle,ALERT if price < 161.54 (inside break DOWN); stop > 163.19,Inside bar break DOWN (1-2),2U,2U,2D,2D,2D,Unknown,Unknown,,0,
2026-10-07 16:23:57 EDT,MCO,https://finance.yahoo.com/quote/MCO/chart,449.77,Q,1-2U,REVSTRAT 1-2-2 (watch 2D),bear,450.53,523.31,3,False,2U,Gravestone Doji (bearish-leaning),ALERT if price < 450.53 (RevStrat bear); stop > 523.31,RevStrat after 1-2U: watch for 2D reversal (1-2U-2D),2U,2U,2D,2D,2D,Unknown,Unknown,,0,
2026-10-07 16:23:57 EDT,MCO,https://finance.yahoo.com/quote/MCO/chart,449.77,M,1-2D,REVSTRAT 1-2-2 (watch 2U),bull,507.65,450.53,3,True,2D,Bearish Candle,ALERT if price > 507.65 (RevStrat bull); stop < 450.53,RevStrat after 1-2D: watch for 2U reversal (1-2D-2U),2U,2U,2D,2D,2D,Unknown,Unknown,,0,
2026-10-07 16:23:57 EDT,MCO,https://finance.yahoo.com/quote/MCO/chart,449.77,W,1-2D,REVSTRAT 1-2-2 (watch 2U),bull,464.13,438.01,3,True,2D,Bearish Candle,ALERT if price > 464.13 (RevStrat bull); stop < 438.01,RevStrat after 1-2D: watch for 2U reversal (1-2D-2U),2U,2U,2D,2D,2D,Unknown,Unknown,,0,
2026-10-07 16:23:57 EDT,MCO,https://finance.yahoo.com/quote/MCO/chart,449.77,2H,2U-1,1-2 BREAK_UP,bull,451.01,448.57,3,True,1,Doji,ALERT if price > 451.01 (inside break UP); stop < 448.57,Inside bar break UP (1-2),2U,2U,2D,2D,2D,Unknown,Unknown,,0,
2026-10-07 16:23:57 EDT,MCO,https://finance.yahoo.com/quote/MCO/chart,449.77,2H,2U-1,1-2 BREAK_DOWN,bear,448.57,451.01,3,False,1,Doji,ALERT if price < 448.57 (inside break DOWN); stop > 451.01,Inside bar break DOWN (1-2),2U,2U,2D,2D,2D,Unknown,Unknown,,0,
2026-10-07 16:23:57 EDT,MCO,https://finance.yahoo.com/quote/MCO/chart,449.77,1H,1-2D,REVSTRAT 1-2-2 (watch 2U),bull,450.22,448.57,3,True,2D,Doji,ALERT if price > 450.22 (RevStrat bull); stop < 448.57,RevStrat after 1-2D: watch for 2U reversal (1-2D-2U),2U,2U,2D,2D,2D,Unknown,Unknown,,0,
2026-10-07 16:23:57 EDT,ICE,https://finance.yahoo.com/quote/ICE/chart,152.6,Q,2D-1,1-2 BREAK_UP,bull,164.66,123.61,5,True,1,Bullish Candle,ALERT if price > 164.66 (inside break UP); stop < 123.61,Inside bar break UP (1-2),2U,1,2U,2D,2D,Financials,Unknown,XLF,1,XLF
2026-10-07 16:23:57 EDT,ICE,https://finance.yahoo.com/quote/ICE/chart,152.6,Q,2D-1,1-2 BREAK_DOWN,bear,123.61,164.66,5,False,1,Bullish Candle,ALERT if price < 123.61 (inside break DOWN); stop > 164.66,Inside bar break DOWN (1-2),2U,1,2U,2D,2D,Financials,Unknown,XLF,1,XLF
2026-10-07 16:23:57 EDT,ICE,https://finance.yahoo.com/quote/ICE/chart,152.6,4H,2D-1,1-2 BREAK_UP,bull,152.79,152.05,5,True,1,Doji,ALERT if price > 152.79 (inside break UP); stop < 152.05,Inside bar break UP (1-2),2U,1,2U,2D,2D,Financials,Unknown,XLF,1,XLF
2026-10-07 16:23:57 EDT,ICE,https://finance.yahoo.com/quote/ICE/chart,152.6,4H,2D-1,1-2 BREAK_DOWN,bear,152.05,152.79,5,False,1,Doji,ALERT if price < 152.05 (inside break DOWN); stop > 152.79,Inside bar break DOWN (1-2),2U,1,2U,2D,2D,Financials,Unknown,XLF,1,XLF
2026-10-07 16:23:57 EDT,ICE,https://finance.yahoo.com/quote/ICE/chart,152.6,3H,2D-1,1-2 BREAK_UP,bull,152.79,151.7,5,True,1,Bullish Candle,ALERT if price > 152.79 (inside break UP); stop < 151.7,Inside bar break UP (1-2),2U,1,2U,2D,2D,Financials,Unknown,XLF,1,XLF
2026-10-07 16:23:57 EDT,ICE,https://finance.yahoo.com/quote/ICE/chart,152.6,3H,2D-1,1-2 BREAK_DOWN,bear,151.7,152.79,5,False,1,Bullish Candle,ALERT if price < 151.7 (inside break DOWN); stop > 152.79,Inside bar break DOWN (1-2),2U,1,2U,2D,2D,Financials,Unknown,XLF,1,XLF
2026-10-07 16:23:57 EDT,ICE,https://finance.yahoo.com/quote/ICE/chart,152.6,2H,2U-1,1-2 BREAK_UP,bull,152.77,152.26,5,True,1,Bullish Candle,ALERT if price > 152.77 (inside break UP); stop < 152.26,Inside bar break UP (1-2),2U,1,2U,2D,2D,Financials,Unknown,XLF,1,XLF
2026-10-07 16:23:57 EDT,ICE,https://finance.yahoo.com/quote/ICE/chart,152.6,2H,2U-1,1-2 BREAK_DOWN,bear,152.26,152.77,5,False,1,Bullish Candle,ALERT if price < 152.26 (inside break DOWN); stop > 152.77,Inside bar break DOWN (1-2),2U,1,2U,2D,2D,Financials,Unknown,XLF,1,XLF
2026-10-07 16:23:57 EDT,NTES,https://finance.yahoo.com/quote/NTES/chart,120.73,Y,1-2U,REVSTRAT 1-2-2 (watch 2D),bear,87.67,159.55,9,False,2U,Bullish Candle,ALERT if price < 87.67 (RevStrat bear); stop > 159.55,RevStrat after 1-2U: watch for 2D reversal (1-2U-2D),2U,2U,2D,2U,2U,Unknown,Unknown,,0,
2026-10-07 16:23:57 EDT,NTES,https://finance.yahoo.com/quote/NTES/chart,120.73,M,1-2D,REVSTRAT 1-2-2 (watch 2U),bull,122.82,114.38,9,True,2D,Bullish Candle,ALERT if price > 122.82 (RevStrat bull); stop < 114.38,RevStrat after 1-2D: watch for 2U reversal (1-2D-2U),2U,2U,2D,2U,2U,Unknown,Unknown,,0,
2026-10-07 16:23:57 EDT,NTES,https://finance.yahoo.com/quote/NTES/chart,120.73,W,3-2U,REVSTRAT 3-2-2 (watch 2D),bear,116.7,122.82,9,False,2U,Bearish Candle,ALERT if price < 116.7 (RevStrat bear); stop > 122.82,RevStrat after 3-2U: watch for 2D reversal (3-2U-2D),2U,2U,2D,2U,2U,Unknown,Unknown,,0,
2026-10-07 16:23:57 EDT,NTES,https://finance.yahoo.com/quote/NTES/chart,120.73,2H,3-2U,REVSTRAT 3-2-2 (watch 2D),bear,120.42,120.73,9,False,2U,Bullish Marubozu-like,ALERT if price < 120.42 (RevStrat bear); stop > 120.73,RevStrat after 3-2U: watch for 2D reversal (3-2U-2D),2U,2U,2D,2U,2U,Unknown,Unknown,,0,
2026-10-07 16:23:57 EDT,MO,https://finance.yahoo.com/quote/MO/chart,69.39,3H,2U-1,1-2 BREAK_UP,bull,69.56,69.19,11,True,1,Bearish Candle,ALERT if price > 69.56 (inside break UP); stop < 69.19,Inside bar break UP (1-2),2U,2U,2U,2D,2U,Consumer Staples,Unknown,XLP,1,XLP
2026-10-07 16:23:57 EDT,MO,https://finance.yahoo.com/quote/MO/chart,69.39,3H,2U-1,1-2 BREAK_DOWN,bear,69.19,69.56,11,False,1,Bearish Candle,ALERT if price < 69.19 (inside break DOWN); stop > 69.56,Inside bar break DOWN (1-2),2U,2U,2U,2D,2U,Consumer Staples,Unknown,XLP,1,XLP
2026-10-07 16:23:57 EDT,MO,https://finance.yahoo.com/quote/MO/chart,69.39,2H,1-3,3-2 BREAK_UP,bull,69.62,69.15,11,True,3,Bullish Candle,ALERT if price > 69.62 (outside break UP); stop < 69.15,Outside bar break UP (3-2),2U,2U,2U,2D,2U,Consumer Staples,Unknown,XLP,1,XLP
2026-10-07 16:23:57 EDT,MO,https://finance.yahoo.com/quote/MO/chart,69.39,2H,1-3,3-2 BREAK_DOWN,bear,69.15,69.62,11,False,3,Bullish Candle,ALERT if price < 69.15 (outside break DOWN); stop > 69.62,Outside bar break DOWN (3-2),2U,2U,2U,2D,2U,Consumer Staples,Unknown,XLP,1,XLP
2026-10-07 16:23:57 EDT,BNS,https://finance.yahoo.com/quote/BNS/chart,87.21,W,3-2D,REVSTRAT 3-2-2 (watch 2U),bull,93.71,88.95,9,True,2D,Bearish Candle,ALERT if price > 93.71 (RevStrat bull); stop < 88.95,RevStrat after 3-2D: watch for 2U reversal (3-2D-2U),2U,2U,2U,2D,2D,Unknown,Unknown,,0,
2026-10-07 16:23:57 EDT,BNS,https://finance.yahoo.com/quote/BNS/chart,87.21,2H,3-2D,REVSTRAT 3-2-2 (watch 2U),bull,87.71,87.12,9,True,2D,Bearish Candle,ALERT if price > 87.71 (RevStrat bull); stop < 87.12,RevStrat after 3-2D: watch for 2U reversal (3-2D-2U),2U,2U,2U,2D,2D,Unknown,Unknown,,0,
2026-10-07 16:23:57 EDT,DUK,https://finance.yahoo.com/quote/DUK/chart,115.49,Q,1-2D,REVSTRAT 1-2-2 (watch 2U),bull,132.65,112.4,-3,False,2D,Bearish Candle,ALERT if price > 132.65 (RevStrat bull); stop < 112.4,RevStrat after 1-2D: watch for 2U reversal (1-2D-2U),2U,2D,2D,2D,2U,Utilities,Unknown,XLU,1,XLU
2026-10-07 16:23:57 EDT,DUK,https://finance.yahoo.com/quote/DUK/chart,115.49,4H,2U-1,1-2 BREAK_UP,bull,116.19,115.26,-3,False,1,Bearish Candle,ALERT if price > 116.19 (inside break UP); stop < 115.26,Inside bar break UP (1-2),2U,2D,2D,2D,2U,Utilities,Unknown,XLU,1,XLU
2026-10-07 16:23:57 EDT,DUK,https://finance.yahoo.com/quote/DUK/chart,115.49,4H,2U-1,1-2 BREAK_DOWN,bear,115.26,116.19,-3,True,1,Bearish Candle,ALERT if price < 115.26 (inside break DOWN); stop > 116.19,Inside bar break DOWN (1-2),2U,2D,2D,2D,2U,Utilities,Unknown,XLU,1,XLU
2026-10-07 16:23:57 EDT,DUK,https://finance.yahoo.com/quote/DUK/chart,115.49,2H,1-2D,REVSTRAT 1-2-2 (watch 2U),bull,116.03,115.26,-3,False,2D,Bearish Candle,ALERT if price > 116.03 (RevStrat bull); stop < 115.26,RevStrat after 1-2D: watch for 2U reversal (1-2D-2U),2U,2D,2D,2D,2U,Utilities,Unknown,XLU,1,XLU
2026-10-07 16:23:57 EDT,DUK,https://finance.yahoo.com/quote/DUK/chart,115.49,1H,3-2D,REVSTRAT 3-2-2 (watch 2U),bull,115.63,115.26,-3,False,2D,Bearish Candle,ALERT if price > 115.63 (RevStrat bull); stop < 115.26,RevStrat after 3-2D: watch for 2U reversal (3-2D-2U),2U,2D,2D,2D,2U,Utilities,Unknown,XLU,1,XLU
2026-10-07 16:23:57 EDT,BCS,https://finance.yahoo.com/quote/BCS/chart,22.99,Q,1-2U,REVSTRAT 1-2-2 (watch 2D),bear,24.14,28.69,3,False,2U,Bearish Candle,ALERT if price < 24.14 (RevStrat bear); stop > 28.69,RevStrat after 1-2U: watch for 2D reversal (1-2U-2D),2U,2U,2D,2D,2D,Unknown,Unknown,,0,
2026-10-07 16:23:57 EDT,BCS,https://finance.yahoo.com/quote/BCS/chart,22.99,2H,2U-1,1-2 BREAK_UP,bull,23.02,22.92,3,True,1,Bullish Candle,ALERT if price > 23.02 (inside break UP); stop < 22.92,Inside bar break UP (1-2),2U,2U,2D,2D,2D,Unknown,Unknown,,0,
2026-10-07 16:23:57 EDT,BCS,https://finance.yahoo.com/quote/BCS/chart,22.99,2H,2U-1,1-2 BREAK_DOWN,bear,22.92,23.02,3,False,1,Bullish Candle,ALERT if price < 22.92 (inside break DOWN); stop > 23.02,Inside bar break DOWN (1-2),2U,2U,2D,2D,2D,Unknown,Unknown,,0,
2026-10-07 16:23:57 EDT,AEM,https://finance.yahoo.com/quote/AEM/chart,180.39,Q,2D-3,3-2 BREAK_UP,bull,224.43,134.38,2,True,3,Bullish Candle,ALERT if price > 224.43 (outside break UP); stop < 134.38,Outside bar break UP (3-2),2U,3,1,2D,2D,Unknown,Unknown,,0,
2026-10-07 16:23:57 EDT,AEM,https://finance.yahoo.com/quote/AEM/chart,180.39,Q,2D-3,3-2 BREAK_DOWN,bear,134.38,224.43,2,False,3,Bullish Candle,ALERT if price < 134.38 (outside break DOWN); stop > 224.43,Outside bar break DOWN (3-2),2U,3,1,2D,2D,Unknown,Unknown,,0,
2026-10-07 16:23:57 EDT,AEM,https://finance.yahoo.com/quote/AEM/chart,180.39,M,2U-1,1-2 BREAK_UP,bull,208.64,181.13,2,True,1,Bearish Candle,ALERT if price > 208.64 (inside break UP); stop < 181.13,Inside bar break UP (1-2),2U,3,1,2D,2D,Unknown,Unknown,,0,
2026-10-07 16:23:57 EDT,AEM,https://finance.yahoo.com/quote/AEM/chart,180.39,M,2U-1,1-2 BREAK_DOWN,bear,181.13,208.64,2,False,1,Bearish Candle,ALERT if price < 181.13 (inside break DOWN); stop > 208.64,Inside bar break DOWN (1-2),2U,3,1,2D,2D,Unknown,Unknown,,0,
2026-10-07 16:23:57 EDT,AEM,https://finance.yahoo.com/quote/AEM/chart,180.39,W,3-2D,REVSTRAT 3-2-2 (watch 2U),bull,187.7,180.23,2,True,2D,Doji,ALERT if price > 187.7 (RevStrat bull); stop < 180.23,RevStrat after 3-2D: watch for 2U reversal (3-2D-2U),2U,3,1,2D,2D,Unknown,Unknown,,0,
2026-10-07 16:23:57 EDT,UPS,https://finance.yahoo.com/quote/UPS/chart,92.28,Q,2D-3,3-2 BREAK_UP,bull,118.42,91.63,-8,False,3,Bearish Candle,ALERT if price > 118.42 (outside break UP); stop < 91.63,Outside bar break UP (3-2),2D,3,2D,1,3,Industrials,Unknown,XLI,1,XLI
2026-10-07 16:23:57 EDT,UPS,https://finance.yahoo.com/quote/UPS/chart,92.28,Q,2D-3,3-2 BREAK_DOWN,bear,91.63,118.42,-8,True,3,Bearish Candle,ALERT if price < 91.63 (outside break DOWN); stop > 118.42,Outside bar break DOWN (3-2),2D,3,2D,1,3,Industrials,Unknown,XLI,1,XLI
2026-10-07 16:23:57 EDT,UPS,https://finance.yahoo.com/quote/UPS/chart,92.28,W,2D-1,1-2 BREAK_UP,bull,94.76,92.66,-8,False,1,Bearish Candle,ALERT if price > 94.76 (inside break UP); stop < 92.66,Inside bar break UP (1-2),2D,3,2D,1,3,Industrials,Unknown,XLI,1,XLI
2026-10-07 16:23:57 EDT,UPS,https://finance.yahoo.com/quote/UPS/chart,92.28,W,2D-1,1-2 BREAK_DOWN,bear,92.66,94.76,-8,True,1,Bearish Candle,ALERT if price < 92.66 (inside break DOWN); stop > 94.76,Inside bar break DOWN (1-2),2D,3,2D,1,3,Industrials,Unknown,XLI,1,XLI
2026-10-07 16:23:57 EDT,UPS,https://finance.yahoo.com/quote/UPS/chart,92.28,D,1-3,3-2 BREAK_UP,bull,93.53,92.22,-8,False,3,Bearish Candle,ALERT if price > 93.53 (outside break UP); stop < 92.22,Outside bar break UP (3-2),2D,3,2D,1,3,Industrials,Unknown,XLI,1,XLI
2026-10-07 16:23:57 EDT,UPS,https://finance.yahoo.com/quote/UPS/chart,92.28,D,1-3,3-2 BREAK_DOWN,bear,92.22,93.53,-8,True,3,Bearish Candle,ALERT if price < 92.22 (outside break DOWN); stop > 93.53,Outside bar break DOWN (3-2),2D,3,2D,1,3,Industrials,Unknown,XLI,1,XLI
2026-10-07 16:23:57 EDT,UPS,https://finance.yahoo.com/quote/UPS/chart,92.28,3H,3-1,1-2 BREAK_UP,bull,93.45,92.71,-8,False,1,Bullish Candle,ALERT if price > 93.45 (inside break UP); stop < 92.71,Inside bar break UP (1-2),2D,3,2D,1,3,Industrials,Unknown,XLI,1,XLI
2026-10-07 16:23:57 EDT,UPS,https://finance.yahoo.com/quote/UPS/chart,92.28,3H,3-1,1-2 BREAK_DOWN,bear,92.71,93.45,-8,True,1,Bullish Candle,ALERT if price < 92.71 (inside break DOWN); stop > 93.45,Inside bar break DOWN (1-2),2D,3,2D,1,3,Industrials,Unknown,XLI,1,XLI
2026-10-07 16:23:57 EDT,UPS,https://finance.yahoo.com/quote/UPS/chart,92.28,2H,1-2D,REVSTRAT 1-2-2 (watch 2U),bull,93.44,92.22,-8,False,2D,Bearish Marubozu-like,ALERT if price > 93.44 (RevStrat bull); stop < 92.22,RevStrat after 1-2D: watch for 2U reversal (1-2D-2U),2D,3,2D,1,3,Industrials,Unknown,XLI,1,XLI
2026-10-07 16:23:57 EDT,BP,https://finance.yahoo.com/quote/BP/chart,44.51,Q,1-2D,REVSTRAT 1-2-2 (watch 2U),bull,47.04,36.04,-5,False,2D,Bullish Candle,ALERT if price > 47.04 (RevStrat bull); stop < 36.04,RevStrat after 1-2D: watch for 2U reversal (1-2D-2U),2D,2D,2U,1,2U,Unknown,Unknown,,0,
2026-10-07 16:23:57 EDT,BP,https://finance.yahoo.com/quote/BP/chart,44.51,W,2D-1,1-2 BREAK_UP,bull,45.15,43.35,-5,False,1,Doji,ALERT if price > 45.15 (inside break UP); stop < 43.35,Inside bar break UP (1-2),2D,2D,2U,1,2U,Unknown,Unknown,,0,
2026-10-07 16:23:57 EDT,BP,https://finance.yahoo.com/quote/BP/chart,44.51,W,2D-1,1-2 BREAK_DOWN,bear,43.35,45.15,-5,True,1,Doji,ALERT if price < 43.35 (inside break DOWN); stop > 45.15,Inside bar break DOWN (1-2),2D,2D,2U,1,2U,Unknown,Unknown,,0,
2026-10-07 16:23:57 EDT,BP,https://finance.yahoo.com/quote/BP/chart,44.51,4H,3-1,1-2 BREAK_UP,bull,44.88,44.51,-5,False,1,Bearish Shooting-Star-like,ALERT if price > 44.88 (inside break UP); stop < 44.51,Inside bar break UP (1-2),2D,2D,2U,1,2U,Unknown,Unknown,,0,
2026-10-07 16:23:57 EDT,BP,https://finance.yahoo.com/quote/BP/chart,44.51,4H,3-1,1-2 BREAK_DOWN,bear,44.51,44.88,-5,True,1,Bearish Shooting-Star-like,ALERT if price < 44.51 (inside break DOWN); stop > 44.88,Inside bar break DOWN (1-2),2D,2D,2U,1,2U,Unknown,Unknown,,0,
2026-10-07 16:23:57 EDT,BP,https://finance.yahoo.com/quote/BP/chart,44.51,3H,3-1,1-2 BREAK_UP,bull,44.77,44.53,-5,False,1,Bearish Candle,ALERT if price > 44.77 (inside break UP); stop < 44.53,Inside bar break UP (1-2),2D,2D,2U,1,2U,Unknown,Unknown,,0,
2026-10-07 16:23:57 EDT,BP,https://finance.yahoo.com/quote/BP/chart,44.51,3H,3-1,1-2 BREAK_DOWN,bear,44.53,44.77,-5,True,1,Bearish Candle,ALERT if price < 44.53 (inside break DOWN); stop > 44.77,Inside bar break DOWN (1-2),2D,2D,2U,1,2U,Unknown,Unknown,,0,
2026-10-07 16:23:57 EDT,BP,https://finance.yahoo.com/quote/BP/chart,44.51,2H,1-3,3-2 BREAK_UP,bull,44.88,44.51,-5,False,3,Bearish Shooting-Star-like,ALERT if price > 44.88 (outside break UP); stop < 44.51,Outside bar break UP (3-2),2D,2D,2U,1,2U,Unknown,Unknown,,0,
2026-10-07 16:23:57 EDT,BP,https://finance.yahoo.com/quote/BP/chart,44.51,2H,1-3,3-2 BREAK_DOWN,bear,44.51,44.88,-5,True,3,Bearish Shooting-Star-like,ALERT if price < 44.51 (outside break DOWN); stop > 44.88,Outside bar break DOWN (3-2),2D,2D,2U,1,2U,Unknown,Unknown,,0,
2026-10-07 16:23:57 EDT,BAM,https://finance.yahoo.com/quote/BAM/chart,44.49,Q,1-2U,REVSTRAT 1-2-2 (watch 2D),bear,43.62,55.97,3,False,2U,Gravestone Doji (bearish-leaning),ALERT if price < 43.62 (RevStrat bear); stop > 55.97,RevStrat after 1-2U: watch for 2D reversal (1-2U-2D),2U,2U,2D,2D,2D,Unknown,Unknown,,0,
2026-10-07 16:23:57 EDT,BAM,https://finance.yahoo.com/quote/BAM/chart,44.49,4H,2D-1,1-2 BREAK_UP,bull,44.64,44.22,3,True,1,Bullish Candle,ALERT if price > 44.64 (inside break UP); stop < 44.22,Inside bar break UP (1-2),2U,2U,2D,2D,2D,Unknown,Unknown,,0,
2026-10-07 16:23:57 EDT,BAM,https://finance.yahoo.com/quote/BAM/chart,44.49,4H,2D-1,1-2 BREAK_DOWN,bear,44.22,44.64,3,False,1,Bullish Candle,ALERT if price < 44.22 (inside break DOWN); stop > 44.64,Inside bar break DOWN (1-2),2U,2U,2D,2D,2D,Unknown,Unknown,,0,
2026-10-07 16:23:57 EDT,BAM,https://finance.yahoo.com/quote/BAM/chart,44.49,3H,2D-1,1-2 BREAK_UP,bull,44.59,44.05,3,True,1,Bullish Candle,ALERT if price > 44.59 (inside break UP); stop < 44.05,Inside bar break UP (1-2),2U,2U,2D,2D,2D,Unknown,Unknown,,0,
2026-10-07 16:23:57 EDT,BAM,https://finance.yahoo.com/quote/BAM/chart,44.49,3H,2D-1,1-2 BREAK_DOWN,bear,44.05,44.59,3,False,1,Bullish Candle,ALERT if price < 44.05 (inside break DOWN); stop > 44.59,Inside bar break DOWN (1-2),2U,2U,2D,2D,2D,Unknown,Unknown,,0,
2026-10-07 16:23:57 EDT,BAM,https://finance.yahoo.com/quote/BAM/chart,44.49,2H,1-2U,REVSTRAT 1-2-2 (watch 2D),bear,44.42,44.64,3,False,2U,Doji,ALERT if price < 44.42 (RevStrat bear); stop > 44.64,RevStrat after 1-2U: watch for 2D reversal (1-2U-2D),2U,2U,2D,2D,2D,Unknown,Unknown,,0,
2026-10-07 16:23:57 EDT,APO,https://finance.yahoo.com/quote/APO/chart,115.58,Y,2U-1,1-2 BREAK_UP,bull,174.91,102.58,-1,False,1,Bearish Candle,ALERT if price > 174.91 (inside break UP); stop < 102.58,Inside bar break UP (1-2),1,2U,2D,2D,3,Unknown,Unknown,,0,
2026-10-07 16:23:57 EDT,APO,https://finance.yahoo.com/quote/APO/chart,115.58,Y,2U-1,1-2 BREAK_DOWN,bear,102.58,174.91,-1,True,1,Bearish Candle,ALERT if price < 102.58 (inside break DOWN); stop > 174.91,Inside bar break DOWN (1-2),1,2U,2D,2D,3,Unknown,Unknown,,0,
2026-10-07 16:23:57 EDT,APO,https://finance.yahoo.com/quote/APO/chart,115.58,Q,1-2U,REVSTRAT 1-2-2 (watch 2D),bear,115.42,144.33,-1,True,2U,Gravestone Doji (bearish-leaning),ALERT if price < 115.42 (RevStrat bear); stop > 144.33,RevStrat after 1-2U: watch for 2D reversal (1-2U-2D),1,2U,2D,2D,3,Unknown,Unknown,,0,
2026-10-07 16:23:57 EDT,APO,https://finance.yahoo.com/quote/APO/chart,115.58,D,2U-3,3-2 BREAK_UP,bull,117.19,113.9,-1,False,3,Bullish Candle,ALERT if price > 117.19 (outside break UP); stop < 113.9,Outside bar break UP (3-2),1,2U,2D,2D,3,Unknown,Unknown,,0,
2026-10-07 16:23:57 EDT,APO,https://finance.yahoo.com/quote/APO/chart,115.58,D,2U-3,3-2 BREAK_DOWN,bear,113.9,117.19,-1,True,3,Bullish Candle,ALERT if price < 113.9 (outside break DOWN); stop > 117.19,Outside bar break DOWN (3-2),1,2U,2D,2D,3,Unknown,Unknown,,0,
2026-10-07 16:23:57 EDT,APO,https://finance.yahoo.com/quote/APO/chart,115.58,4H,3-1,1-2 BREAK_UP,bull,115.8,114.67,-1,False,1,Bullish Candle,ALERT if price > 115.8 (inside break UP); stop < 114.67,Inside bar break UP (1-2),1,2U,2D,2D,3,Unknown,Unknown,,0,
2026-10-07 16:23:57 EDT,APO,https://finance.yahoo.com/quote/APO/chart,115.58,4H,3-1,1-2 BREAK_DOWN,bear,114.67,115.8,-1,True,1,Bullish Candle,ALERT if price < 114.67 (inside break DOWN); stop > 115.8,Inside bar break DOWN (1-2),1,2U,2D,2D,3,Unknown,Unknown,,0,
2026-10-07 16:23:57 EDT,APO,https://finance.yahoo.com/quote/APO/chart,115.58,3H,3-1,1-2 BREAK_UP,bull,115.75,114.1,-1,False,1,Bullish Candle,ALERT if price > 115.75 (inside break UP); stop < 114.1,Inside bar break UP (1-2),1,2U,2D,2D,3,Unknown,Unknown,,0,
2026-10-07 16:23:57 EDT,APO,https://finance.yahoo.com/quote/APO/chart,115.58,3H,3-1,1-2 BREAK_DOWN,bear,114.1,115.75,-1,True,1,Bullish Candle,ALERT if price < 114.1 (inside break DOWN); stop > 115.75,Inside bar break DOWN (1-2),1,2U,2D,2D,3,Unknown,Unknown,,0,
2026-10-07 16:23:57 EDT,APO,https://finance.yahoo.com/quote/APO/chart,115.58,2H,1-2U,REVSTRAT 1-2-2 (watch 2D),bear,115.03,115.8,-1,True,2U,Bullish Candle,ALERT if price < 115.03 (RevStrat bear); stop > 115.8,RevStrat after 1-2U: watch for 2D reversal (1-2U-2D),1,2U,2D,2D,3,Unknown,Unknown,,0,
2026-10-07 16:23:57 EDT,MMM,https://finance.yahoo.com/quote/MMM/chart,162.09,Q,1-2U,REVSTRAT 1-2-2 (watch 2D),bear,153.56,184.9,5,False,2U,Doji,ALERT if price < 153.56 (RevStrat bear); stop > 184.9,RevStrat after 1-2U: watch for 2D reversal (1-2U-2D),2U,2U,2D,3,2D,Industrials,Unknown,DIA|XLI,2,"DIA, XLI"
2026-10-07 16:23:57 EDT,MMM,https://finance.yahoo.com/quote/MMM/chart,162.09,M,1-2D,REVSTRAT 1-2-2 (watch 2U),bull,172.43,160.27,5,True,2D,Bearish Candle,ALERT if price > 172.43 (RevStrat bull); stop < 160.27,RevStrat after 1-2D: watch for 2U reversal (1-2D-2U),2U,2U,2D,3,2D,Industrials,Unknown,DIA|XLI,2,"DIA, XLI"
2026-10-07 16:23:57 EDT,MMM,https://finance.yahoo.com/quote/MMM/chart,162.09,W,2U-3,3-2 BREAK_UP,bull,170.98,161.12,5,True,3,Bearish Candle,ALERT if price > 170.98 (outside break UP); stop < 161.12,Outside bar break UP (3-2),2U,2U,2D,3,2D,Industrials,Unknown,DIA|XLI,2,"DIA, XLI"
2026-10-07 16:23:57 EDT,MMM,https://finance.yahoo.com/quote/MMM/chart,162.09,W,2U-3,3-2 BREAK_DOWN,bear,161.12,170.98,5,False,3,Bearish Candle,ALERT if price < 161.12 (outside break DOWN); stop > 170.98,Outside bar break DOWN (3-2),2U,2U,2D,3,2D,Industrials,Unknown,DIA|XLI,2,"DIA, XLI"
2026-10-07 16:23:57 EDT,MMM,https://finance.yahoo.com/quote/MMM/chart,162.09,3H,2D-1,1-2 BREAK_UP,bull,163.27,161.41,5,True,1,Bullish Marubozu-like,ALERT if price > 163.27 (inside break UP); stop < 161.41,Inside bar break UP (1-2),2U,2U,2D,3,2D,Industrials,Unknown,DIA|XLI,2,"DIA, XLI"
2026-10-07 16:23:57 EDT,MMM,https://finance.yahoo.com/quote/MMM/chart,162.09,3H,2D-1,1-2 BREAK_DOWN,bear,161.41,163.27,5,False,1,Bullish Marubozu-like,ALERT if price < 161.41 (inside break DOWN); stop > 163.27,Inside bar break DOWN (1-2),2U,2U,2D,3,2D,Industrials,Unknown,DIA|XLI,2,"DIA, XLI"
2026-10-07 16:23:57 EDT,MMM,https://finance.yahoo.com/quote/MMM/chart,162.09,2H,2U-3,3-2 BREAK_UP,bull,163.73,161.71,5,True,3,Bearish Candle,ALERT if price > 163.73 (outside break UP); stop < 161.71,Outside bar break UP (3-2),2U,2U,2D,3,2D,Industrials,Unknown,DIA|XLI,2,"DIA, XLI"
2026-10-07 16:23:57 EDT,MMM,https://finance.yahoo.com/quote/MMM/chart,162.09,2H,2U-3,3-2 BREAK_DOWN,bear,161.71,163.73,5,False,3,Bearish Candle,ALERT if price < 161.71 (outside break DOWN); stop > 163.73,Outside bar break DOWN (3-2),2U,2U,2D,3,2D,Industrials,Unknown,DIA|XLI,2,"DIA, XLI"
2026-10-07 16:23:57 EDT,MMM,https://finance.yahoo.com/quote/MMM/chart,162.09,1H,3-2D,REVSTRAT 3-2-2 (watch 2U),bull,162.45,161.71,5,True,2D,Doji,ALERT if price > 162.45 (RevStrat bull); stop < 161.71,RevStrat after 3-2D: watch for 2U reversal (3-2D-2U),2U,2U,2D,3,2D,Industrials,Unknown,DIA|XLI,2,"DIA, XLI"
2026-10-07 16:23:57 EDT,WM,https://finance.yahoo.com/quote/WM/chart,208.92,Q,2D-3,3-2 BREAK_UP,bull,247.15,203.55,1,True,3,Bearish Candle,ALERT if price > 247.15 (outside break UP); stop < 203.55,Outside bar break UP (3-2),2U,3,2D,2D,2U,Industrials,Unknown,XLI,1,XLI
2026-10-07 16:23:57 EDT,WM,https://finance.yahoo.com/quote/WM/chart,208.92,Q,2D-3,3-2 BREAK_DOWN,bear,203.55,247.15,1,False,3,Bearish Candle,ALERT if price < 203.55 (outside break DOWN); stop > 247.15,Outside bar break DOWN (3-2),2U,3,2D,2D,2U,Industrials,Unknown,XLI,1,XLI
2026-10-07 16:23:57 EDT,WM,https://finance.yahoo.com/quote/WM/chart,208.92,2H,2U-3,3-2 BREAK_UP,bull,211.08,208.82,1,True,3,Bearish Candle,ALERT if price > 211.08 (outside break UP); stop < 208.82,Outside bar break UP (3-2),2U,3,2D,2D,2U,Industrials,Unknown,XLI,1,XLI
2026-10-07 16:23:57 EDT,WM,https://finance.yahoo.com/quote/WM/chart,208.92,2H,2U-3,3-2 BREAK_DOWN,bear,208.82,211.08,1,False,3,Bearish Candle,ALERT if price < 208.82 (outside break DOWN); stop > 211.08,Outside bar break DOWN (3-2),2U,3,2D,2D,2U,Industrials,Unknown,XLI,1,XLI
2026-10-07 16:23:57 EDT,WM,https://finance.yahoo.com/quote/WM/chart,208.92,1H,3-2D,REVSTRAT 3-2-2 (watch 2U),bull,210.24,208.82,1,True,2D,Bearish Marubozu-like,ALERT if price > 210.24 (RevStrat bull); stop < 208.82,RevStrat after 3-2D: watch for 2U reversal (3-2D-2U),2U,3,2D,2D,2U,Industrials,Unknown,XLI,1,XLI
2026-10-07 16:23:57 EDT,USB,https://finance.yahoo.com/quote/USB/chart,56.15,Y,2U-3,3-2 BREAK_UP,bull,55.15,35.18,-2,False,3,Bullish Hammer-like,ALERT if price > 55.15 (outside break UP); stop < 35.18,Outside bar break UP (3-2),3,2U,2D,2D,2D,Financials,Unknown,XLF,1,XLF
2026-10-07 16:23:57 EDT,USB,https://finance.yahoo.com/quote/USB/chart,56.15,Y,2U-3,3-2 BREAK_DOWN,bear,35.18,55.15,-2,True,3,Bullish Hammer-like,ALERT if price < 35.18 (outside break DOWN); stop > 55.15,Outside bar break DOWN (3-2),3,2U,2D,2D,2D,Financials,Unknown,XLF,1,XLF
2026-10-07 16:23:57 EDT,USB,https://finance.yahoo.com/quote/USB/chart,56.15,4H,2D-1,1-2 BREAK_UP,bull,56.5,56.07,-2,False,1,Bearish Candle,ALERT if price > 56.5 (inside break UP); stop < 56.07,Inside bar break UP (1-2),3,2U,2D,2D,2D,Financials,Unknown,XLF,1,XLF
2026-10-07 16:23:57 EDT,USB,https://finance.yahoo.com/quote/USB/chart,56.15,4H,2D-1,1-2 BREAK_DOWN,bear,56.07,56.5,-2,True,1,Bearish Candle,ALERT if price < 56.07 (inside break DOWN); stop > 56.5,Inside bar break DOWN (1-2),3,2U,2D,2D,2D,Financials,Unknown,XLF,1,XLF
2026-10-07 16:23:57 EDT,USB,https://finance.yahoo.com/quote/USB/chart,56.15,3H,2D-1,1-2 BREAK_UP,bull,56.5,56.01,-2,False,1,Bullish Candle,ALERT if price > 56.5 (inside break UP); stop < 56.01,Inside bar break UP (1-2),3,2U,2D,2D,2D,Financials,Unknown,XLF,1,XLF
2026-10-07 16:23:57 EDT,USB,https://finance.yahoo.com/quote/USB/chart,56.15,3H,2D-1,1-2 BREAK_DOWN,bear,56.01,56.5,-2,True,1,Bullish Candle,ALERT if price < 56.01 (inside break DOWN); stop > 56.5,Inside bar break DOWN (1-2),3,2U,2D,2D,2D,Financials,Unknown,XLF,1,XLF
2026-10-07 16:23:57 EDT,USB,https://finance.yahoo.com/quote/USB/chart,56.15,1H,2D-3,3-2 BREAK_UP,bull,56.39,56.07,-2,False,3,Bearish Candle,ALERT if price > 56.39 (outside break UP); stop < 56.07,Outside bar break UP (3-2),3,2U,2D,2D,2D,Financials,Unknown,XLF,1,XLF
2026-10-07 16:23:57 EDT,USB,https://finance.yahoo.com/quote/USB/chart,56.15,1H,2D-3,3-2 BREAK_DOWN,bear,56.07,56.39,-2,True,3,Bearish Candle,ALERT if price < 56.07 (outside break DOWN); stop > 56.39,Outside bar break DOWN (3-2),3,2U,2D,2D,2D,Financials,Unknown,XLF,1,XLF
2026-10-07 16:23:57 EDT,NOC,https://finance.yahoo.com/quote/NOC/chart,473.4,3H,3-1,1-2 BREAK_UP,bull,477.87,474.6,-5,False,1,Bullish Candle,ALERT if price > 477.87 (inside break UP); stop < 474.6,Inside bar break UP (1-2),2U,2D,2D,2D,2D,Industrials,Unknown,XLI,1,XLI
2026-10-07 16:23:57 EDT,NOC,https://finance.yahoo.com/quote/NOC/chart,473.4,3H,3-1,1-2 BREAK_DOWN,bear,474.6,477.87,-5,True,1,Bullish Candle,ALERT if price < 474.6 (inside break DOWN); stop > 477.87,Inside bar break DOWN (1-2),2U,2D,2D,2D,2D,Industrials,Unknown,XLI,1,XLI
2026-10-07 16:23:57 EDT,NOC,https://finance.yahoo.com/quote/NOC/chart,473.4,2H,1-2D,REVSTRAT 1-2-2 (watch 2U),bull,476.98,472.97,-5,False,2D,Bearish Candle,ALERT if price > 476.98 (RevStrat bull); stop < 472.97,RevStrat after 1-2D: watch for 2U reversal (1-2D-2U),2U,2D,2D,2D,2D,Industrials,Unknown,XLI,1,XLI
2026-10-07 16:23:57 EDT,NU,https://finance.yahoo.com/quote/NU/chart,15.59,1H,3-2D,REVSTRAT 3-2-2 (watch 2U),bull,15.65,15.56,5,True,2D,Bearish Candle,ALERT if price > 15.65 (RevStrat bull); stop < 15.56,RevStrat after 3-2D: watch for 2U reversal (3-2D-2U),2U,2U,2D,2D,2U,Unknown,Unknown,,0,
2026-10-07 16:23:57 EDT,CRH,https://finance.yahoo.com/quote/CRH/chart,81.42,4H,2D-1,1-2 BREAK_UP,bull,81.56,80.84,-5,False,1,Bullish Candle,ALERT if price > 81.56 (inside break UP); stop < 80.84,Inside bar break UP (1-2),2U,2D,2D,2D,2D,Materials,Unknown,,0,
2026-10-07 16:23:57 EDT,CRH,https://finance.yahoo.com/quote/CRH/chart,81.42,4H,2D-1,1-2 BREAK_DOWN,bear,80.84,81.56,-5,True,1,Bullish Candle,ALERT if price < 80.84 (inside break DOWN); stop > 81.56,Inside bar break DOWN (1-2),2U,2D,2D,2D,2D,Materials,Unknown,,0,
2026-10-07 16:23:57 EDT,CRH,https://finance.yahoo.com/quote/CRH/chart,81.42,2H,1-2U,REVSTRAT 1-2-2 (watch 2D),bear,80.96,81.56,-5,True,2U,Bullish Candle,ALERT if price < 80.96 (RevStrat bear); stop > 81.56,RevStrat after 1-2U: watch for 2D reversal (1-2U-2D),2U,2D,2D,2D,2D,Materials,Unknown,,0,
2026-10-07 16:23:57 EDT,MAR,https://finance.yahoo.com/quote/MAR/chart,356.58,2H,2D-1,1-2 BREAK_UP,bull,357.82,355.96,-1,False,1,Bearish Candle,ALERT if price > 357.82 (inside break UP); stop < 355.96,Inside bar break UP (1-2),2U,2D,2D,2U,2D,Consumer Discretionary,Unknown,XLY,1,XLY
2026-10-07 16:23:57 EDT,MAR,https://finance.yahoo.com/quote/MAR/chart,356.58,2H,2D-1,1-2 BREAK_DOWN,bear,355.96,357.82,-1,True,1,Bearish Candle,ALERT if price < 355.96 (inside break DOWN); stop > 357.82,Inside bar break DOWN (1-2),2U,2D,2D,2U,2D,Consumer Discretionary,Unknown,XLY,1,XLY
2026-10-07 16:23:57 EDT,HWM,https://finance.yahoo.com/quote/HWM/chart,222.7,Q,2U-3,3-2 BREAK_UP,bull,310.0,223.03,1,True,3,Bearish Candle,ALERT if price > 310.0 (outside break UP); stop < 223.03,Outside bar break UP (3-2),2U,3,2D,1,2D,Industrials,Unknown,XLI,1,XLI
2026-10-07 16:23:57 EDT,HWM,https://finance.yahoo.com/quote/HWM/chart,222.7,Q,2U-3,3-2 BREAK_DOWN,bear,223.03,310.0,1,False,3,Bearish Candle,ALERT if price < 223.03 (outside break DOWN); stop > 310.0,Outside bar break DOWN (3-2),2U,3,2D,1,2D,Industrials,Unknown,XLI,1,XLI
2026-10-07 16:23:57 EDT,HWM,https://finance.yahoo.com/quote/HWM/chart,222.7,M,3-2D,REVSTRAT 3-2-2 (watch 2U),bull,263.34,223.03,1,True,2D,Bearish Candle,ALERT if price > 263.34 (RevStrat bull); stop < 223.03,RevStrat after 3-2D: watch for 2U reversal (3-2D-2U),2U,3,2D,1,2D,Industrials,Unknown,XLI,1,XLI
2026-10-07 16:23:57 EDT,HWM,https://finance.yahoo.com/quote/HWM/chart,222.7,W,2U-1,1-2 BREAK_UP,bull,232.86,224.88,1,True,1,Doji,ALERT if price > 232.86 (inside break UP); stop < 224.88,Inside bar break UP (1-2),2U,3,2D,1,2D,Industrials,Unknown,XLI,1,XLI
2026-10-07 16:23:57 EDT,HWM,https://finance.yahoo.com/quote/HWM/chart,222.7,W,2U-1,1-2 BREAK_DOWN,bear,224.88,232.86,1,False,1,Doji,ALERT if price < 224.88 (inside break DOWN); stop > 232.86,Inside bar break DOWN (1-2),2U,3,2D,1,2D,Industrials,Unknown,XLI,1,XLI
2026-10-07 16:23:57 EDT,HWM,https://finance.yahoo.com/quote/HWM/chart,222.7,1H,2D-1,1-2 BREAK_UP,bull,222.78,222.22,1,True,1,Bullish Candle,ALERT if price > 222.78 (inside break UP); stop < 222.22,Inside bar break UP (1-2),2U,3,2D,1,2D,Industrials,Unknown,XLI,1,XLI
2026-10-07 16:23:57 EDT,HWM,https://finance.yahoo.com/quote/HWM/chart,222.7,1H,2D-1,1-2 BREAK_DOWN,bear,222.22,222.78,1,False,1,Bullish Candle,ALERT if price < 222.22 (inside break DOWN); stop > 222.78,Inside bar break DOWN (1-2),2U,3,2D,1,2D,Industrials,Unknown,XLI,1,XLI
2026-10-07 16:23:57 EDT,CM,https://finance.yahoo.com/quote/CM/chart,108.33,M,3-2D,REVSTRAT 3-2-2 (watch 2U),bull,118.6,110.1,3,True,2D,Bearish Candle,ALERT if price > 118.6 (RevStrat bull); stop < 110.1,RevStrat after 3-2D: watch for 2U reversal (3-2D-2U),2U,2U,2D,2D,2D,Unknown,Unknown,,0,
2026-10-07 16:23:57 EDT,CM,https://finance.yahoo.com/quote/CM/chart,108.33,W,3-2D,REVSTRAT 3-2-2 (watch 2U),bull,113.08,107.66,3,True,2D,Bearish Candle,ALERT if price > 113.08 (RevStrat bull); stop < 107.66,RevStrat after 3-2D: watch for 2U reversal (3-2D-2U),2U,2U,2D,2D,2D,Unknown,Unknown,,0,
2026-10-07 16:23:57 EDT,CM,https://finance.yahoo.com/quote/CM/chart,108.33,2H,3-2D,REVSTRAT 3-2-2 (watch 2U),bull,108.65,108.24,3,True,2D,Bearish Candle,ALERT if price > 108.65 (RevStrat bull); stop < 108.24,RevStrat after 3-2D: watch for 2U reversal (3-2D-2U),2U,2U,2D,2D,2D,Unknown,Unknown,,0,
2026-10-07 16:23:57 EDT,CDNS,https://finance.yahoo.com/quote/CDNS/chart,356.22,Y,2U-3,3-2 BREAK_UP,bull,376.45,221.56,-2,False,3,Doji,ALERT if price > 376.45 (outside break UP); stop < 221.56,Outside bar break UP (3-2),3,1,2D,2U,2D,Unknown,Unknown,SMH,1,SMH
2026-10-07 16:23:57 EDT,CDNS,https://finance.yahoo.com/quote/CDNS/chart,356.22,Y,2U-3,3-2 BREAK_DOWN,bear,221.56,376.45,-2,True,3,Doji,ALERT if price < 221.56 (outside break DOWN); stop > 376.45,Outside bar break DOWN (3-2),3,1,2D,2U,2D,Unknown,Unknown,SMH,1,SMH
2026-10-07 16:23:57 EDT,CDNS,https://finance.yahoo.com/quote/CDNS/chart,356.22,Q,2U-1,1-2 BREAK_UP,bull,391.0,273.07,-2,False,1,Bearish Candle,ALERT if price > 391.0 (inside break UP); stop < 273.07,Inside bar break UP (1-2),3,1,2D,2U,2D,Unknown,Unknown,SMH,1,SMH
2026-10-07 16:23:57 EDT,CDNS,https://finance.yahoo.com/quote/CDNS/chart,356.22,Q,2U-1,1-2 BREAK_DOWN,bear,273.07,391.0,-2,True,1,Bearish Candle,ALERT if price < 273.07 (inside break DOWN); stop > 391.0,Inside bar break DOWN (1-2),3,1,2D,2U,2D,Unknown,Unknown,SMH,1,SMH
2026-10-07 16:23:57 EDT,CDNS,https://finance.yahoo.com/quote/CDNS/chart,356.22,4H,2D-1,1-2 BREAK_UP,bull,360.72,355.9,-2,False,1,Bearish Candle,ALERT if price > 360.72 (inside break UP); stop < 355.9,Inside bar break UP (1-2),3,1,2D,2U,2D,Unknown,Unknown,SMH,1,SMH
2026-10-07 16:23:57 EDT,CDNS,https://finance.yahoo.com/quote/CDNS/chart,356.22,4H,2D-1,1-2 BREAK_DOWN,bear,355.9,360.72,-2,True,1,Bearish Candle,ALERT if price < 355.9 (inside break DOWN); stop > 360.72,Inside bar break DOWN (1-2),3,1,2D,2U,2D,Unknown,Unknown,SMH,1,SMH
2026-10-07 16:23:57 EDT,CDNS,https://finance.yahoo.com/quote/CDNS/chart,356.22,3H,2D-1,1-2 BREAK_UP,bull,360.72,355.43,-2,False,1,Bullish Candle,ALERT if price > 360.72 (inside break UP); stop < 355.43,Inside bar break UP (1-2),3,1,2D,2U,2D,Unknown,Unknown,SMH,1,SMH
2026-10-07 16:23:57 EDT,CDNS,https://finance.yahoo.com/quote/CDNS/chart,356.22,3H,2D-1,1-2 BREAK_DOWN,bear,355.43,360.72,-2,True,1,Bullish Candle,ALERT if price < 355.43 (inside break DOWN); stop > 360.72,Inside bar break DOWN (1-2),3,1,2D,2U,2D,Unknown,Unknown,SMH,1,SMH
2026-10-07 16:23:57 EDT,CDNS,https://finance.yahoo.com/quote/CDNS/chart,356.22,1H,1-2D,REVSTRAT 1-2-2 (watch 2U),bull,359.0,355.9,-2,False,2D,Bearish Candle,ALERT if price > 359.0 (RevStrat bull); stop < 355.9,RevStrat after 1-2D: watch for 2U reversal (1-2D-2U),3,1,2D,2U,2D,Unknown,Unknown,SMH,1,SMH
2026-10-07 16:23:57 EDT,PNC,https://finance.yahoo.com/quote/PNC/chart,217.7,Y,2U-1,1-2 BREAK_UP,bull,214.59,145.12,-2,False,1,Bullish Candle,ALERT if price > 214.59 (inside break UP); stop < 145.12,Inside bar break UP (1-2),1,2U,2D,2D,2D,Financials,Unknown,XLF,1,XLF
2026-10-07 16:23:57 EDT,PNC,https://finance.yahoo.com/quote/PNC/chart,217.7,Y,2U-1,1-2 BREAK_DOWN,bear,145.12,214.59,-2,True,1,Bullish Candle,ALERT if price < 145.12 (inside break DOWN); stop > 214.59,Inside bar break DOWN (1-2),1,2U,2D,2D,2D,Financials,Unknown,XLF,1,XLF
2026-10-07 16:23:57 EDT,PNC,https://finance.yahoo.com/quote/PNC/chart,217.7,M,3-2D,REVSTRAT 3-2-2 (watch 2U),bull,246.96,219.99,-2,False,2D,Bearish Candle,ALERT if price > 246.96 (RevStrat bull); stop < 219.99,RevStrat after 3-2D: watch for 2U reversal (3-2D-2U),1,2U,2D,2D,2D,Financials,Unknown,XLF,1,XLF
2026-10-07 16:23:57 EDT,PNC,https://finance.yahoo.com/quote/PNC/chart,217.7,4H,2D-1,1-2 BREAK_UP,bull,218.41,217.06,-2,False,1,Doji,ALERT if price > 218.41 (inside break UP); stop < 217.06,Inside bar break UP (1-2),1,2U,2D,2D,2D,Financials,Unknown,XLF,1,XLF
2026-10-07 16:23:57 EDT,PNC,https://finance.yahoo.com/quote/PNC/chart,217.7,4H,2D-1,1-2 BREAK_DOWN,bear,217.06,218.41,-2,True,1,Doji,ALERT if price < 217.06 (inside break DOWN); stop > 218.41,Inside bar break DOWN (1-2),1,2U,2D,2D,2D,Financials,Unknown,XLF,1,XLF
2026-10-07 16:23:57 EDT,PNC,https://finance.yahoo.com/quote/PNC/chart,217.7,3H,2D-1,1-2 BREAK_UP,bull,218.41,216.55,-2,False,1,Bullish Candle,ALERT if price > 218.41 (inside break UP); stop < 216.55,Inside bar break UP (1-2),1,2U,2D,2D,2D,Financials,Unknown,XLF,1,XLF
2026-10-07 16:23:57 EDT,PNC,https://finance.yahoo.com/quote/PNC/chart,217.7,3H,2D-1,1-2 BREAK_DOWN,bear,216.55,218.41,-2,True,1,Bullish Candle,ALERT if price < 216.55 (inside break DOWN); stop > 218.41,Inside bar break DOWN (1-2),1,2U,2D,2D,2D,Financials,Unknown,XLF,1,XLF
2026-10-07 16:23:57 EDT,SE,https://finance.yahoo.com/quote/SE/chart,94.63,Y,3-2U,REVSTRAT 3-2-2 (watch 2D),bear,99.5,199.3,3,False,2U,Bullish Inverted Hammer-like,ALERT if price < 99.5 (RevStrat bear); stop > 199.3,RevStrat after 3-2U: watch for 2D reversal (3-2U-2D),2U,2U,2D,2D,2D,Unknown,Unknown,,0,
2026-10-07 16:23:57 EDT,SE,https://finance.yahoo.com/quote/SE/chart,94.63,Q,1-2U,REVSTRAT 1-2-2 (watch 2D),bear,95.78,131.94,3,False,2U,Gravestone Doji (bearish-leaning),ALERT if price < 95.78 (RevStrat bear); stop > 131.94,RevStrat after 1-2U: watch for 2D reversal (1-2U-2D),2U,2U,2D,2D,2D,Unknown,Unknown,,0,
2026-10-07 16:23:57 EDT,SE,https://finance.yahoo.com/quote/SE/chart,94.63,4H,2D-1,1-2 BREAK_UP,bull,95.43,94.42,3,True,1,Bearish Candle,ALERT if price > 95.43 (inside break UP); stop < 94.42,Inside bar break UP (1-2),2U,2U,2D,2D,2D,Unknown,Unknown,,0,
2026-10-07 16:23:57 EDT,SE,https://finance.yahoo.com/quote/SE/chart,94.63,4H,2D-1,1-2 BREAK_DOWN,bear,94.42,95.43,3,False,1,Bearish Candle,ALERT if price < 94.42 (inside break DOWN); stop > 95.43,Inside bar break DOWN (1-2),2U,2U,2D,2D,2D,Unknown,Unknown,,0,
2026-10-07 16:23:57 EDT,SE,https://finance.yahoo.com/quote/SE/chart,94.63,3H,2D-1,1-2 BREAK_UP,bull,95.57,94.75,3,True,1,Bullish Inverted Hammer-like,ALERT if price > 95.57 (inside break UP); stop < 94.75,Inside bar break UP (1-2),2U,2U,2D,2D,2D,Unknown,Unknown,,0,
2026-10-07 16:23:57 EDT,SE,https://finance.yahoo.com/quote/SE/chart,94.63,3H,2D-1,1-2 BREAK_DOWN,bear,94.75,95.57,3,False,1,Bullish Inverted Hammer-like,ALERT if price < 94.75 (inside break DOWN); stop > 95.57,Inside bar break DOWN (1-2),2U,2U,2D,2D,2D,Unknown,Unknown,,0,
2026-10-07 16:23:57 EDT,SE,https://finance.yahoo.com/quote/SE/chart,94.63,2H,1-2D,REVSTRAT 1-2-2 (watch 2U),bull,95.01,94.42,3,True,2D,Bearish Candle,ALERT if price > 95.01 (RevStrat bull); stop < 94.42,RevStrat after 1-2D: watch for 2U reversal (1-2D-2U),2U,2U,2D,2D,2D,Unknown,Unknown,,0,
2026-10-07 16:23:57 EDT,TT,https://finance.yahoo.com/quote/TT/chart,467.2,M,1-2D,REVSTRAT 1-2-2 (watch 2U),bull,459.78,413.97,-1,False,2D,Bullish Candle,ALERT if price > 459.78 (RevStrat bull); stop < 413.97,RevStrat after 1-2D: watch for 2U reversal (1-2D-2U),2U,2D,2D,2U,2D,Industrials,Unknown,XLI,1,XLI
2026-10-07 16:23:57 EDT,TT,https://finance.yahoo.com/quote/TT/chart,467.2,4H,2D-1,1-2 BREAK_UP,bull,469.74,465.53,-1,False,1,Bearish Candle,ALERT if price > 469.74 (inside break UP); stop < 465.53,Inside bar break UP (1-2),2U,2D,2D,2U,2D,Industrials,Unknown,XLI,1,XLI
2026-10-07 16:23:57 EDT,TT,https://finance.yahoo.com/quote/TT/chart,467.2,4H,2D-1,1-2 BREAK_DOWN,bear,465.53,469.74,-1,True,1,Bearish Candle,ALERT if price < 465.53 (inside break DOWN); stop > 469.74,Inside bar break DOWN (1-2),2U,2D,2D,2U,2D,Industrials,Unknown,XLI,1,XLI
2026-10-07 16:23:57 EDT,TT,https://finance.yahoo.com/quote/TT/chart,467.2,3H,2D-1,1-2 BREAK_UP,bull,469.66,466.64,-1,False,1,Doji,ALERT if price > 469.66 (inside break UP); stop < 466.64,Inside bar break UP (1-2),2U,2D,2D,2U,2D,Industrials,Unknown,XLI,1,XLI
2026-10-07 16:23:57 EDT,TT,https://finance.yahoo.com/quote/TT/chart,467.2,3H,2D-1,1-2 BREAK_DOWN,bear,466.64,469.66,-1,True,1,Doji,ALERT if price < 466.64 (inside break DOWN); stop > 469.66,Inside bar break DOWN (1-2),2U,2D,2D,2U,2D,Industrials,Unknown,XLI,1,XLI
2026-10-07 16:23:57 EDT,TT,https://finance.yahoo.com/quote/TT/chart,467.2,2H,2U-3,3-2 BREAK_UP,bull,469.74,465.53,-1,False,3,Bearish Candle,ALERT if price > 469.74 (outside break UP); stop < 465.53,Outside bar break UP (3-2),2U,2D,2D,2U,2D,Industrials,Unknown,XLI,1,XLI
2026-10-07 16:23:57 EDT,TT,https://finance.yahoo.com/quote/TT/chart,467.2,2H,2U-3,3-2 BREAK_DOWN,bear,465.53,469.74,-1,True,3,Bearish Candle,ALERT if price < 465.53 (outside break DOWN); stop > 469.74,Outside bar break DOWN (3-2),2U,2D,2D,2U,2D,Industrials,Unknown,XLI,1,XLI
2026-10-07 16:23:57 EDT,ING,https://finance.yahoo.com/quote/ING/chart,33.94,2H,2U-1,1-2 BREAK_UP,bull,33.99,33.88,9,True,1,Doji,ALERT if price > 33.99 (inside break UP); stop < 33.88,Inside bar break UP (1-2),2U,2U,2U,2D,2D,Unknown,Unknown,,0,
2026-10-07 16:23:57 EDT,ING,https://finance.yahoo.com/quote/ING/chart,33.94,2H,2U-1,1-2 BREAK_DOWN,bear,33.88,33.99,9,False,1,Doji,ALERT if price < 33.88 (inside break DOWN); stop > 33.99,Inside bar break DOWN (1-2),2U,2U,2U,2D,2D,Unknown,Unknown,,0,
2026-10-07 16:23:57 EDT,SHW,https://finance.yahoo.com/quote/SHW/chart,314.91,Y,2U-1,1-2 BREAK_UP,bull,379.65,308.84,0,False,1,Bearish Candle,ALERT if price > 379.65 (inside break UP); stop < 308.84,Inside bar break UP (1-2),1,2U,2D,3,2D,Materials,Unknown,DIA,1,DIA
2026-10-07 16:23:57 EDT,SHW,https://finance.yahoo.com/quote/SHW/chart,314.91,Y,2U-1,1-2 BREAK_DOWN,bear,308.84,379.65,0,False,1,Bearish Candle,ALERT if price < 308.84 (inside break DOWN); stop > 379.65,Inside bar break DOWN (1-2),1,2U,2D,3,2D,Materials,Unknown,DIA,1,DIA
2026-10-07 16:23:57 EDT,SHW,https://finance.yahoo.com/quote/SHW/chart,314.91,W,2U-3,3-2 BREAK_UP,bull,336.54,313.26,0,False,3,Bearish Candle,ALERT if price > 336.54 (outside break UP); stop < 313.26,Outside bar break UP (3-2),1,2U,2D,3,2D,Materials,Unknown,DIA,1,DIA
2026-10-07 16:23:57 EDT,SHW,https://finance.yahoo.com/quote/SHW/chart,314.91,W,2U-3,3-2 BREAK_DOWN,bear,313.26,336.54,0,False,3,Bearish Candle,ALERT if price < 313.26 (outside break DOWN); stop > 336.54,Outside bar break DOWN (3-2),1,2U,2D,3,2D,Materials,Unknown,DIA,1,DIA
2026-10-07 16:23:57 EDT,SHW,https://finance.yahoo.com/quote/SHW/chart,314.91,4H,2D-1,1-2 BREAK_UP,bull,316.47,314.37,0,False,1,Bearish Candle,ALERT if price > 316.47 (inside break UP); stop < 314.37,Inside bar break UP (1-2),1,2U,2D,3,2D,Materials,Unknown,DIA,1,DIA
2026-10-07 16:23:57 EDT,SHW,https://finance.yahoo.com/quote/SHW/chart,314.91,4H,2D-1,1-2 BREAK_DOWN,bear,314.37,316.47,0,False,1,Bearish Candle,ALERT if price < 314.37 (inside break DOWN); stop > 316.47,Inside bar break DOWN (1-2),1,2U,2D,3,2D,Materials,Unknown,DIA,1,DIA
2026-10-07 16:23:57 EDT,SHW,https://finance.yahoo.com/quote/SHW/chart,314.91,3H,2D-1,1-2 BREAK_UP,bull,316.47,313.6,0,False,1,Bullish Candle,ALERT if price > 316.47 (inside break UP); stop < 313.6,Inside bar break UP (1-2),1,2U,2D,3,2D,Materials,Unknown,DIA,1,DIA
2026-10-07 16:23:57 EDT,SHW,https://finance.yahoo.com/quote/SHW/chart,314.91,3H,2D-1,1-2 BREAK_DOWN,bear,313.6,316.47,0,False,1,Bullish Candle,ALERT if price < 313.6 (inside break DOWN); stop > 316.47,Inside bar break DOWN (1-2),1,2U,2D,3,2D,Materials,Unknown,DIA,1,DIA
2026-10-07 16:23:57 EDT,SHW,https://finance.yahoo.com/quote/SHW/chart,314.91,2H,2U-1,1-2 BREAK_UP,bull,316.08,314.82,0,False,1,Bearish Candle,ALERT if price > 316.08 (inside break UP); stop < 314.82,Inside bar break UP (1-2),1,2U,2D,3,2D,Materials,Unknown,DIA,1,DIA
2026-10-07 16:23:57 EDT,SHW,https://finance.yahoo.com/quote/SHW/chart,314.91,2H,2U-1,1-2 BREAK_DOWN,bear,314.82,316.08,0,False,1,Bearish Candle,ALERT if price < 314.82 (inside break DOWN); stop > 316.08,Inside bar break DOWN (1-2),1,2U,2D,3,2D,Materials,Unknown,DIA,1,DIA
2026-10-07 16:23:57 EDT,ABNB,https://finance.yahoo.com/quote/ABNB/chart,160.61,M,2U-1,1-2 BREAK_UP,bull,187.36,149.0,-2,False,1,Bearish Candle,ALERT if price > 187.36 (inside break UP); stop < 149.0,Inside bar break UP (1-2),2D,2U,1,1,2D,Consumer Discretionary,Unknown,XLY,1,XLY
2026-10-07 16:23:57 EDT,ABNB,https://finance.yahoo.com/quote/ABNB/chart,160.61,M,2U-1,1-2 BREAK_DOWN,bear,149.0,187.36,-2,True,1,Bearish Candle,ALERT if price < 149.0 (inside break DOWN); stop > 187.36,Inside bar break DOWN (1-2),2D,2U,1,1,2D,Consumer Discretionary,Unknown,XLY,1,XLY
2026-10-07 16:23:57 EDT,ABNB,https://finance.yahoo.com/quote/ABNB/chart,160.61,W,2D-1,1-2 BREAK_UP,bull,164.91,153.7,-2,False,1,Bullish Candle,ALERT if price > 164.91 (inside break UP); stop < 153.7,Inside bar break UP (1-2),2D,2U,1,1,2D,Consumer Discretionary,Unknown,XLY,1,XLY
2026-10-07 16:23:57 EDT,ABNB,https://finance.yahoo.com/quote/ABNB/chart,160.61,W,2D-1,1-2 BREAK_DOWN,bear,153.7,164.91,-2,True,1,Bullish Candle,ALERT if price < 153.7 (inside break DOWN); stop > 164.91,Inside bar break DOWN (1-2),2D,2U,1,1,2D,Consumer Discretionary,Unknown,XLY,1,XLY
2026-10-07 16:23:57 EDT,ABNB,https://finance.yahoo.com/quote/ABNB/chart,160.61,D,3-2D,REVSTRAT 3-2-2 (watch 2U),bull,161.57,158.66,-2,False,2D,Bullish Candle,ALERT if price > 161.57 (RevStrat bull); stop < 158.66,RevStrat after 3-2D: watch for 2U reversal (3-2D-2U),2D,2U,1,1,2D,Consumer Discretionary,Unknown,XLY,1,XLY
2026-10-07 16:23:57 EDT,ABNB,https://finance.yahoo.com/quote/ABNB/chart,160.61,4H,3-1,1-2 BREAK_UP,bull,161.07,159.93,-2,False,1,Bearish Candle,ALERT if price > 161.07 (inside break UP); stop < 159.93,Inside bar break UP (1-2),2D,2U,1,1,2D,Consumer Discretionary,Unknown,XLY,1,XLY
2026-10-07 16:23:57 EDT,ABNB,https://finance.yahoo.com/quote/ABNB/chart,160.61,4H,3-1,1-2 BREAK_DOWN,bear,159.93,161.07,-2,True,1,Bearish Candle,ALERT if price < 159.93 (inside break DOWN); stop > 161.07,Inside bar break DOWN (1-2),2D,2U,1,1,2D,Consumer Discretionary,Unknown,XLY,1,XLY
2026-10-07 16:23:57 EDT,ABNB,https://finance.yahoo.com/quote/ABNB/chart,160.61,2H,1-2U,REVSTRAT 1-2-2 (watch 2D),bear,160.1,161.07,-2,True,2U,Bullish Candle,ALERT if price < 160.1 (RevStrat bear); stop > 161.07,RevStrat after 1-2U: watch for 2D reversal (1-2U-2D),2D,2U,1,1,2D,Consumer Discretionary,Unknown,XLY,1,XLY
2026-10-07 16:23:57 EDT,ELV,https://finance.yahoo.com/quote/ELV/chart,404.23,Y,3-2D,REVSTRAT 3-2-2 (watch 2U),bull,458.75,273.71,1,True,2D,Bearish Candle,ALERT if price > 458.75 (RevStrat bull); stop < 273.71,RevStrat after 3-2D: watch for 2U reversal (3-2D-2U),2D,2U,2U,2D,2U,Health Care,Unknown,XLV,1,XLV
2026-10-07 16:23:57 EDT,ELV,https://finance.yahoo.com/quote/ELV/chart,404.23,M,1-2U,REVSTRAT 1-2-2 (watch 2D),bear,383.04,427.17,1,False,2U,Bearish Candle,ALERT if price < 383.04 (RevStrat bear); stop > 427.17,RevStrat after 1-2U: watch for 2D reversal (1-2U-2D),2D,2U,2U,2D,2U,Health Care,Unknown,XLV,1,XLV
2026-10-07 16:23:57 EDT,ELV,https://finance.yahoo.com/quote/ELV/chart,404.23,2H,2U-3,3-2 BREAK_UP,bull,410.54,403.14,1,True,3,Bearish Candle,ALERT if price > 410.54 (outside break UP); stop < 403.14,Outside bar break UP (3-2),2D,2U,2U,2D,2U,Health Care,Unknown,XLV,1,XLV
2026-10-07 16:23:57 EDT,ELV,https://finance.yahoo.com/quote/ELV/chart,404.23,2H,2U-3,3-2 BREAK_DOWN,bear,403.14,410.54,1,False,3,Bearish Candle,ALERT if price < 403.14 (outside break DOWN); stop > 410.54,Outside bar break DOWN (3-2),2D,2U,2U,2D,2U,Health Care,Unknown,XLV,1,XLV
2026-10-07 16:23:57 EDT,ELV,https://finance.yahoo.com/quote/ELV/chart,404.23,1H,3-2D,REVSTRAT 3-2-2 (watch 2U),bull,405.28,403.14,1,True,2D,Bearish Candle,ALERT if price > 405.28 (RevStrat bull); stop < 403.14,RevStrat after 3-2D: watch for 2U reversal (3-2D-2U),2D,2U,2U,2D,2U,Health Care,Unknown,XLV,1,XLV
2026-10-07 16:23:57 EDT,AMT,https://finance.yahoo.com/quote/AMT/chart,166.17,Y,2U-1,1-2 BREAK_UP,bull,234.33,170.77,-5,False,1,Bearish Candle,ALERT if price > 234.33 (inside break UP); stop < 170.77,Inside bar break UP (1-2),1,2D,1,2D,2U,Real Estate,Unknown,,0,
2026-10-07 16:23:57 EDT,AMT,https://finance.yahoo.com/quote/AMT/chart,166.17,Y,2U-1,1-2 BREAK_DOWN,bear,170.77,234.33,-5,True,1,Bearish Candle,ALERT if price < 170.77 (inside break DOWN); stop > 234.33,Inside bar break DOWN (1-2),1,2D,1,2D,2U,Real Estate,Unknown,,0,
2026-10-07 16:23:57 EDT,AMT,https://finance.yahoo.com/quote/AMT/chart,166.17,Q,3-2D,REVSTRAT 3-2-2 (watch 2U),bull,180.98,160.06,-5,False,2D,Doji,ALERT if price > 180.98 (RevStrat bull); stop < 160.06,RevStrat after 3-2D: watch for 2U reversal (3-2D-2U),1,2D,1,2D,2U,Real Estate,Unknown,,0,
2026-10-07 16:23:57 EDT,AMT,https://finance.yahoo.com/quote/AMT/chart,166.17,M,2U-1,1-2 BREAK_UP,bull,179.8,163.35,-5,False,1,Bearish Candle,ALERT if price > 179.8 (inside break UP); stop < 163.35,Inside bar break UP (1-2),1,2D,1,2D,2U,Real Estate,Unknown,,0,
2026-10-07 16:23:57 EDT,AMT,https://finance.yahoo.com/quote/AMT/chart,166.17,M,2U-1,1-2 BREAK_DOWN,bear,163.35,179.8,-5,True,1,Bearish Candle,ALERT if price < 163.35 (inside break DOWN); stop > 179.8,Inside bar break DOWN (1-2),1,2D,1,2D,2U,Real Estate,Unknown,,0,
2026-10-07 16:23:57 EDT,DELL,https://finance.yahoo.com/quote/DELL/chart,578.85,W,1-2D,REVSTRAT 1-2-2 (watch 2U),bull,568.0,520.18,-1,False,2D,Bullish Candle,ALERT if price > 568.0 (RevStrat bull); stop < 520.18,RevStrat after 1-2D: watch for 2U reversal (1-2D-2U),2D,2U,2U,2D,2D,Unknown,Unknown,,0,
2026-10-07 16:23:57 EDT,DELL,https://finance.yahoo.com/quote/DELL/chart,578.85,4H,3-1,1-2 BREAK_UP,bull,583.47,578.0,-1,False,1,Bearish Candle,ALERT if price > 583.47 (inside break UP); stop < 578.0,Inside bar break UP (1-2),2D,2U,2U,2D,2D,Unknown,Unknown,,0,
2026-10-07 16:23:57 EDT,DELL,https://finance.yahoo.com/quote/DELL/chart,578.85,4H,3-1,1-2 BREAK_DOWN,bear,578.0,583.47,-1,True,1,Bearish Candle,ALERT if price < 578.0 (inside break DOWN); stop > 583.47,Inside bar break DOWN (1-2),2D,2U,2U,2D,2D,Unknown,Unknown,,0,
2026-10-07 16:23:57 EDT,DELL,https://finance.yahoo.com/quote/DELL/chart,578.85,3H,3-1,1-2 BREAK_UP,bull,583.47,577.06,-1,False,1,Doji,ALERT if price > 583.47 (inside break UP); stop < 577.06,Inside bar break UP (1-2),2D,2U,2U,2D,2D,Unknown,Unknown,,0,
2026-10-07 16:23:57 EDT,DELL,https://finance.yahoo.com/quote/DELL/chart,578.85,3H,3-1,1-2 BREAK_DOWN,bear,577.06,583.47,-1,True,1,Doji,ALERT if price < 577.06 (inside break DOWN); stop > 583.47,Inside bar break DOWN (1-2),2D,2U,2U,2D,2D,Unknown,Unknown,,0,
2026-10-07 16:23:57 EDT,EMR,https://finance.yahoo.com/quote/EMR/chart,159.2,Y,2U-3,3-2 BREAK_UP,bull,150.27,90.06,2,True,3,Bullish Candle,ALERT if price > 150.27 (outside break UP); stop < 90.06,Outside bar break UP (3-2),3,2U,2D,2U,2D,Industrials,Unknown,XLI,1,XLI
2026-10-07 16:23:57 EDT,EMR,https://finance.yahoo.com/quote/EMR/chart,159.2,Y,2U-3,3-2 BREAK_DOWN,bear,90.06,150.27,2,False,3,Bullish Candle,ALERT if price < 90.06 (outside break DOWN); stop > 150.27,Outside bar break DOWN (3-2),3,2U,2D,2U,2D,Industrials,Unknown,XLI,1,XLI
2026-10-07 16:23:57 EDT,EMR,https://finance.yahoo.com/quote/EMR/chart,159.2,Q,1-2U,REVSTRAT 1-2-2 (watch 2D),bear,133.55,166.35,2,False,2U,Bullish Candle,ALERT if price < 133.55 (RevStrat bear); stop > 166.35,RevStrat after 1-2U: watch for 2D reversal (1-2U-2D),3,2U,2D,2U,2D,Industrials,Unknown,XLI,1,XLI
2026-10-07 16:23:57 EDT,EMR,https://finance.yahoo.com/quote/EMR/chart,159.2,4H,2D-1,1-2 BREAK_UP,bull,160.11,158.82,2,True,1,Bearish Candle,ALERT if price > 160.11 (inside break UP); stop < 158.82,Inside bar break UP (1-2),3,2U,2D,2U,2D,Industrials,Unknown,XLI,1,XLI
2026-10-07 16:23:57 EDT,EMR,https://finance.yahoo.com/quote/EMR/chart,159.2,4H,2D-1,1-2 BREAK_DOWN,bear,158.82,160.11,2,False,1,Bearish Candle,ALERT if price < 158.82 (inside break DOWN); stop > 160.11,Inside bar break DOWN (1-2),3,2U,2D,2U,2D,Industrials,Unknown,XLI,1,XLI
2026-10-07 16:23:57 EDT,EMR,https://finance.yahoo.com/quote/EMR/chart,159.2,3H,2D-1,1-2 BREAK_UP,bull,160.1,158.53,2,True,1,Bullish Candle,ALERT if price > 160.1 (inside break UP); stop < 158.53,Inside bar break UP (1-2),3,2U,2D,2U,2D,Industrials,Unknown,XLI,1,XLI
2026-10-07 16:23:57 EDT,EMR,https://finance.yahoo.com/quote/EMR/chart,159.2,3H,2D-1,1-2 BREAK_DOWN,bear,158.53,160.1,2,False,1,Bullish Candle,ALERT if price < 158.53 (inside break DOWN); stop > 160.1,Inside bar break DOWN (1-2),3,2U,2D,2U,2D,Industrials,Unknown,XLI,1,XLI
2026-10-07 16:23:57 EDT,EMR,https://finance.yahoo.com/quote/EMR/chart,159.2,2H,2U-3,3-2 BREAK_UP,bull,160.11,158.82,2,True,3,Bearish Candle,ALERT if price > 160.11 (outside break UP); stop < 158.82,Outside bar break UP (3-2),3,2U,2D,2U,2D,Industrials,Unknown,XLI,1,XLI
2026-10-07 16:23:57 EDT,EMR,https://finance.yahoo.com/quote/EMR/chart,159.2,2H,2U-3,3-2 BREAK_DOWN,bear,158.82,160.11,2,False,3,Bearish Candle,ALERT if price < 158.82 (outside break DOWN); stop > 160.11,Outside bar break DOWN (3-2),3,2U,2D,2U,2D,Industrials,Unknown,XLI,1,XLI
2026-10-07 16:23:57 EDT,RCL,https://finance.yahoo.com/quote/RCL/chart,282.35,Q,2D-3,3-2 BREAK_UP,bull,334.0,222.22,4,True,3,Bearish Candle,ALERT if price > 334.0 (outside break UP); stop < 222.22,Outside bar break UP (3-2),2U,3,2D,2U,1,Consumer Discretionary,Unknown,XLY,1,XLY
2026-10-07 16:23:57 EDT,RCL,https://finance.yahoo.com/quote/RCL/chart,282.35,Q,2D-3,3-2 BREAK_DOWN,bear,222.22,334.0,4,False,3,Bearish Candle,ALERT if price < 222.22 (outside break DOWN); stop > 334.0,Outside bar break DOWN (3-2),2U,3,2D,2U,1,Consumer Discretionary,Unknown,XLY,1,XLY
2026-10-07 16:23:57 EDT,RCL,https://finance.yahoo.com/quote/RCL/chart,282.35,M,3-2D,REVSTRAT 3-2-2 (watch 2U),bull,272.02,222.22,4,True,2D,Dragonfly Doji (bullish-leaning),ALERT if price > 272.02 (RevStrat bull); stop < 222.22,RevStrat after 3-2D: watch for 2U reversal (3-2D-2U),2U,3,2D,2U,1,Consumer Discretionary,Unknown,XLY,1,XLY
2026-10-07 16:23:57 EDT,RCL,https://finance.yahoo.com/quote/RCL/chart,282.35,W,3-2U,REVSTRAT 3-2-2 (watch 2D),bear,240.2,279.5,4,False,2U,Bullish Candle,ALERT if price < 240.2 (RevStrat bear); stop > 279.5,RevStrat after 3-2U: watch for 2D reversal (3-2U-2D),2U,3,2D,2U,1,Consumer Discretionary,Unknown,XLY,1,XLY
2026-10-07 16:23:57 EDT,RCL,https://finance.yahoo.com/quote/RCL/chart,282.35,D,2U-1,1-2 BREAK_UP,bull,288.14,281.11,4,True,1,Bearish Candle,ALERT if price > 288.14 (inside break UP); stop < 281.11,Inside bar break UP (1-2),2U,3,2D,2U,1,Consumer Discretionary,Unknown,XLY,1,XLY
2026-10-07 16:23:57 EDT,RCL,https://finance.yahoo.com/quote/RCL/chart,282.35,D,2U-1,1-2 BREAK_DOWN,bear,281.11,288.14,4,False,1,Bearish Candle,ALERT if price < 281.11 (inside break DOWN); stop > 288.14,Inside bar break DOWN (1-2),2U,3,2D,2U,1,Consumer Discretionary,Unknown,XLY,1,XLY
2026-10-07 16:23:57 EDT,FCX,https://finance.yahoo.com/quote/FCX/chart,71.88,M,2U-1,1-2 BREAK_UP,bull,78.64,67.01,-4,False,1,Bearish Candle,ALERT if price > 78.64 (inside break UP); stop < 67.01,Inside bar break UP (1-2),2D,2U,1,2D,2D,Materials,Unknown,,0,
2026-10-07 16:23:57 EDT,FCX,https://finance.yahoo.com/quote/FCX/chart,71.88,M,2U-1,1-2 BREAK_DOWN,bear,67.01,78.64,-4,True,1,Bearish Candle,ALERT if price < 67.01 (inside break DOWN); stop > 78.64,Inside bar break DOWN (1-2),2D,2U,1,2D,2D,Materials,Unknown,,0,
2026-10-07 16:23:57 EDT,FCX,https://finance.yahoo.com/quote/FCX/chart,71.88,3H,2D-1,1-2 BREAK_UP,bull,71.79,71.15,-4,False,1,Bullish Candle,ALERT if price > 71.79 (inside break UP); stop < 71.15,Inside bar break UP (1-2),2D,2U,1,2D,2D,Materials,Unknown,,0,
2026-10-07 16:23:57 EDT,FCX,https://finance.yahoo.com/quote/FCX/chart,71.88,3H,2D-1,1-2 BREAK_DOWN,bear,71.15,71.79,-4,True,1,Bullish Candle,ALERT if price < 71.15 (inside break DOWN); stop > 71.79,Inside bar break DOWN (1-2),2D,2U,1,2D,2D,Materials,Unknown,,0,
2026-10-07 16:23:57 EDT,FCX,https://finance.yahoo.com/quote/FCX/chart,71.88,2H,1-2U,REVSTRAT 1-2-2 (watch 2D),bear,71.49,72.1,-4,True,2U,Bullish Candle,ALERT if price < 71.49 (RevStrat bear); stop > 72.1,RevStrat after 1-2U: watch for 2D reversal (1-2U-2D),2D,2U,1,2D,2D,Materials,Unknown,,0,
2026-10-07 16:23:57 EDT,FCX,https://finance.yahoo.com/quote/FCX/chart,71.88,1H,2U-1,1-2 BREAK_UP,bull,72.1,71.86,-4,False,1,Bearish Candle,ALERT if price > 72.1 (inside break UP); stop < 71.86,Inside bar break UP (1-2),2D,2U,1,2D,2D,Materials,Unknown,,0,
2026-10-07 16:23:57 EDT,FCX,https://finance.yahoo.com/quote/FCX/chart,71.88,1H,2U-1,1-2 BREAK_DOWN,bear,71.86,72.1,-4,True,1,Bearish Candle,ALERT if price < 71.86 (inside break DOWN); stop > 72.1,Inside bar break DOWN (1-2),2D,2U,1,2D,2D,Materials,Unknown,,0,
2026-10-07 16:23:57 EDT,SNOW,https://finance.yahoo.com/quote/SNOW/chart,332.67,Y,3-2U,REVSTRAT 3-2-2 (watch 2D),bear,120.1,280.67,9,False,2U,Bullish Candle,ALERT if price < 120.1 (RevStrat bear); stop > 280.67,RevStrat after 3-2U: watch for 2D reversal (3-2U-2D),2U,2U,2U,2D,2D,Unknown,Unknown,,0,
2026-10-07 16:23:57 EDT,SNOW,https://finance.yahoo.com/quote/SNOW/chart,332.67,Q,3-2U,REVSTRAT 3-2-2 (watch 2D),bear,253.0,384.56,9,False,2U,Bullish Candle,ALERT if price < 253.0 (RevStrat bear); stop > 384.56,RevStrat after 3-2U: watch for 2D reversal (3-2U-2D),2U,2U,2U,2D,2D,Unknown,Unknown,,0,
2026-10-07 16:23:57 EDT,SNOW,https://finance.yahoo.com/quote/SNOW/chart,332.67,D,3-2D,REVSTRAT 3-2-2 (watch 2U),bull,341.62,332.0,9,True,2D,Gravestone Doji (bearish-leaning),ALERT if price > 341.62 (RevStrat bull); stop < 332.0,RevStrat after 3-2D: watch for 2U reversal (3-2D-2U),2U,2U,2U,2D,2D,Unknown,Unknown,,0,
2026-10-07 16:23:57 EDT,SNOW,https://finance.yahoo.com/quote/SNOW/chart,332.67,4H,3-1,1-2 BREAK_UP,bull,337.97,332.66,9,True,1,Bearish Candle,ALERT if price > 337.97 (inside break UP); stop < 332.66,Inside bar break UP (1-2),2U,2U,2U,2D,2D,Unknown,Unknown,,0,
2026-10-07 16:23:57 EDT,SNOW,https://finance.yahoo.com/quote/SNOW/chart,332.67,4H,3-1,1-2 BREAK_DOWN,bear,332.66,337.97,9,False,1,Bearish Candle,ALERT if price < 332.66 (inside break DOWN); stop > 337.97,Inside bar break DOWN (1-2),2U,2U,2U,2D,2D,Unknown,Unknown,,0,
2026-10-07 16:23:57 EDT,SNOW,https://finance.yahoo.com/quote/SNOW/chart,332.67,3H,3-1,1-2 BREAK_UP,bull,338.18,334.96,9,True,1,Bearish Candle,ALERT if price > 338.18 (inside break UP); stop < 334.96,Inside bar break UP (1-2),2U,2U,2U,2D,2D,Unknown,Unknown,,0,
2026-10-07 16:23:57 EDT,SNOW,https://finance.yahoo.com/quote/SNOW/chart,332.67,3H,3-1,1-2 BREAK_DOWN,bear,334.96,338.18,9,False,1,Bearish Candle,ALERT if price < 334.96 (inside break DOWN); stop > 338.18,Inside bar break DOWN (1-2),2U,2U,2U,2D,2D,Unknown,Unknown,,0,
2026-10-07 16:23:57 EDT,REGN,https://finance.yahoo.com/quote/REGN/chart,742.23,M,2U-3,3-2 BREAK_UP,bull,859.34,741.83,-2,False,3,Bearish Candle,ALERT if price > 859.34 (outside break UP); stop < 741.83,Outside bar break UP (3-2),2D,2U,3,2D,2U,Health Care,Unknown,XLV,1,XLV
2026-10-07 16:23:57 EDT,REGN,https://finance.yahoo.com/quote/REGN/chart,742.23,M,2U-3,3-2 BREAK_DOWN,bear,741.83,859.34,-2,True,3,Bearish Candle,ALERT if price < 741.83 (outside break DOWN); stop > 859.34,Outside bar break DOWN (3-2),2D,2U,3,2D,2U,Health Care,Unknown,XLV,1,XLV
2026-10-07 16:23:57 EDT,REGN,https://finance.yahoo.com/quote/REGN/chart,742.23,4H,2U-1,1-2 BREAK_UP,bull,750.71,740.11,-2,False,1,Bearish Candle,ALERT if price > 750.71 (inside break UP); stop < 740.11,Inside bar break UP (1-2),2D,2U,3,2D,2U,Health Care,Unknown,XLV,1,XLV
2026-10-07 16:23:57 EDT,REGN,https://finance.yahoo.com/quote/REGN/chart,742.23,4H,2U-1,1-2 BREAK_DOWN,bear,740.11,750.71,-2,True,1,Bearish Candle,ALERT if price < 740.11 (inside break DOWN); stop > 750.71,Inside bar break DOWN (1-2),2D,2U,3,2D,2U,Health Care,Unknown,XLV,1,XLV
2026-10-07 16:23:57 EDT,REGN,https://finance.yahoo.com/quote/REGN/chart,742.23,2H,1-2D,REVSTRAT 1-2-2 (watch 2U),bull,745.02,740.11,-2,False,2D,Bearish Candle,ALERT if price > 745.02 (RevStrat bull); stop < 740.11,RevStrat after 1-2D: watch for 2U reversal (1-2D-2U),2D,2U,3,2D,2U,Health Care,Unknown,XLV,1,XLV
2026-10-07 16:23:57 EDT,LYG,https://finance.yahoo.com/quote/LYG/chart,5.41,Q,1-2U,REVSTRAT 1-2-2 (watch 2D),bear,5.62,6.32,3,False,2U,Bearish Shooting-Star-like,ALERT if price < 5.62 (RevStrat bear); stop > 6.32,RevStrat after 1-2U: watch for 2D reversal (1-2U-2D),2U,2U,2D,2D,2D,Unknown,Unknown,,0,
2026-10-07 16:23:57 EDT,LYG,https://finance.yahoo.com/quote/LYG/chart,5.41,1H,2D-1,1-2 BREAK_UP,bull,5.42,5.4,3,True,1,Doji,ALERT if price > 5.42 (inside break UP); stop < 5.4,Inside bar break UP (1-2),2U,2U,2D,2D,2D,Unknown,Unknown,,0,
2026-10-07 16:23:57 EDT,LYG,https://finance.yahoo.com/quote/LYG/chart,5.41,1H,2D-1,1-2 BREAK_DOWN,bear,5.4,5.42,3,False,1,Doji,ALERT if price < 5.4 (inside break DOWN); stop > 5.42,Inside bar break DOWN (1-2),2U,2U,2D,2D,2D,Unknown,Unknown,,0,
2026-10-07 16:23:57 EDT,ITUB,https://finance.yahoo.com/quote/ITUB/chart,9.71,Y,2U-3,3-2 BREAK_UP,bull,7.89,4.29,-2,False,3,Bullish Candle,ALERT if price > 7.89 (outside break UP); stop < 4.29,Outside bar break UP (3-2),3,2D,2U,3,2D,Unknown,Unknown,,0,
2026-10-07 16:23:57 EDT,ITUB,https://finance.yahoo.com/quote/ITUB/chart,9.71,Y,2U-3,3-2 BREAK_DOWN,bear,4.29,7.89,-2,True,3,Bullish Candle,ALERT if price < 4.29 (outside break DOWN); stop > 7.89,Outside bar break DOWN (3-2),3,2D,2U,3,2D,Unknown,Unknown,,0,
2026-10-07 16:23:57 EDT,ITUB,https://finance.yahoo.com/quote/ITUB/chart,9.71,Q,1-2D,REVSTRAT 1-2-2 (watch 2U),bull,8.67,7.16,-2,False,2D,Bullish Candle,ALERT if price > 8.67 (RevStrat bull); stop < 7.16,RevStrat after 1-2D: watch for 2U reversal (1-2D-2U),3,2D,2U,3,2D,Unknown,Unknown,,0,
2026-10-07 16:23:57 EDT,ITUB,https://finance.yahoo.com/quote/ITUB/chart,9.71,W,3-3,3-2 BREAK_UP,bull,8.62,7.92,-2,False,3,Bullish Candle,ALERT if price > 8.62 (outside break UP); stop < 7.92,Outside bar break UP (3-2),3,2D,2U,3,2D,Unknown,Unknown,,0,
2026-10-07 16:23:57 EDT,ITUB,https://finance.yahoo.com/quote/ITUB/chart,9.71,W,3-3,3-2 BREAK_DOWN,bear,7.92,8.62,-2,True,3,Bullish Candle,ALERT if price < 7.92 (outside break DOWN); stop > 8.62,Outside bar break DOWN (3-2),3,2D,2U,3,2D,Unknown,Unknown,,0,
2026-10-07 16:23:57 EDT,NGG,https://finance.yahoo.com/quote/NGG/chart,76.11,Q,1-2D,REVSTRAT 1-2-2 (watch 2U),bull,85.02,74.03,-5,False,2D,Bearish Candle,ALERT if price > 85.02 (RevStrat bull); stop < 74.03,RevStrat after 1-2D: watch for 2U reversal (1-2D-2U),2U,2D,2D,2D,2D,Unknown,Unknown,,0,
2026-10-07 16:23:57 EDT,NGG,https://finance.yahoo.com/quote/NGG/chart,76.11,M,1-2D,REVSTRAT 1-2-2 (watch 2U),bull,79.42,74.03,-5,False,2D,Bearish Candle,ALERT if price > 79.42 (RevStrat bull); stop < 74.03,RevStrat after 1-2D: watch for 2U reversal (1-2D-2U),2U,2D,2D,2D,2D,Unknown,Unknown,,0,
2026-10-07 16:23:57 EDT,NGG,https://finance.yahoo.com/quote/NGG/chart,76.11,W,1-2D,REVSTRAT 1-2-2 (watch 2U),bull,76.72,74.03,-5,False,2D,Bullish Candle,ALERT if price > 76.72 (RevStrat bull); stop < 74.03,RevStrat after 1-2D: watch for 2U reversal (1-2D-2U),2U,2D,2D,2D,2D,Unknown,Unknown,,0,
2026-10-07 16:23:57 EDT,NGG,https://finance.yahoo.com/quote/NGG/chart,76.11,2H,2U-3,3-2 BREAK_UP,bull,76.39,76.07,-5,False,3,Bearish Candle,ALERT if price > 76.39 (outside break UP); stop < 76.07,Outside bar break UP (3-2),2U,2D,2D,2D,2D,Unknown,Unknown,,0,
2026-10-07 16:23:57 EDT,NGG,https://finance.yahoo.com/quote/NGG/chart,76.11,2H,2U-3,3-2 BREAK_DOWN,bear,76.07,76.39,-5,True,3,Bearish Candle,ALERT if price < 76.07 (outside break DOWN); stop > 76.39,Outside bar break DOWN (3-2),2U,2D,2D,2D,2D,Unknown,Unknown,,0,
2026-10-07 16:23:57 EDT,TDG,https://finance.yahoo.com/quote/TDG/chart,1096.25,W,1-2D,REVSTRAT 1-2-2 (watch 2U),bull,1118.72,1077.83,-5,False,2D,Bearish Candle,ALERT if price > 1118.72 (RevStrat bull); stop < 1077.83,RevStrat after 1-2D: watch for 2U reversal (1-2D-2U),2U,2D,2D,2D,2D,Industrials,Unknown,XLI,1,XLI
2026-10-07 16:23:57 EDT,EQIX,https://finance.yahoo.com/quote/EQIX/chart,1031.86,Y,2U-1,1-2 BREAK_UP,bull,964.73,701.41,-6,False,1,Bearish Candle,ALERT if price > 964.73 (inside break UP); stop < 701.41,Inside bar break UP (1-2),1,1,2D,2D,2D,Real Estate,Unknown,,0,
2026-10-07 16:23:57 EDT,EQIX,https://finance.yahoo.com/quote/EQIX/chart,1031.86,Y,2U-1,1-2 BREAK_DOWN,bear,701.41,964.73,-6,True,1,Bearish Candle,ALERT if price < 701.41 (inside break DOWN); stop > 964.73,Inside bar break DOWN (1-2),1,1,2D,2D,2D,Real Estate,Unknown,,0,
2026-10-07 16:23:57 EDT,EQIX,https://finance.yahoo.com/quote/EQIX/chart,1031.86,Q,2U-1,1-2 BREAK_UP,bull,1109.22,987.79,-6,False,1,Bearish Candle,ALERT if price > 1109.22 (inside break UP); stop < 987.79,Inside bar break UP (1-2),1,1,2D,2D,2D,Real Estate,Unknown,,0,
2026-10-07 16:23:57 EDT,EQIX,https://finance.yahoo.com/quote/EQIX/chart,1031.86,Q,2U-1,1-2 BREAK_DOWN,bear,987.79,1109.22,-6,True,1,Bearish Candle,ALERT if price < 987.79 (inside break DOWN); stop > 1109.22,Inside bar break DOWN (1-2),1,1,2D,2D,2D,Real Estate,Unknown,,0,
2026-10-07 16:23:57 EDT,EQIX,https://finance.yahoo.com/quote/EQIX/chart,1031.86,4H,2D-1,1-2 BREAK_UP,bull,1041.17,1030.54,-6,False,1,Bearish Candle,ALERT if price > 1041.17 (inside break UP); stop < 1030.54,Inside bar break UP (1-2),1,1,2D,2D,2D,Real Estate,Unknown,,0,
2026-10-07 16:23:57 EDT,EQIX,https://finance.yahoo.com/quote/EQIX/chart,1031.86,4H,2D-1,1-2 BREAK_DOWN,bear,1030.54,1041.17,-6,True,1,Bearish Candle,ALERT if price < 1030.54 (inside break DOWN); stop > 1041.17,Inside bar break DOWN (1-2),1,1,2D,2D,2D,Real Estate,Unknown,,0,
2026-10-07 16:23:57 EDT,EQIX,https://finance.yahoo.com/quote/EQIX/chart,1031.86,3H,2D-1,1-2 BREAK_UP,bull,1039.43,1031.48,-6,False,1,Bullish Candle,ALERT if price > 1039.43 (inside break UP); stop < 1031.48,Inside bar break UP (1-2),1,1,2D,2D,2D,Real Estate,Unknown,,0,
2026-10-07 16:23:57 EDT,EQIX,https://finance.yahoo.com/quote/EQIX/chart,1031.86,3H,2D-1,1-2 BREAK_DOWN,bear,1031.48,1039.43,-6,True,1,Bullish Candle,ALERT if price < 1031.48 (inside break DOWN); stop > 1039.43,Inside bar break DOWN (1-2),1,1,2D,2D,2D,Real Estate,Unknown,,0,
2026-10-07 16:23:57 EDT,EQIX,https://finance.yahoo.com/quote/EQIX/chart,1031.86,2H,2U-3,3-2 BREAK_UP,bull,1041.17,1030.54,-6,False,3,Bearish Candle,ALERT if price > 1041.17 (outside break UP); stop < 1030.54,Outside bar break UP (3-2),1,1,2D,2D,2D,Real Estate,Unknown,,0,
2026-10-07 16:23:57 EDT,EQIX,https://finance.yahoo.com/quote/EQIX/chart,1031.86,2H,2U-3,3-2 BREAK_DOWN,bear,1030.54,1041.17,-6,True,3,Bearish Candle,ALERT if price < 1030.54 (outside break DOWN); stop > 1041.17,Outside bar break DOWN (3-2),1,1,2D,2D,2D,Real Estate,Unknown,,0,
2026-10-07 16:23:57 EDT,B,https://finance.yahoo.com/quote/B/chart,39.18,Y,3-2U,REVSTRAT 3-2-2 (watch 2D),bear,15.31,46.45,2,False,2U,Bullish Marubozu-like,ALERT if price < 15.31 (RevStrat bear); stop > 46.45,RevStrat after 3-2U: watch for 2D reversal (3-2U-2D),2U,3,1,2D,2D,Unknown,Unknown,,0,
2026-10-07 16:23:57 EDT,B,https://finance.yahoo.com/quote/B/chart,39.18,Q,2D-3,3-2 BREAK_UP,bull,49.14,34.03,2,True,3,Bullish Candle,ALERT if price > 49.14 (outside break UP); stop < 34.03,Outside bar break UP (3-2),2U,3,1,2D,2D,Unknown,Unknown,,0,
2026-10-07 16:23:57 EDT,B,https://finance.yahoo.com/quote/B/chart,39.18,Q,2D-3,3-2 BREAK_DOWN,bear,34.03,49.14,2,False,3,Bullish Candle,ALERT if price < 34.03 (outside break DOWN); stop > 49.14,Outside bar break DOWN (3-2),2U,3,1,2D,2D,Unknown,Unknown,,0,
2026-10-07 16:23:57 EDT,B,https://finance.yahoo.com/quote/B/chart,39.18,M,2U-1,1-2 BREAK_UP,bull,45.81,40.6,2,True,1,Bearish Candle,ALERT if price > 45.81 (inside break UP); stop < 40.6,Inside bar break UP (1-2),2U,3,1,2D,2D,Unknown,Unknown,,0,
2026-10-07 16:23:57 EDT,B,https://finance.yahoo.com/quote/B/chart,39.18,M,2U-1,1-2 BREAK_DOWN,bear,40.6,45.81,2,False,1,Bearish Candle,ALERT if price < 40.6 (inside break DOWN); stop > 45.81,Inside bar break DOWN (1-2),2U,3,1,2D,2D,Unknown,Unknown,,0,
2026-10-07 16:23:57 EDT,B,https://finance.yahoo.com/quote/B/chart,39.18,W,3-2D,REVSTRAT 3-2-2 (watch 2U),bull,41.72,39.73,2,True,2D,Bearish Candle,ALERT if price > 41.72 (RevStrat bull); stop < 39.73,RevStrat after 3-2D: watch for 2U reversal (3-2D-2U),2U,3,1,2D,2D,Unknown,Unknown,,0,
2026-10-07 16:23:57 EDT,B,https://finance.yahoo.com/quote/B/chart,39.18,4H,2D-1,1-2 BREAK_UP,bull,39.69,39.15,2,True,1,Bearish Candle,ALERT if price > 39.69 (inside break UP); stop < 39.15,Inside bar break UP (1-2),2U,3,1,2D,2D,Unknown,Unknown,,0,
2026-10-07 16:23:57 EDT,B,https://finance.yahoo.com/quote/B/chart,39.18,4H,2D-1,1-2 BREAK_DOWN,bear,39.15,39.69,2,False,1,Bearish Candle,ALERT if price < 39.15 (inside break DOWN); stop > 39.69,Inside bar break DOWN (1-2),2U,3,1,2D,2D,Unknown,Unknown,,0,
2026-10-07 16:23:57 EDT,B,https://finance.yahoo.com/quote/B/chart,39.18,3H,2D-1,1-2 BREAK_UP,bull,39.69,39.32,2,True,1,Bearish Candle,ALERT if price > 39.69 (inside break UP); stop < 39.32,Inside bar break UP (1-2),2U,3,1,2D,2D,Unknown,Unknown,,0,
2026-10-07 16:23:57 EDT,B,https://finance.yahoo.com/quote/B/chart,39.18,3H,2D-1,1-2 BREAK_DOWN,bear,39.32,39.69,2,False,1,Bearish Candle,ALERT if price < 39.32 (inside break DOWN); stop > 39.69,Inside bar break DOWN (1-2),2U,3,1,2D,2D,Unknown,Unknown,,0,
2026-10-07 16:23:57 EDT,GM,https://finance.yahoo.com/quote/GM/chart,81.0,M,1-2D,REVSTRAT 1-2-2 (watch 2U),bull,87.86,76.91,3,True,2D,Bearish Candle,ALERT if price > 87.86 (RevStrat bull); stop < 76.91,RevStrat after 1-2D: watch for 2U reversal (1-2D-2U),2U,2U,2D,2D,2D,Consumer Discretionary,Unknown,XLY,1,XLY
2026-10-07 16:23:57 EDT,GM,https://finance.yahoo.com/quote/GM/chart,81.0,2H,1-2D,REVSTRAT 1-2-2 (watch 2U),bull,81.1,80.63,3,True,2D,Doji,ALERT if price > 81.1 (RevStrat bull); stop < 80.63,RevStrat after 1-2D: watch for 2U reversal (1-2D-2U),2U,2U,2D,2D,2D,Consumer Discretionary,Unknown,XLY,1,XLY
2026-10-07 16:23:57 EDT,ECL,https://finance.yahoo.com/quote/ECL/chart,277.96,W,3-3,3-2 BREAK_UP,bull,281.27,267.46,6,True,3,Bearish Candle,ALERT if price > 281.27 (outside break UP); stop < 267.46,Outside bar break UP (3-2),2U,2U,2D,3,1,Materials,Unknown,,0,
2026-10-07 16:23:57 EDT,ECL,https://finance.yahoo.com/quote/ECL/chart,277.96,W,3-3,3-2 BREAK_DOWN,bear,267.46,281.27,6,False,3,Bearish Candle,ALERT if price < 267.46 (outside break DOWN); stop > 281.27,Outside bar break DOWN (3-2),2U,2U,2D,3,1,Materials,Unknown,,0,
2026-10-07 16:23:57 EDT,ECL,https://finance.yahoo.com/quote/ECL/chart,277.96,D,2U-1,1-2 BREAK_UP,bull,280.08,277.31,6,True,1,Bearish Candle,ALERT if price > 280.08 (inside break UP); stop < 277.31,Inside bar break UP (1-2),2U,2U,2D,3,1,Materials,Unknown,,0,
2026-10-07 16:23:57 EDT,ECL,https://finance.yahoo.com/quote/ECL/chart,277.96,D,2U-1,1-2 BREAK_DOWN,bear,277.31,280.08,6,False,1,Bearish Candle,ALERT if price < 277.31 (inside break DOWN); stop > 280.08,Inside bar break DOWN (1-2),2U,2U,2D,3,1,Materials,Unknown,,0,
2026-10-07 16:23:57 EDT,ECL,https://finance.yahoo.com/quote/ECL/chart,277.96,4H,2D-1,1-2 BREAK_UP,bull,279.58,277.52,6,True,1,Bearish Candle,ALERT if price > 279.58 (inside break UP); stop < 277.52,Inside bar break UP (1-2),2U,2U,2D,3,1,Materials,Unknown,,0,
2026-10-07 16:23:57 EDT,ECL,https://finance.yahoo.com/quote/ECL/chart,277.96,4H,2D-1,1-2 BREAK_DOWN,bear,277.52,279.58,6,False,1,Bearish Candle,ALERT if price < 277.52 (inside break DOWN); stop > 279.58,Inside bar break DOWN (1-2),2U,2U,2D,3,1,Materials,Unknown,,0,
2026-10-07 16:23:57 EDT,ECL,https://finance.yahoo.com/quote/ECL/chart,277.96,3H,2D-1,1-2 BREAK_UP,bull,279.76,278.0,6,True,1,Bearish Candle,ALERT if price > 279.76 (inside break UP); stop < 278.0,Inside bar break UP (1-2),2U,2U,2D,3,1,Materials,Unknown,,0,
2026-10-07 16:23:57 EDT,ECL,https://finance.yahoo.com/quote/ECL/chart,277.96,3H,2D-1,1-2 BREAK_DOWN,bear,278.0,279.76,6,False,1,Bearish Candle,ALERT if price < 278.0 (inside break DOWN); stop > 279.76,Inside bar break DOWN (1-2),2U,2U,2D,3,1,Materials,Unknown,,0,
2026-10-07 16:23:57 EDT,ECL,https://finance.yahoo.com/quote/ECL/chart,277.96,2H,1-2D,REVSTRAT 1-2-2 (watch 2U),bull,278.9,277.52,6,True,2D,Bearish Candle,ALERT if price > 278.9 (RevStrat bull); stop < 277.52,RevStrat after 1-2D: watch for 2U reversal (1-2D-2U),2U,2U,2D,3,1,Materials,Unknown,,0,
2026-10-07 16:23:57 EDT,GLW,https://finance.yahoo.com/quote/GLW/chart,163.21,M,1-1,1-2 BREAK_UP,bull,171.3,139.25,1,True,1,Bullish Candle,ALERT if price > 171.3 (inside break UP); stop < 139.25,Inside bar break UP (1-2),2U,2D,1,3,1,Unknown,Unknown,,0,
2026-10-07 16:23:57 EDT,GLW,https://finance.yahoo.com/quote/GLW/chart,163.21,M,1-1,1-2 BREAK_DOWN,bear,139.25,171.3,1,False,1,Bullish Candle,ALERT if price < 139.25 (inside break DOWN); stop > 171.3,Inside bar break DOWN (1-2),2U,2D,1,3,1,Unknown,Unknown,,0,
2026-10-07 16:23:57 EDT,GLW,https://finance.yahoo.com/quote/GLW/chart,163.21,W,2U-3,3-2 BREAK_UP,bull,165.14,149.26,1,True,3,Bullish Candle,ALERT if price > 165.14 (outside break UP); stop < 149.26,Outside bar break UP (3-2),2U,2D,1,3,1,Unknown,Unknown,,0,
2026-10-07 16:23:57 EDT,GLW,https://finance.yahoo.com/quote/GLW/chart,163.21,W,2U-3,3-2 BREAK_DOWN,bear,149.26,165.14,1,False,3,Bullish Candle,ALERT if price < 149.26 (outside break DOWN); stop > 165.14,Outside bar break DOWN (3-2),2U,2D,1,3,1,Unknown,Unknown,,0,
2026-10-07 16:23:57 EDT,GLW,https://finance.yahoo.com/quote/GLW/chart,163.21,D,2U-1,1-2 BREAK_UP,bull,165.9,161.79,1,True,1,Bullish Candle,ALERT if price > 165.9 (inside break UP); stop < 161.79,Inside bar break UP (1-2),2U,2D,1,3,1,Unknown,Unknown,,0,
2026-10-07 16:23:57 EDT,GLW,https://finance.yahoo.com/quote/GLW/chart,163.21,D,2U-1,1-2 BREAK_DOWN,bear,161.79,165.9,1,False,1,Bullish Candle,ALERT if price < 161.79 (inside break DOWN); stop > 165.9,Inside bar break DOWN (1-2),2U,2D,1,3,1,Unknown,Unknown,,0,
2026-10-07 16:23:57 EDT,GLW,https://finance.yahoo.com/quote/GLW/chart,163.21,4H,2D-1,1-2 BREAK_UP,bull,165.62,163.04,1,True,1,Bearish Candle,ALERT if price > 165.62 (inside break UP); stop < 163.04,Inside bar break UP (1-2),2U,2D,1,3,1,Unknown,Unknown,,0,
2026-10-07 16:23:57 EDT,GLW,https://finance.yahoo.com/quote/GLW/chart,163.21,4H,2D-1,1-2 BREAK_DOWN,bear,163.04,165.62,1,False,1,Bearish Candle,ALERT if price < 163.04 (inside break DOWN); stop > 165.62,Inside bar break DOWN (1-2),2U,2D,1,3,1,Unknown,Unknown,,0,
2026-10-07 16:23:57 EDT,GLW,https://finance.yahoo.com/quote/GLW/chart,163.21,3H,2D-1,1-2 BREAK_UP,bull,165.62,163.45,1,True,1,Bearish Candle,ALERT if price > 165.62 (inside break UP); stop < 163.45,Inside bar break UP (1-2),2U,2D,1,3,1,Unknown,Unknown,,0,
2026-10-07 16:23:57 EDT,GLW,https://finance.yahoo.com/quote/GLW/chart,163.21,3H,2D-1,1-2 BREAK_DOWN,bear,163.45,165.62,1,False,1,Bearish Candle,ALERT if price < 163.45 (inside break DOWN); stop > 165.62,Inside bar break DOWN (1-2),2U,2D,1,3,1,Unknown,Unknown,,0,
2026-10-07 16:23:57 EDT,GLW,https://finance.yahoo.com/quote/GLW/chart,163.21,2H,3-2D,REVSTRAT 3-2-2 (watch 2U),bull,164.12,163.04,1,True,2D,Bearish Candle,ALERT if price > 164.12 (RevStrat bull); stop < 163.04,RevStrat after 3-2D: watch for 2U reversal (3-2D-2U),2U,2D,1,3,1,Unknown,Unknown,,0,
2026-10-07 16:23:57 EDT,ORLY,https://finance.yahoo.com/quote/ORLY/chart,84.6,W,2D-1,1-2 BREAK_UP,bull,87.02,83.9,-1,False,1,Bearish Candle,ALERT if price > 87.02 (inside break UP); stop < 83.9,Inside bar break UP (1-2),2U,2D,2D,1,2U,Consumer Discretionary,Unknown,XLY,1,XLY
2026-10-07 16:23:57 EDT,ORLY,https://finance.yahoo.com/quote/ORLY/chart,84.6,W,2D-1,1-2 BREAK_DOWN,bear,83.9,87.02,-1,True,1,Bearish Candle,ALERT if price < 83.9 (inside break DOWN); stop > 87.02,Inside bar break DOWN (1-2),2U,2D,2D,1,2U,Consumer Discretionary,Unknown,XLY,1,XLY
2026-10-07 16:23:57 EDT,ORLY,https://finance.yahoo.com/quote/ORLY/chart,84.6,1H,2D-1,1-2 BREAK_UP,bull,84.69,84.49,-1,False,1,Doji,ALERT if price > 84.69 (inside break UP); stop < 84.49,Inside bar break UP (1-2),2U,2D,2D,1,2U,Consumer Discretionary,Unknown,XLY,1,XLY
2026-10-07 16:23:57 EDT,ORLY,https://finance.yahoo.com/quote/ORLY/chart,84.6,1H,2D-1,1-2 BREAK_DOWN,bear,84.49,84.69,-1,True,1,Doji,ALERT if price < 84.49 (inside break DOWN); stop > 84.69,Inside bar break DOWN (1-2),2U,2D,2D,1,2U,Consumer Discretionary,Unknown,XLY,1,XLY
2026-10-07 16:23:57 EDT,CI,https://finance.yahoo.com/quote/CI/chart,278.47,Q,2U-3,3-2 BREAK_UP,bull,305.44,263.11,-1,False,3,Bearish Candle,ALERT if price > 305.44 (outside break UP); stop < 263.11,Outside bar break UP (3-2),2D,3,2U,3,2U,Health Care,Unknown,XLV,1,XLV
2026-10-07 16:23:57 EDT,CI,https://finance.yahoo.com/quote/CI/chart,278.47,Q,2U-3,3-2 BREAK_DOWN,bear,263.11,305.44,-1,True,3,Bearish Candle,ALERT if price < 263.11 (outside break DOWN); stop > 305.44,Outside bar break DOWN (3-2),2D,3,2U,3,2U,Health Care,Unknown,XLV,1,XLV
2026-10-07 16:23:57 EDT,CI,https://finance.yahoo.com/quote/CI/chart,278.47,W,2D-3,3-2 BREAK_UP,bull,278.88,262.85,-1,False,3,Bearish Candle,ALERT if price > 278.88 (outside break UP); stop < 262.85,Outside bar break UP (3-2),2D,3,2U,3,2U,Health Care,Unknown,XLV,1,XLV
2026-10-07 16:23:57 EDT,CI,https://finance.yahoo.com/quote/CI/chart,278.47,W,2D-3,3-2 BREAK_DOWN,bear,262.85,278.88,-1,True,3,Bearish Candle,ALERT if price < 262.85 (outside break DOWN); stop > 278.88,Outside bar break DOWN (3-2),2D,3,2U,3,2U,Health Care,Unknown,XLV,1,XLV
2026-10-07 16:23:57 EDT,CI,https://finance.yahoo.com/quote/CI/chart,278.47,2H,2U-3,3-2 BREAK_UP,bull,283.12,278.47,-1,False,3,Bearish Candle,ALERT if price > 283.12 (outside break UP); stop < 278.47,Outside bar break UP (3-2),2D,3,2U,3,2U,Health Care,Unknown,XLV,1,XLV
2026-10-07 16:23:57 EDT,CI,https://finance.yahoo.com/quote/CI/chart,278.47,2H,2U-3,3-2 BREAK_DOWN,bear,278.47,283.12,-1,True,3,Bearish Candle,ALERT if price < 278.47 (outside break DOWN); stop > 283.12,Outside bar break DOWN (3-2),2D,3,2U,3,2U,Health Care,Unknown,XLV,1,XLV
2026-10-07 16:23:57 EDT,CI,https://finance.yahoo.com/quote/CI/chart,278.47,1H,3-2D,REVSTRAT 3-2-2 (watch 2U),bull,280.01,278.47,-1,False,2D,Bearish Candle,ALERT if price > 280.01 (RevStrat bull); stop < 278.47,RevStrat after 3-2D: watch for 2U reversal (3-2D-2U),2D,3,2U,3,2U,Health Care,Unknown,XLV,1,XLV
2026-10-07 16:23:57 EDT,RELX,https://finance.yahoo.com/quote/RELX/chart,34.51,Q,1-2U,REVSTRAT 1-2-2 (watch 2D),bear,30.99,38.58,5,False,2U,Bullish Inverted Hammer-like,ALERT if price < 30.99 (RevStrat bear); stop > 38.58,RevStrat after 1-2U: watch for 2D reversal (1-2U-2D),2U,2U,2D,2D,2U,Unknown,Unknown,,0,
2026-10-07 16:23:57 EDT,RELX,https://finance.yahoo.com/quote/RELX/chart,34.51,M,1-2D,REVSTRAT 1-2-2 (watch 2U),bull,37.0,32.69,5,True,2D,Bearish Candle,ALERT if price > 37.0 (RevStrat bull); stop < 32.69,RevStrat after 1-2D: watch for 2U reversal (1-2D-2U),2U,2U,2D,2D,2U,Unknown,Unknown,,0,
2026-10-07 16:23:57 EDT,RELX,https://finance.yahoo.com/quote/RELX/chart,34.51,4H,2U-1,1-2 BREAK_UP,bull,34.62,34.46,5,True,1,Bullish Candle,ALERT if price > 34.62 (inside break UP); stop < 34.46,Inside bar break UP (1-2),2U,2U,2D,2D,2U,Unknown,Unknown,,0,
2026-10-07 16:23:57 EDT,RELX,https://finance.yahoo.com/quote/RELX/chart,34.51,4H,2U-1,1-2 BREAK_DOWN,bear,34.46,34.62,5,False,1,Bullish Candle,ALERT if price < 34.46 (inside break DOWN); stop > 34.62,Inside bar break DOWN (1-2),2U,2U,2D,2D,2U,Unknown,Unknown,,0,
2026-10-07 16:23:57 EDT,RELX,https://finance.yahoo.com/quote/RELX/chart,34.51,3H,2U-1,1-2 BREAK_UP,bull,34.6,34.35,5,True,1,Bullish Candle,ALERT if price > 34.6 (inside break UP); stop < 34.35,Inside bar break UP (1-2),2U,2U,2D,2D,2U,Unknown,Unknown,,0,
2026-10-07 16:23:57 EDT,RELX,https://finance.yahoo.com/quote/RELX/chart,34.51,3H,2U-1,1-2 BREAK_DOWN,bear,34.35,34.6,5,False,1,Bullish Candle,ALERT if price < 34.35 (inside break DOWN); stop > 34.6,Inside bar break DOWN (1-2),2U,2U,2D,2D,2U,Unknown,Unknown,,0,
2026-10-07 16:23:57 EDT,CMI,https://finance.yahoo.com/quote/CMI/chart,517.31,4H,2D-1,1-2 BREAK_UP,bull,520.93,515.38,-5,False,1,Bullish Candle,ALERT if price > 520.93 (inside break UP); stop < 515.38,Inside bar break UP (1-2),2U,2D,2D,2D,2D,Industrials,Unknown,XLI,1,XLI
2026-10-07 16:23:57 EDT,CMI,https://finance.yahoo.com/quote/CMI/chart,517.31,4H,2D-1,1-2 BREAK_DOWN,bear,515.38,520.93,-5,True,1,Bullish Candle,ALERT if price < 515.38 (inside break DOWN); stop > 520.93,Inside bar break DOWN (1-2),2U,2D,2D,2D,2D,Industrials,Unknown,XLI,1,XLI
2026-10-07 16:23:57 EDT,CMI,https://finance.yahoo.com/quote/CMI/chart,517.31,3H,2D-1,1-2 BREAK_UP,bull,520.93,513.41,-5,False,1,Bullish Candle,ALERT if price > 520.93 (inside break UP); stop < 513.41,Inside bar break UP (1-2),2U,2D,2D,2D,2D,Industrials,Unknown,XLI,1,XLI
2026-10-07 16:23:57 EDT,CMI,https://finance.yahoo.com/quote/CMI/chart,517.31,3H,2D-1,1-2 BREAK_DOWN,bear,513.41,520.93,-5,True,1,Bullish Candle,ALERT if price < 513.41 (inside break DOWN); stop > 520.93,Inside bar break DOWN (1-2),2U,2D,2D,2D,2D,Industrials,Unknown,XLI,1,XLI
2026-10-07 16:23:57 EDT,AON,https://finance.yahoo.com/quote/AON/chart,270.54,Y,3-2U,REVSTRAT 3-2-2 (watch 2D),bear,323.73,412.97,0,False,2U,Doji,ALERT if price < 323.73 (RevStrat bear); stop > 412.97,RevStrat after 3-2U: watch for 2D reversal (3-2U-2D),2U,3,2D,2D,3,Unknown,Unknown,,0,
2026-10-07 16:23:57 EDT,AON,https://finance.yahoo.com/quote/AON/chart,270.54,Q,1-3,3-2 BREAK_UP,bull,382.34,269.02,0,False,3,Bearish Candle,ALERT if price > 382.34 (outside break UP); stop < 269.02,Outside bar break UP (3-2),2U,3,2D,2D,3,Unknown,Unknown,,0,
2026-10-07 16:23:57 EDT,AON,https://finance.yahoo.com/quote/AON/chart,270.54,Q,1-3,3-2 BREAK_DOWN,bear,269.02,382.34,0,False,3,Bearish Candle,ALERT if price < 269.02 (outside break DOWN); stop > 382.34,Outside bar break DOWN (3-2),2U,3,2D,2D,3,Unknown,Unknown,,0,
2026-10-07 16:23:57 EDT,AON,https://finance.yahoo.com/quote/AON/chart,270.54,D,2U-3,3-2 BREAK_UP,bull,275.31,269.75,0,False,3,Bearish Candle,ALERT if price > 275.31 (outside break UP); stop < 269.75,Outside bar break UP (3-2),2U,3,2D,2D,3,Unknown,Unknown,,0,
2026-10-07 16:23:57 EDT,AON,https://finance.yahoo.com/quote/AON/chart,270.54,D,2U-3,3-2 BREAK_DOWN,bear,269.75,275.31,0,False,3,Bearish Candle,ALERT if price < 269.75 (outside break DOWN); stop > 275.31,Outside bar break DOWN (3-2),2U,3,2D,2D,3,Unknown,Unknown,,0,
2026-10-07 16:23:57 EDT,AON,https://finance.yahoo.com/quote/AON/chart,270.54,4H,3-1,1-2 BREAK_UP,bull,272.18,270.17,0,False,1,Bearish Candle,ALERT if price > 272.18 (inside break UP); stop < 270.17,Inside bar break UP (1-2),2U,3,2D,2D,3,Unknown,Unknown,,0,
2026-10-07 16:23:57 EDT,AON,https://finance.yahoo.com/quote/AON/chart,270.54,4H,3-1,1-2 BREAK_DOWN,bear,270.17,272.18,0,False,1,Bearish Candle,ALERT if price < 270.17 (inside break DOWN); stop > 272.18,Inside bar break DOWN (1-2),2U,3,2D,2D,3,Unknown,Unknown,,0,
2026-10-07 16:23:57 EDT,AON,https://finance.yahoo.com/quote/AON/chart,270.54,3H,3-1,1-2 BREAK_UP,bull,272.06,270.12,0,False,1,Bullish Candle,ALERT if price > 272.06 (inside break UP); stop < 270.12,Inside bar break UP (1-2),2U,3,2D,2D,3,Unknown,Unknown,,0,
2026-10-07 16:23:57 EDT,AON,https://finance.yahoo.com/quote/AON/chart,270.54,3H,3-1,1-2 BREAK_DOWN,bear,270.12,272.06,0,False,1,Bullish Candle,ALERT if price < 270.12 (inside break DOWN); stop > 272.06,Inside bar break DOWN (1-2),2U,3,2D,2D,3,Unknown,Unknown,,0,
2026-10-07 16:23:57 EDT,AON,https://finance.yahoo.com/quote/AON/chart,270.54,2H,1-3,3-2 BREAK_UP,bull,272.18,270.17,0,False,3,Bearish Candle,ALERT if price > 272.18 (outside break UP); stop < 270.17,Outside bar break UP (3-2),2U,3,2D,2D,3,Unknown,Unknown,,0,
2026-10-07 16:23:57 EDT,AON,https://finance.yahoo.com/quote/AON/chart,270.54,2H,1-3,3-2 BREAK_DOWN,bear,270.17,272.18,0,False,3,Bearish Candle,ALERT if price < 270.17 (outside break DOWN); stop > 272.18,Outside bar break DOWN (3-2),2U,3,2D,2D,3,Unknown,Unknown,,0,
2026-10-07 16:23:57 EDT,WDC,https://finance.yahoo.com/quote/WDC/chart,405.4,Y,2U-3,3-2 BREAK_UP,bull,188.77,28.83,-6,False,3,Bullish Candle,ALERT if price > 188.77 (outside break UP); stop < 28.83,Outside bar break UP (3-2),3,1,2D,2D,2D,Unknown,Unknown,,0,
2026-10-07 16:23:57 EDT,WDC,https://finance.yahoo.com/quote/WDC/chart,405.4,Y,2U-3,3-2 BREAK_DOWN,bear,28.83,188.77,-6,True,3,Bullish Candle,ALERT if price < 28.83 (outside break DOWN); stop > 188.77,Outside bar break DOWN (3-2),3,1,2D,2D,2D,Unknown,Unknown,,0,
2026-10-07 16:23:57 EDT,WDC,https://finance.yahoo.com/quote/WDC/chart,405.4,Q,2U-1,1-2 BREAK_UP,bull,617.39,407.12,-6,False,1,Bearish Candle,ALERT if price > 617.39 (inside break UP); stop < 407.12,Inside bar break UP (1-2),3,1,2D,2D,2D,Unknown,Unknown,,0,
2026-10-07 16:23:57 EDT,WDC,https://finance.yahoo.com/quote/WDC/chart,405.4,Q,2U-1,1-2 BREAK_DOWN,bear,407.12,617.39,-6,True,1,Bearish Candle,ALERT if price < 407.12 (inside break DOWN); stop > 617.39,Inside bar break DOWN (1-2),3,1,2D,2D,2D,Unknown,Unknown,,0,
2026-10-07 16:23:57 EDT,WDC,https://finance.yahoo.com/quote/WDC/chart,405.4,4H,2D-1,1-2 BREAK_UP,bull,406.47,401.78,-6,False,1,Bullish Candle,ALERT if price > 406.47 (inside break UP); stop < 401.78,Inside bar break UP (1-2),3,1,2D,2D,2D,Unknown,Unknown,,0,
2026-10-07 16:23:57 EDT,WDC,https://finance.yahoo.com/quote/WDC/chart,405.4,4H,2D-1,1-2 BREAK_DOWN,bear,401.78,406.47,-6,True,1,Bullish Candle,ALERT if price < 401.78 (inside break DOWN); stop > 406.47,Inside bar break DOWN (1-2),3,1,2D,2D,2D,Unknown,Unknown,,0,
2026-10-07 16:23:57 EDT,WDC,https://finance.yahoo.com/quote/WDC/chart,405.4,3H,2D-1,1-2 BREAK_UP,bull,407.7,403.01,-6,False,1,Bearish Candle,ALERT if price > 407.7 (inside break UP); stop < 403.01,Inside bar break UP (1-2),3,1,2D,2D,2D,Unknown,Unknown,,0,
2026-10-07 16:23:57 EDT,WDC,https://finance.yahoo.com/quote/WDC/chart,405.4,3H,2D-1,1-2 BREAK_DOWN,bear,403.01,407.7,-6,True,1,Bearish Candle,ALERT if price < 403.01 (inside break DOWN); stop > 407.7,Inside bar break DOWN (1-2),3,1,2D,2D,2D,Unknown,Unknown,,0,
2026-10-07 16:23:57 EDT,WDC,https://finance.yahoo.com/quote/WDC/chart,405.4,2H,2D-3,3-2 BREAK_UP,bull,406.47,401.78,-6,False,3,Bullish Candle,ALERT if price > 406.47 (outside break UP); stop < 401.78,Outside bar break UP (3-2),3,1,2D,2D,2D,Unknown,Unknown,,0,
2026-10-07 16:23:57 EDT,WDC,https://finance.yahoo.com/quote/WDC/chart,405.4,2H,2D-3,3-2 BREAK_DOWN,bear,401.78,406.47,-6,True,3,Bullish Candle,ALERT if price < 401.78 (outside break DOWN); stop > 406.47,Outside bar break DOWN (3-2),3,1,2D,2D,2D,Unknown,Unknown,,0,
2026-10-07 16:23:57 EDT,CTAS,https://finance.yahoo.com/quote/CTAS/chart,197.17,M,1-2D,REVSTRAT 1-2-2 (watch 2U),bull,204.62,191.09,9,True,2D,Bearish Candle,ALERT if price > 204.62 (RevStrat bull); stop < 191.09,RevStrat after 1-2D: watch for 2U reversal (1-2D-2U),2U,2U,2D,2U,2U,Unknown,Unknown,,0,
2026-10-07 16:23:57 EDT,CTAS,https://finance.yahoo.com/quote/CTAS/chart,197.17,3H,2U-1,1-2 BREAK_UP,bull,197.78,196.66,9,True,1,Bullish Candle,ALERT if price > 197.78 (inside break UP); stop < 196.66,Inside bar break UP (1-2),2U,2U,2D,2U,2U,Unknown,Unknown,,0,
2026-10-07 16:23:57 EDT,CTAS,https://finance.yahoo.com/quote/CTAS/chart,197.17,3H,2U-1,1-2 BREAK_DOWN,bear,196.66,197.78,9,False,1,Bullish Candle,ALERT if price < 196.66 (inside break DOWN); stop > 197.78,Inside bar break DOWN (1-2),2U,2U,2D,2U,2U,Unknown,Unknown,,0,
2026-10-07 16:23:57 EDT,CTAS,https://finance.yahoo.com/quote/CTAS/chart,197.17,2H,1-2U,REVSTRAT 1-2-2 (watch 2D),bear,197.03,198.28,9,False,2U,Bearish Candle,ALERT if price < 197.03 (RevStrat bear); stop > 198.28,RevStrat after 1-2U: watch for 2D reversal (1-2U-2D),2U,2U,2D,2U,2U,Unknown,Unknown,,0,
2026-10-07 16:23:57 EDT,MRVL,https://finance.yahoo.com/quote/MRVL/chart,284.73,Y,2U-3,3-2 BREAK_UP,bull,127.48,47.09,5,True,3,Bearish Candle,ALERT if price > 127.48 (outside break UP); stop < 47.09,Outside bar break UP (3-2),3,1,2U,2U,1,Unknown,Unknown,SMH,1,SMH
2026-10-07 16:23:57 EDT,MRVL,https://finance.yahoo.com/quote/MRVL/chart,284.73,Y,2U-3,3-2 BREAK_DOWN,bear,47.09,127.48,5,False,3,Bearish Candle,ALERT if price < 47.09 (outside break DOWN); stop > 127.48,Outside bar break DOWN (3-2),3,1,2U,2U,1,Unknown,Unknown,SMH,1,SMH
2026-10-07 16:23:57 EDT,MRVL,https://finance.yahoo.com/quote/MRVL/chart,284.73,Q,2U-1,1-2 BREAK_UP,bull,292.5,162.9,5,True,1,Bearish Candle,ALERT if price > 292.5 (inside break UP); stop < 162.9,Inside bar break UP (1-2),3,1,2U,2U,1,Unknown,Unknown,SMH,1,SMH
2026-10-07 16:23:57 EDT,MRVL,https://finance.yahoo.com/quote/MRVL/chart,284.73,Q,2U-1,1-2 BREAK_DOWN,bear,162.9,292.5,5,False,1,Bearish Candle,ALERT if price < 162.9 (inside break DOWN); stop > 292.5,Inside bar break DOWN (1-2),3,1,2U,2U,1,Unknown,Unknown,SMH,1,SMH
2026-10-07 16:23:57 EDT,MRVL,https://finance.yahoo.com/quote/MRVL/chart,284.73,M,1-2U,REVSTRAT 1-2-2 (watch 2D),bear,200.62,267.48,5,False,2U,Bullish Marubozu-like,ALERT if price < 200.62 (RevStrat bear); stop > 267.48,RevStrat after 1-2U: watch for 2D reversal (1-2U-2D),3,1,2U,2U,1,Unknown,Unknown,SMH,1,SMH
2026-10-07 16:23:57 EDT,MRVL,https://finance.yahoo.com/quote/MRVL/chart,284.73,D,3-1,1-2 BREAK_UP,bull,287.03,276.5,5,True,1,Bullish Candle,ALERT if price > 287.03 (inside break UP); stop < 276.5,Inside bar break UP (1-2),3,1,2U,2U,1,Unknown,Unknown,SMH,1,SMH
2026-10-07 16:23:57 EDT,MRVL,https://finance.yahoo.com/quote/MRVL/chart,284.73,D,3-1,1-2 BREAK_DOWN,bear,276.5,287.03,5,False,1,Bullish Candle,ALERT if price < 276.5 (inside break DOWN); stop > 287.03,Inside bar break DOWN (1-2),3,1,2U,2U,1,Unknown,Unknown,SMH,1,SMH
2026-10-07 16:23:57 EDT,MRVL,https://finance.yahoo.com/quote/MRVL/chart,284.73,3H,2D-1,1-2 BREAK_UP,bull,284.25,280.0,5,True,1,Bullish Candle,ALERT if price > 284.25 (inside break UP); stop < 280.0,Inside bar break UP (1-2),3,1,2U,2U,1,Unknown,Unknown,SMH,1,SMH
2026-10-07 16:23:57 EDT,MRVL,https://finance.yahoo.com/quote/MRVL/chart,284.73,3H,2D-1,1-2 BREAK_DOWN,bear,280.0,284.25,5,False,1,Bullish Candle,ALERT if price < 280.0 (inside break DOWN); stop > 284.25,Inside bar break DOWN (1-2),3,1,2U,2U,1,Unknown,Unknown,SMH,1,SMH
2026-10-07 16:23:57 EDT,DB,https://finance.yahoo.com/quote/DB/chart,33.56,Q,1-2U,REVSTRAT 1-2-2 (watch 2D),bear,33.65,41.62,6,False,2U,Bullish Inverted Hammer-like,ALERT if price < 33.65 (RevStrat bear); stop > 41.62,RevStrat after 1-2U: watch for 2D reversal (1-2U-2D),2U,2U,3,2D,2D,Unknown,Unknown,,0,
2026-10-07 16:23:57 EDT,DB,https://finance.yahoo.com/quote/DB/chart,33.56,M,2U-3,3-2 BREAK_UP,bull,41.62,35.16,6,True,3,Bearish Candle,ALERT if price > 41.62 (outside break UP); stop < 35.16,Outside bar break UP (3-2),2U,2U,3,2D,2D,Unknown,Unknown,,0,
2026-10-07 16:23:57 EDT,DB,https://finance.yahoo.com/quote/DB/chart,33.56,M,2U-3,3-2 BREAK_DOWN,bear,35.16,41.62,6,False,3,Bearish Candle,ALERT if price < 35.16 (outside break DOWN); stop > 41.62,Outside bar break DOWN (3-2),2U,2U,3,2D,2D,Unknown,Unknown,,0,
2026-10-07 16:23:57 EDT,DB,https://finance.yahoo.com/quote/DB/chart,33.56,4H,2D-1,1-2 BREAK_UP,bull,33.61,33.43,6,True,1,Bullish Candle,ALERT if price > 33.61 (inside break UP); stop < 33.43,Inside bar break UP (1-2),2U,2U,3,2D,2D,Unknown,Unknown,,0,
2026-10-07 16:23:57 EDT,DB,https://finance.yahoo.com/quote/DB/chart,33.56,4H,2D-1,1-2 BREAK_DOWN,bear,33.43,33.61,6,False,1,Bullish Candle,ALERT if price < 33.43 (inside break DOWN); stop > 33.61,Inside bar break DOWN (1-2),2U,2U,3,2D,2D,Unknown,Unknown,,0,
2026-10-07 16:23:57 EDT,DB,https://finance.yahoo.com/quote/DB/chart,33.56,3H,2D-1,1-2 BREAK_UP,bull,33.61,33.31,6,True,1,Bullish Candle,ALERT if price > 33.61 (inside break UP); stop < 33.31,Inside bar break UP (1-2),2U,2U,3,2D,2D,Unknown,Unknown,,0,
2026-10-07 16:23:57 EDT,DB,https://finance.yahoo.com/quote/DB/chart,33.56,3H,2D-1,1-2 BREAK_DOWN,bear,33.31,33.61,6,False,1,Bullish Candle,ALERT if price < 33.31 (inside break DOWN); stop > 33.61,Inside bar break DOWN (1-2),2U,2U,3,2D,2D,Unknown,Unknown,,0,
2026-10-07 16:23:57 EDT,DB,https://finance.yahoo.com/quote/DB/chart,33.56,2H,1-1,1-2 BREAK_UP,bull,33.58,33.47,6,True,1,Bullish Candle,ALERT if price > 33.58 (inside break UP); stop < 33.47,Inside bar break UP (1-2),2U,2U,3,2D,2D,Unknown,Unknown,,0,
2026-10-07 16:23:57 EDT,DB,https://finance.yahoo.com/quote/DB/chart,33.56,2H,1-1,1-2 BREAK_DOWN,bear,33.47,33.58,6,False,1,Bullish Candle,ALERT if price < 33.47 (inside break DOWN); stop > 33.58,Inside bar break DOWN (1-2),2U,2U,3,2D,2D,Unknown,Unknown,,0,
2026-10-07 16:23:57 EDT,DB,https://finance.yahoo.com/quote/DB/chart,33.56,1H,3-2U,REVSTRAT 3-2-2 (watch 2D),bear,33.53,33.58,6,False,2U,Doji,ALERT if price < 33.53 (RevStrat bear); stop > 33.58,RevStrat after 3-2U: watch for 2D reversal (3-2U-2D),2U,2U,3,2D,2D,Unknown,Unknown,,0,
2026-10-07 16:23:57 EDT,PBR,https://finance.yahoo.com/quote/PBR/chart,24.0,D,1-3,3-2 BREAK_UP,bull,24.24,23.6,-4,False,3,Bullish Candle,ALERT if price > 24.24 (outside break UP); stop < 23.6,Outside bar break UP (3-2),2D,2D,2U,2U,3,Unknown,Unknown,,0,
2026-10-07 16:23:57 EDT,PBR,https://finance.yahoo.com/quote/PBR/chart,24.0,D,1-3,3-2 BREAK_DOWN,bear,23.6,24.24,-4,True,3,Bullish Candle,ALERT if price < 23.6 (outside break DOWN); stop > 24.24,Outside bar break DOWN (3-2),2D,2D,2U,2U,3,Unknown,Unknown,,0,
2026-10-07 16:23:57 EDT,PBR,https://finance.yahoo.com/quote/PBR/chart,24.0,3H,2D-3,3-2 BREAK_UP,bull,24.18,23.6,-4,False,3,Bullish Candle,ALERT if price > 24.18 (outside break UP); stop < 23.6,Outside bar break UP (3-2),2D,2D,2U,2U,3,Unknown,Unknown,,0,
2026-10-07 16:23:57 EDT,PBR,https://finance.yahoo.com/quote/PBR/chart,24.0,3H,2D-3,3-2 BREAK_DOWN,bear,23.6,24.18,-4,True,3,Bullish Candle,ALERT if price < 23.6 (outside break DOWN); stop > 24.18,Outside bar break DOWN (3-2),2D,2D,2U,2U,3,Unknown,Unknown,,0,
2026-10-07 16:23:57 EDT,MNST,https://finance.yahoo.com/quote/MNST/chart,42.87,Y,3-2U,REVSTRAT 3-2-2 (watch 2D),bear,22.85,39.15,3,False,2U,Bullish Candle,ALERT if price < 22.85 (RevStrat bear); stop > 39.15,RevStrat after 3-2U: watch for 2D reversal (3-2U-2D),2U,2U,2D,2D,2D,Consumer Staples,Unknown,XLP,1,XLP
2026-10-07 16:23:57 EDT,MNST,https://finance.yahoo.com/quote/MNST/chart,42.87,D,1-2D,REVSTRAT 1-2-2 (watch 2U),bull,43.46,42.56,3,True,2D,Bearish Candle,ALERT if price > 43.46 (RevStrat bull); stop < 42.56,RevStrat after 1-2D: watch for 2U reversal (1-2D-2U),2U,2U,2D,2D,2D,Consumer Staples,Unknown,XLP,1,XLP
2026-10-07 16:23:57 EDT,MNST,https://finance.yahoo.com/quote/MNST/chart,42.87,4H,3-1,1-2 BREAK_UP,bull,43.01,42.61,3,True,1,Bearish Candle,ALERT if price > 43.01 (inside break UP); stop < 42.61,Inside bar break UP (1-2),2U,2U,2D,2D,2D,Consumer Staples,Unknown,XLP,1,XLP
2026-10-07 16:23:57 EDT,MNST,https://finance.yahoo.com/quote/MNST/chart,42.87,4H,3-1,1-2 BREAK_DOWN,bear,42.61,43.01,3,False,1,Bearish Candle,ALERT if price < 42.61 (inside break DOWN); stop > 43.01,Inside bar break DOWN (1-2),2U,2U,2D,2D,2D,Consumer Staples,Unknown,XLP,1,XLP
2026-10-07 16:23:57 EDT,MNST,https://finance.yahoo.com/quote/MNST/chart,42.87,3H,3-1,1-2 BREAK_UP,bull,43.06,42.77,3,True,1,Doji,ALERT if price > 43.06 (inside break UP); stop < 42.77,Inside bar break UP (1-2),2U,2U,2D,2D,2D,Consumer Staples,Unknown,XLP,1,XLP
2026-10-07 16:23:57 EDT,MNST,https://finance.yahoo.com/quote/MNST/chart,42.87,3H,3-1,1-2 BREAK_DOWN,bear,42.77,43.06,3,False,1,Doji,ALERT if price < 42.77 (inside break DOWN); stop > 43.06,Inside bar break DOWN (1-2),2U,2U,2D,2D,2D,Consumer Staples,Unknown,XLP,1,XLP
2026-10-07 16:23:57 EDT,MNST,https://finance.yahoo.com/quote/MNST/chart,42.87,2H,1-2D,REVSTRAT 1-2-2 (watch 2U),bull,42.9,42.61,3,True,2D,Bullish Candle,ALERT if price > 42.9 (RevStrat bull); stop < 42.61,RevStrat after 1-2D: watch for 2U reversal (1-2D-2U),2U,2U,2D,2D,2D,Consumer Staples,Unknown,XLP,1,XLP
2026-10-07 16:23:57 EDT,MNST,https://finance.yahoo.com/quote/MNST/chart,42.87,1H,2D-3,3-2 BREAK_UP,bull,42.9,42.61,3,True,3,Bullish Candle,ALERT if price > 42.9 (outside break UP); stop < 42.61,Outside bar break UP (3-2),2U,2U,2D,2D,2D,Consumer Staples,Unknown,XLP,1,XLP
2026-10-07 16:23:57 EDT,MNST,https://finance.yahoo.com/quote/MNST/chart,42.87,1H,2D-3,3-2 BREAK_DOWN,bear,42.61,42.9,3,False,3,Bullish Candle,ALERT if price < 42.61 (outside break DOWN); stop > 42.9,Outside bar break DOWN (3-2),2U,2U,2D,2D,2D,Consumer Staples,Unknown,XLP,1,XLP
2026-10-07 16:23:57 EDT,ITW,https://finance.yahoo.com/quote/ITW/chart,261.12,M,1-2D,REVSTRAT 1-2-2 (watch 2U),bull,276.76,257.23,-7,False,2D,Bearish Marubozu-like,ALERT if price > 276.76 (RevStrat bull); stop < 257.23,RevStrat after 1-2D: watch for 2U reversal (1-2D-2U),2D,2U,2D,2D,2D,Unknown,Unknown,,0,
2026-10-07 16:23:57 EDT,ITW,https://finance.yahoo.com/quote/ITW/chart,261.12,4H,2D-1,1-2 BREAK_UP,bull,262.53,261.0,-7,False,1,Bearish Candle,ALERT if price > 262.53 (inside break UP); stop < 261.0,Inside bar break UP (1-2),2D,2U,2D,2D,2D,Unknown,Unknown,,0,
2026-10-07 16:23:57 EDT,ITW,https://finance.yahoo.com/quote/ITW/chart,261.12,4H,2D-1,1-2 BREAK_DOWN,bear,261.0,262.53,-7,True,1,Bearish Candle,ALERT if price < 261.0 (inside break DOWN); stop > 262.53,Inside bar break DOWN (1-2),2D,2U,2D,2D,2D,Unknown,Unknown,,0,
2026-10-07 16:23:57 EDT,ITW,https://finance.yahoo.com/quote/ITW/chart,261.12,2H,1-2D,REVSTRAT 1-2-2 (watch 2U),bull,262.46,261.0,-7,False,2D,Bearish Candle,ALERT if price > 262.46 (RevStrat bull); stop < 261.0,RevStrat after 1-2D: watch for 2U reversal (1-2D-2U),2D,2U,2D,2D,2D,Unknown,Unknown,,0,
2026-10-07 16:23:57 EDT,PBR-A,https://finance.yahoo.com/quote/PBR-A/chart,21.7,W,2D-3,3-2 BREAK_UP,bull,19.68,18.36,-7,False,3,Bullish Candle,ALERT if price > 19.68 (outside break UP); stop < 18.36,Outside bar break UP (3-2),2D,2D,2U,3,2D,Unknown,Unknown,,0,
2026-10-07 16:23:57 EDT,PBR-A,https://finance.yahoo.com/quote/PBR-A/chart,21.7,W,2D-3,3-2 BREAK_DOWN,bear,18.36,19.68,-7,True,3,Bullish Candle,ALERT if price < 18.36 (outside break DOWN); stop > 19.68,Outside bar break DOWN (3-2),2D,2D,2U,3,2D,Unknown,Unknown,,0,
2026-10-07 16:23:57 EDT,PBR-A,https://finance.yahoo.com/quote/PBR-A/chart,21.7,D,1-2D,REVSTRAT 1-2-2 (watch 2U),bull,21.89,21.43,-7,False,2D,Doji,ALERT if price > 21.89 (RevStrat bull); stop < 21.43,RevStrat after 1-2D: watch for 2U reversal (1-2D-2U),2D,2D,2U,3,2D,Unknown,Unknown,,0,
2026-10-07 16:23:57 EDT,WMB,https://finance.yahoo.com/quote/WMB/chart,71.46,M,2D-3,3-2 BREAK_UP,bull,76.86,67.48,0,False,3,Bearish Candle,ALERT if price > 76.86 (outside break UP); stop < 67.48,Outside bar break UP (3-2),2U,2D,3,2D,2U,Energy,Unknown,XLE,1,XLE
2026-10-07 16:23:57 EDT,WMB,https://finance.yahoo.com/quote/WMB/chart,71.46,M,2D-3,3-2 BREAK_DOWN,bear,67.48,76.86,0,False,3,Bearish Candle,ALERT if price < 67.48 (outside break DOWN); stop > 76.86,Outside bar break DOWN (3-2),2U,2D,3,2D,2U,Energy,Unknown,XLE,1,XLE
2026-10-07 16:23:57 EDT,WMB,https://finance.yahoo.com/quote/WMB/chart,71.46,4H,3-1,1-2 BREAK_UP,bull,71.69,70.91,0,False,1,Bullish Candle,ALERT if price > 71.69 (inside break UP); stop < 70.91,Inside bar break UP (1-2),2U,2D,3,2D,2U,Energy,Unknown,XLE,1,XLE
2026-10-07 16:23:57 EDT,WMB,https://finance.yahoo.com/quote/WMB/chart,71.46,4H,3-1,1-2 BREAK_DOWN,bear,70.91,71.69,0,False,1,Bullish Candle,ALERT if price < 70.91 (inside break DOWN); stop > 71.69,Inside bar break DOWN (1-2),2U,2D,3,2D,2U,Energy,Unknown,XLE,1,XLE
2026-10-07 16:23:57 EDT,WMB,https://finance.yahoo.com/quote/WMB/chart,71.46,3H,3-2D,REVSTRAT 3-2-2 (watch 2U),bull,71.55,70.83,0,False,2D,Bullish Candle,ALERT if price > 71.55 (RevStrat bull); stop < 70.83,RevStrat after 3-2D: watch for 2U reversal (3-2D-2U),2U,2D,3,2D,2U,Energy,Unknown,XLE,1,XLE
2026-10-07 16:23:57 EDT,WMB,https://finance.yahoo.com/quote/WMB/chart,71.46,1H,2U-1,1-2 BREAK_UP,bull,71.63,71.39,0,False,1,Bearish Candle,ALERT if price > 71.63 (inside break UP); stop < 71.39,Inside bar break UP (1-2),2U,2D,3,2D,2U,Energy,Unknown,XLE,1,XLE
2026-10-07 16:23:57 EDT,WMB,https://finance.yahoo.com/quote/WMB/chart,71.46,1H,2U-1,1-2 BREAK_DOWN,bear,71.39,71.63,0,False,1,Bearish Candle,ALERT if price < 71.39 (inside break DOWN); stop > 71.63,Inside bar break DOWN (1-2),2U,2D,3,2D,2U,Energy,Unknown,XLE,1,XLE
2026-10-07 16:23:57 EDT,FDX,https://finance.yahoo.com/quote/FDX/chart,289.04,W,2D-1,1-2 BREAK_UP,bull,290.84,283.2,-11,False,1,Bullish Candle,ALERT if price > 290.84 (inside break UP); stop < 283.2,Inside bar break UP (1-2),2D,2D,2D,1,2U,Industrials,Unknown,XLI,1,XLI
2026-10-07 16:23:57 EDT,FDX,https://finance.yahoo.com/quote/FDX/chart,289.04,W,2D-1,1-2 BREAK_DOWN,bear,283.2,290.84,-11,True,1,Bullish Candle,ALERT if price < 283.2 (inside break DOWN); stop > 290.84,Inside bar break DOWN (1-2),2D,2D,2D,1,2U,Industrials,Unknown,XLI,1,XLI
2026-10-07 16:23:57 EDT,FDX,https://finance.yahoo.com/quote/FDX/chart,289.04,D,1-2U,REVSTRAT 1-2-2 (watch 2D),bear,287.18,290.63,-11,True,2U,Bullish Candle,ALERT if price < 287.18 (RevStrat bear); stop > 290.63,RevStrat after 1-2U: watch for 2D reversal (1-2U-2D),2D,2D,2D,1,2U,Industrials,Unknown,XLI,1,XLI
2026-10-07 16:23:57 EDT,FDX,https://finance.yahoo.com/quote/FDX/chart,289.04,4H,2U-1,1-2 BREAK_UP,bull,290.06,288.24,-11,False,1,Doji,ALERT if price > 290.06 (inside break UP); stop < 288.24,Inside bar break UP (1-2),2D,2D,2D,1,2U,Industrials,Unknown,XLI,1,XLI
2026-10-07 16:23:57 EDT,FDX,https://finance.yahoo.com/quote/FDX/chart,289.04,4H,2U-1,1-2 BREAK_DOWN,bear,288.24,290.06,-11,True,1,Doji,ALERT if price < 288.24 (inside break DOWN); stop > 290.06,Inside bar break DOWN (1-2),2D,2D,2D,1,2U,Industrials,Unknown,XLI,1,XLI
2026-10-07 16:23:57 EDT,FDX,https://finance.yahoo.com/quote/FDX/chart,289.04,3H,3-1,1-2 BREAK_UP,bull,289.87,287.89,-11,False,1,Bullish Candle,ALERT if price > 289.87 (inside break UP); stop < 287.89,Inside bar break UP (1-2),2D,2D,2D,1,2U,Industrials,Unknown,XLI,1,XLI
2026-10-07 16:23:57 EDT,FDX,https://finance.yahoo.com/quote/FDX/chart,289.04,3H,3-1,1-2 BREAK_DOWN,bear,287.89,289.87,-11,True,1,Bullish Candle,ALERT if price < 287.89 (inside break DOWN); stop > 289.87,Inside bar break DOWN (1-2),2D,2D,2D,1,2U,Industrials,Unknown,XLI,1,XLI
2026-10-07 16:23:57 EDT,FDX,https://finance.yahoo.com/quote/FDX/chart,289.04,2H,1-3,3-2 BREAK_UP,bull,290.06,288.24,-11,False,3,Bearish Candle,ALERT if price > 290.06 (outside break UP); stop < 288.24,Outside bar break UP (3-2),2D,2D,2D,1,2U,Industrials,Unknown,XLI,1,XLI
2026-10-07 16:23:57 EDT,FDX,https://finance.yahoo.com/quote/FDX/chart,289.04,2H,1-3,3-2 BREAK_DOWN,bear,288.24,290.06,-11,True,3,Bearish Candle,ALERT if price < 288.24 (outside break DOWN); stop > 290.06,Outside bar break DOWN (3-2),2D,2D,2D,1,2U,Industrials,Unknown,XLI,1,XLI
2026-10-07 16:23:57 EDT,FDX,https://finance.yahoo.com/quote/FDX/chart,289.04,1H,3-2U,REVSTRAT 3-2-2 (watch 2D),bear,288.82,290.06,-11,True,2U,Doji,ALERT if price < 288.82 (RevStrat bear); stop > 290.06,RevStrat after 3-2U: watch for 2D reversal (3-2U-2D),2D,2D,2D,1,2U,Industrials,Unknown,XLI,1,XLI
2026-10-07 16:23:57 EDT,INFY,https://finance.yahoo.com/quote/INFY/chart,10.56,Y,2U-3,3-2 BREAK_UP,bull,30.0,15.82,-6,False,3,Bearish Candle,ALERT if price > 30.0 (outside break UP); stop < 15.82,Outside bar break UP (3-2),3,2D,2D,2U,2D,Unknown,Unknown,,0,
2026-10-07 16:23:57 EDT,INFY,https://finance.yahoo.com/quote/INFY/chart,10.56,Y,2U-3,3-2 BREAK_DOWN,bear,15.82,30.0,-6,True,3,Bearish Candle,ALERT if price < 15.82 (outside break DOWN); stop > 30.0,Outside bar break DOWN (3-2),3,2D,2D,2U,2D,Unknown,Unknown,,0,
2026-10-07 16:23:57 EDT,STX,https://finance.yahoo.com/quote/STX/chart,807.6,Y,2U-3,3-2 BREAK_UP,bull,308.93,63.19,-4,False,3,Bullish Candle,ALERT if price > 308.93 (outside break UP); stop < 63.19,Outside bar break UP (3-2),3,1,2D,3,2D,Unknown,Unknown,,0,
2026-10-07 16:23:57 EDT,STX,https://finance.yahoo.com/quote/STX/chart,807.6,Y,2U-3,3-2 BREAK_DOWN,bear,63.19,308.93,-4,True,3,Bullish Candle,ALERT if price < 63.19 (outside break DOWN); stop > 308.93,Outside bar break DOWN (3-2),3,1,2D,3,2D,Unknown,Unknown,,0,
2026-10-07 16:23:57 EDT,STX,https://finance.yahoo.com/quote/STX/chart,807.6,Q,2U-1,1-2 BREAK_UP,bull,1013.99,698.99,-4,False,1,Doji,ALERT if price > 1013.99 (inside break UP); stop < 698.99,Inside bar break UP (1-2),3,1,2D,3,2D,Unknown,Unknown,,0,
2026-10-07 16:23:57 EDT,STX,https://finance.yahoo.com/quote/STX/chart,807.6,Q,2U-1,1-2 BREAK_DOWN,bear,698.99,1013.99,-4,True,1,Doji,ALERT if price < 698.99 (inside break DOWN); stop > 1013.99,Inside bar break DOWN (1-2),3,1,2D,3,2D,Unknown,Unknown,,0,
2026-10-07 16:23:57 EDT,STX,https://finance.yahoo.com/quote/STX/chart,807.6,W,2U-3,3-2 BREAK_UP,bull,946.36,791.75,-4,False,3,Bearish Candle,ALERT if price > 946.36 (outside break UP); stop < 791.75,Outside bar break UP (3-2),3,1,2D,3,2D,Unknown,Unknown,,0,
2026-10-07 16:23:57 EDT,STX,https://finance.yahoo.com/quote/STX/chart,807.6,W,2U-3,3-2 BREAK_DOWN,bear,791.75,946.36,-4,True,3,Bearish Candle,ALERT if price < 791.75 (outside break DOWN); stop > 946.36,Outside bar break DOWN (3-2),3,1,2D,3,2D,Unknown,Unknown,,0,
2026-10-07 16:23:57 EDT,STX,https://finance.yahoo.com/quote/STX/chart,807.6,4H,2D-1,1-2 BREAK_UP,bull,808.4,796.08,-4,False,1,Bullish Candle,ALERT if price > 808.4 (inside break UP); stop < 796.08,Inside bar break UP (1-2),3,1,2D,3,2D,Unknown,Unknown,,0,
2026-10-07 16:23:57 EDT,STX,https://finance.yahoo.com/quote/STX/chart,807.6,4H,2D-1,1-2 BREAK_DOWN,bear,796.08,808.4,-4,True,1,Bullish Candle,ALERT if price < 796.08 (inside break DOWN); stop > 808.4,Inside bar break DOWN (1-2),3,1,2D,3,2D,Unknown,Unknown,,0,
2026-10-07 16:23:57 EDT,STX,https://finance.yahoo.com/quote/STX/chart,807.6,2H,1-2U,REVSTRAT 1-2-2 (watch 2D),bear,796.82,808.4,-4,True,2U,Bullish Candle,ALERT if price < 796.82 (RevStrat bear); stop > 808.4,RevStrat after 1-2U: watch for 2D reversal (1-2U-2D),3,1,2D,3,2D,Unknown,Unknown,,0,
2026-10-07 16:23:57 EDT,NWG,https://finance.yahoo.com/quote/NWG/chart,17.25,Q,1-2U,REVSTRAT 1-2-2 (watch 2D),bear,17.22,19.42,3,False,2U,Bullish Candle,ALERT if price < 17.22 (RevStrat bear); stop > 19.42,RevStrat after 1-2U: watch for 2D reversal (1-2U-2D),2U,2U,2D,2D,2D,Unknown,Unknown,,0,
2026-10-07 16:23:57 EDT,NWG,https://finance.yahoo.com/quote/NWG/chart,17.25,W,3-2D,REVSTRAT 3-2-2 (watch 2U),bull,18.56,17.01,3,True,2D,Bearish Candle,ALERT if price > 18.56 (RevStrat bull); stop < 17.01,RevStrat after 3-2D: watch for 2U reversal (3-2D-2U),2U,2U,2D,2D,2D,Unknown,Unknown,,0,
2026-10-07 16:23:57 EDT,NWG,https://finance.yahoo.com/quote/NWG/chart,17.25,2H,2U-1,1-2 BREAK_UP,bull,17.29,17.24,3,True,1,Bearish Candle,ALERT if price > 17.29 (inside break UP); stop < 17.24,Inside bar break UP (1-2),2U,2U,2D,2D,2D,Unknown,Unknown,,0,
2026-10-07 16:23:57 EDT,NWG,https://finance.yahoo.com/quote/NWG/chart,17.25,2H,2U-1,1-2 BREAK_DOWN,bear,17.24,17.29,3,False,1,Bearish Candle,ALERT if price < 17.24 (inside break DOWN); stop > 17.29,Inside bar break DOWN (1-2),2U,2U,2D,2D,2D,Unknown,Unknown,,0,
2026-10-07 16:23:57 EDT,SPG,https://finance.yahoo.com/quote/SPG/chart,197.54,W,1-2D,REVSTRAT 1-2-2 (watch 2U),bull,206.2,198.41,3,True,2D,Bearish Candle,ALERT if price > 206.2 (RevStrat bull); stop < 198.41,RevStrat after 1-2D: watch for 2U reversal (1-2D-2U),2U,2U,2D,2D,2D,Real Estate,Unknown,,0,
2026-10-07 16:23:57 EDT,SPG,https://finance.yahoo.com/quote/SPG/chart,197.54,3H,3-2D,REVSTRAT 3-2-2 (watch 2U),bull,199.76,198.36,3,True,2D,Bearish Candle,ALERT if price > 199.76 (RevStrat bull); stop < 198.36,RevStrat after 3-2D: watch for 2U reversal (3-2D-2U),2U,2U,2D,2D,2D,Real Estate,Unknown,,0,
2026-10-07 16:23:57 EDT,JCI,https://finance.yahoo.com/quote/JCI/chart,155.89,4H,2D-1,1-2 BREAK_UP,bull,156.82,155.56,7,True,1,Bullish Candle,ALERT if price > 156.82 (inside break UP); stop < 155.56,Inside bar break UP (1-2),2U,2U,2D,2U,2D,Industrials,Unknown,XLI,1,XLI
2026-10-07 16:23:57 EDT,JCI,https://finance.yahoo.com/quote/JCI/chart,155.89,4H,2D-1,1-2 BREAK_DOWN,bear,155.56,156.82,7,False,1,Bullish Candle,ALERT if price < 155.56 (inside break DOWN); stop > 156.82,Inside bar break DOWN (1-2),2U,2U,2D,2U,2D,Industrials,Unknown,XLI,1,XLI
2026-10-07 16:23:57 EDT,JCI,https://finance.yahoo.com/quote/JCI/chart,155.89,3H,2D-1,1-2 BREAK_UP,bull,156.62,154.85,7,True,1,Bullish Marubozu-like,ALERT if price > 156.62 (inside break UP); stop < 154.85,Inside bar break UP (1-2),2U,2U,2D,2U,2D,Industrials,Unknown,XLI,1,XLI
2026-10-07 16:23:57 EDT,JCI,https://finance.yahoo.com/quote/JCI/chart,155.89,3H,2D-1,1-2 BREAK_DOWN,bear,154.85,156.62,7,False,1,Bullish Marubozu-like,ALERT if price < 154.85 (inside break DOWN); stop > 156.62,Inside bar break DOWN (1-2),2U,2U,2D,2U,2D,Industrials,Unknown,XLI,1,XLI
2026-10-07 16:23:57 EDT,JCI,https://finance.yahoo.com/quote/JCI/chart,155.89,1H,3-2D,REVSTRAT 3-2-2 (watch 2U),bull,156.59,155.76,7,True,2D,Bearish Candle,ALERT if price > 156.59 (RevStrat bull); stop < 155.76,RevStrat after 3-2D: watch for 2U reversal (3-2D-2U),2U,2U,2D,2U,2D,Industrials,Unknown,XLI,1,XLI
2026-10-07 16:23:57 EDT,NET,https://finance.yahoo.com/quote/NET/chart,342.82,M,2U-3,3-2 BREAK_UP,bull,367.43,269.3,8,True,3,Bullish Candle,ALERT if price > 367.43 (outside break UP); stop < 269.3,Outside bar break UP (3-2),2U,2U,3,1,2D,Unknown,Unknown,,0,
2026-10-07 16:23:57 EDT,NET,https://finance.yahoo.com/quote/NET/chart,342.82,M,2U-3,3-2 BREAK_DOWN,bear,269.3,367.43,8,False,3,Bullish Candle,ALERT if price < 269.3 (outside break DOWN); stop > 367.43,Outside bar break DOWN (3-2),2U,2U,3,1,2D,Unknown,Unknown,,0,
2026-10-07 16:23:57 EDT,NET,https://finance.yahoo.com/quote/NET/chart,342.82,W,2U-1,1-2 BREAK_UP,bull,357.64,338.67,8,True,1,Bullish Candle,ALERT if price > 357.64 (inside break UP); stop < 338.67,Inside bar break UP (1-2),2U,2U,3,1,2D,Unknown,Unknown,,0,
2026-10-07 16:23:57 EDT,NET,https://finance.yahoo.com/quote/NET/chart,342.82,W,2U-1,1-2 BREAK_DOWN,bear,338.67,357.64,8,False,1,Bullish Candle,ALERT if price < 338.67 (inside break DOWN); stop > 357.64,Inside bar break DOWN (1-2),2U,2U,3,1,2D,Unknown,Unknown,,0,
2026-10-07 16:23:57 EDT,NET,https://finance.yahoo.com/quote/NET/chart,342.82,3H,2D-1,1-2 BREAK_UP,bull,349.89,345.12,8,True,1,Bearish Candle,ALERT if price > 349.89 (inside break UP); stop < 345.12,Inside bar break UP (1-2),2U,2U,3,1,2D,Unknown,Unknown,,0,
2026-10-07 16:23:57 EDT,NET,https://finance.yahoo.com/quote/NET/chart,342.82,3H,2D-1,1-2 BREAK_DOWN,bear,345.12,349.89,8,False,1,Bearish Candle,ALERT if price < 345.12 (inside break DOWN); stop > 349.89,Inside bar break DOWN (1-2),2U,2U,3,1,2D,Unknown,Unknown,,0,
2026-10-07 16:23:57 EDT,NET,https://finance.yahoo.com/quote/NET/chart,342.82,2H,3-2D,REVSTRAT 3-2-2 (watch 2U),bull,345.42,341.78,8,True,2D,Bearish Candle,ALERT if price > 345.42 (RevStrat bull); stop < 341.78,RevStrat after 3-2D: watch for 2U reversal (3-2D-2U),2U,2U,3,1,2D,Unknown,Unknown,,0,
2026-10-07 16:23:57 EDT,EPD,https://finance.yahoo.com/quote/EPD/chart,36.92,Y,2U-1,1-2 BREAK_UP,bull,34.53,27.77,-5,False,1,Doji,ALERT if price > 34.53 (inside break UP); stop < 27.77,Inside bar break UP (1-2),1,2D,3,2D,2U,Unknown,Unknown,,0,
2026-10-07 16:23:57 EDT,EPD,https://finance.yahoo.com/quote/EPD/chart,36.92,Y,2U-1,1-2 BREAK_DOWN,bear,27.77,34.53,-5,True,1,Doji,ALERT if price < 27.77 (inside break DOWN); stop > 34.53,Inside bar break DOWN (1-2),1,2D,3,2D,2U,Unknown,Unknown,,0,
2026-10-07 16:23:57 EDT,EPD,https://finance.yahoo.com/quote/EPD/chart,36.92,M,1-3,3-2 BREAK_UP,bull,39.69,35.58,-5,False,3,Bearish Candle,ALERT if price > 39.69 (outside break UP); stop < 35.58,Outside bar break UP (3-2),1,2D,3,2D,2U,Unknown,Unknown,,0,
2026-10-07 16:23:57 EDT,EPD,https://finance.yahoo.com/quote/EPD/chart,36.92,M,1-3,3-2 BREAK_DOWN,bear,35.58,39.69,-5,True,3,Bearish Candle,ALERT if price < 35.58 (outside break DOWN); stop > 39.69,Outside bar break DOWN (3-2),1,2D,3,2D,2U,Unknown,Unknown,,0,
2026-10-07 16:23:57 EDT,EPD,https://finance.yahoo.com/quote/EPD/chart,36.92,4H,3-2D,REVSTRAT 3-2-2 (watch 2U),bull,36.99,36.78,-5,False,2D,Bullish Candle,ALERT if price > 36.99 (RevStrat bull); stop < 36.78,RevStrat after 3-2D: watch for 2U reversal (3-2D-2U),1,2D,3,2D,2U,Unknown,Unknown,,0,
2026-10-07 16:23:57 EDT,EPD,https://finance.yahoo.com/quote/EPD/chart,36.92,3H,3-2D,REVSTRAT 3-2-2 (watch 2U),bull,36.99,36.79,-5,False,2D,Bearish Candle,ALERT if price > 36.99 (RevStrat bull); stop < 36.79,RevStrat after 3-2D: watch for 2U reversal (3-2D-2U),1,2D,3,2D,2U,Unknown,Unknown,,0,
2026-10-07 16:23:57 EDT,HLT,https://finance.yahoo.com/quote/HLT/chart,320.46,Q,2U-1,1-2 BREAK_UP,bull,342.98,300.0,4,True,1,Bearish Candle,ALERT if price > 342.98 (inside break UP); stop < 300.0,Inside bar break UP (1-2),2U,1,2D,2U,1,Consumer Discretionary,Unknown,XLY,1,XLY
2026-10-07 16:23:57 EDT,HLT,https://finance.yahoo.com/quote/HLT/chart,320.46,Q,2U-1,1-2 BREAK_DOWN,bear,300.0,342.98,4,False,1,Bearish Candle,ALERT if price < 300.0 (inside break DOWN); stop > 342.98,Inside bar break DOWN (1-2),2U,1,2D,2U,1,Consumer Discretionary,Unknown,XLY,1,XLY
2026-10-07 16:23:57 EDT,HLT,https://finance.yahoo.com/quote/HLT/chart,320.46,D,2U-1,1-2 BREAK_UP,bull,322.81,319.91,4,True,1,Bearish Candle,ALERT if price > 322.81 (inside break UP); stop < 319.91,Inside bar break UP (1-2),2U,1,2D,2U,1,Consumer Discretionary,Unknown,XLY,1,XLY
2026-10-07 16:23:57 EDT,HLT,https://finance.yahoo.com/quote/HLT/chart,320.46,D,2U-1,1-2 BREAK_DOWN,bear,319.91,322.81,4,False,1,Bearish Candle,ALERT if price < 319.91 (inside break DOWN); stop > 322.81,Inside bar break DOWN (1-2),2U,1,2D,2U,1,Consumer Discretionary,Unknown,XLY,1,XLY
2026-10-07 16:23:57 EDT,HLT,https://finance.yahoo.com/quote/HLT/chart,320.46,4H,2D-1,1-2 BREAK_UP,bull,322.0,319.91,4,True,1,Bearish Candle,ALERT if price > 322.0 (inside break UP); stop < 319.91,Inside bar break UP (1-2),2U,1,2D,2U,1,Consumer Discretionary,Unknown,XLY,1,XLY
2026-10-07 16:23:57 EDT,HLT,https://finance.yahoo.com/quote/HLT/chart,320.46,4H,2D-1,1-2 BREAK_DOWN,bear,319.91,322.0,4,False,1,Bearish Candle,ALERT if price < 319.91 (inside break DOWN); stop > 322.0,Inside bar break DOWN (1-2),2U,1,2D,2U,1,Consumer Discretionary,Unknown,XLY,1,XLY
2026-10-07 16:23:57 EDT,HLT,https://finance.yahoo.com/quote/HLT/chart,320.46,3H,2D-1,1-2 BREAK_UP,bull,322.0,320.12,4,True,1,Bullish Candle,ALERT if price > 322.0 (inside break UP); stop < 320.12,Inside bar break UP (1-2),2U,1,2D,2U,1,Consumer Discretionary,Unknown,XLY,1,XLY
2026-10-07 16:23:57 EDT,HLT,https://finance.yahoo.com/quote/HLT/chart,320.46,3H,2D-1,1-2 BREAK_DOWN,bear,320.12,322.0,4,False,1,Bullish Candle,ALERT if price < 320.12 (inside break DOWN); stop > 322.0,Inside bar break DOWN (1-2),2U,1,2D,2U,1,Consumer Discretionary,Unknown,XLY,1,XLY
2026-10-07 16:23:57 EDT,HLT,https://finance.yahoo.com/quote/HLT/chart,320.46,2H,1-2D,REVSTRAT 1-2-2 (watch 2U),bull,321.48,319.91,4,True,2D,Bearish Candle,ALERT if price > 321.48 (RevStrat bull); stop < 319.91,RevStrat after 1-2D: watch for 2U reversal (1-2D-2U),2U,1,2D,2U,1,Consumer Discretionary,Unknown,XLY,1,XLY
2026-10-07 16:23:57 EDT,TEL,https://finance.yahoo.com/quote/TEL/chart,215.85,Y,2U-3,3-2 BREAK_UP,bull,250.67,116.3,-3,False,3,Bullish Candle,ALERT if price > 250.67 (outside break UP); stop < 116.3,Outside bar break UP (3-2),3,2D,1,2U,2D,Unknown,Unknown,,0,
2026-10-07 16:23:57 EDT,TEL,https://finance.yahoo.com/quote/TEL/chart,215.85,Y,2U-3,3-2 BREAK_DOWN,bear,116.3,250.67,-3,True,3,Bullish Candle,ALERT if price < 116.3 (outside break DOWN); stop > 250.67,Outside bar break DOWN (3-2),3,2D,1,2U,2D,Unknown,Unknown,,0,
2026-10-07 16:23:57 EDT,TEL,https://finance.yahoo.com/quote/TEL/chart,215.85,M,2U-1,1-2 BREAK_UP,bull,219.63,199.82,-3,False,1,Bullish Candle,ALERT if price > 219.63 (inside break UP); stop < 199.82,Inside bar break UP (1-2),3,2D,1,2U,2D,Unknown,Unknown,,0,
2026-10-07 16:23:57 EDT,TEL,https://finance.yahoo.com/quote/TEL/chart,215.85,M,2U-1,1-2 BREAK_DOWN,bear,199.82,219.63,-3,True,1,Bullish Candle,ALERT if price < 199.82 (inside break DOWN); stop > 219.63,Inside bar break DOWN (1-2),3,2D,1,2U,2D,Unknown,Unknown,,0,
2026-10-07 16:23:57 EDT,TEL,https://finance.yahoo.com/quote/TEL/chart,215.85,4H,2D-1,1-2 BREAK_UP,bull,217.84,215.49,-3,False,1,Bearish Candle,ALERT if price > 217.84 (inside break UP); stop < 215.49,Inside bar break UP (1-2),3,2D,1,2U,2D,Unknown,Unknown,,0,
2026-10-07 16:23:57 EDT,TEL,https://finance.yahoo.com/quote/TEL/chart,215.85,4H,2D-1,1-2 BREAK_DOWN,bear,215.49,217.84,-3,True,1,Bearish Candle,ALERT if price < 215.49 (inside break DOWN); stop > 217.84,Inside bar break DOWN (1-2),3,2D,1,2U,2D,Unknown,Unknown,,0,
2026-10-07 16:23:57 EDT,TEL,https://finance.yahoo.com/quote/TEL/chart,215.85,3H,2D-1,1-2 BREAK_UP,bull,217.84,214.82,-3,False,1,Bullish Candle,ALERT if price > 217.84 (inside break UP); stop < 214.82,Inside bar break UP (1-2),3,2D,1,2U,2D,Unknown,Unknown,,0,
2026-10-07 16:23:57 EDT,TEL,https://finance.yahoo.com/quote/TEL/chart,215.85,3H,2D-1,1-2 BREAK_DOWN,bear,214.82,217.84,-3,True,1,Bullish Candle,ALERT if price < 214.82 (inside break DOWN); stop > 217.84,Inside bar break DOWN (1-2),3,2D,1,2U,2D,Unknown,Unknown,,0,
2026-10-07 16:23:57 EDT,TEL,https://finance.yahoo.com/quote/TEL/chart,215.85,1H,1-2D,REVSTRAT 1-2-2 (watch 2U),bull,216.93,215.49,-3,False,2D,Bearish Candle,ALERT if price > 216.93 (RevStrat bull); stop < 215.49,RevStrat after 1-2D: watch for 2U reversal (1-2D-2U),3,2D,1,2U,2D,Unknown,Unknown,,0,
2026-10-07 16:23:57 EDT,MDLZ,https://finance.yahoo.com/quote/MDLZ/chart,59.38,M,1-2D,REVSTRAT 1-2-2 (watch 2U),bull,63.83,57.81,-5,False,2D,Bearish Candle,ALERT if price > 63.83 (RevStrat bull); stop < 57.81,RevStrat after 1-2D: watch for 2U reversal (1-2D-2U),2D,2U,2D,2D,2U,Consumer Staples,Unknown,XLP,1,XLP
2026-10-07 16:23:57 EDT,MDLZ,https://finance.yahoo.com/quote/MDLZ/chart,59.38,3H,2U-1,1-2 BREAK_UP,bull,59.66,59.4,-5,False,1,Bearish Candle,ALERT if price > 59.66 (inside break UP); stop < 59.4,Inside bar break UP (1-2),2D,2U,2D,2D,2U,Consumer Staples,Unknown,XLP,1,XLP
2026-10-07 16:23:57 EDT,MDLZ,https://finance.yahoo.com/quote/MDLZ/chart,59.38,3H,2U-1,1-2 BREAK_DOWN,bear,59.4,59.66,-5,True,1,Bearish Candle,ALERT if price < 59.4 (inside break DOWN); stop > 59.66,Inside bar break DOWN (1-2),2D,2U,2D,2D,2U,Consumer Staples,Unknown,XLP,1,XLP
2026-10-07 16:23:57 EDT,MDLZ,https://finance.yahoo.com/quote/MDLZ/chart,59.38,2H,2U-3,3-2 BREAK_UP,bull,59.69,59.32,-5,False,3,Bearish Candle,ALERT if price > 59.69 (outside break UP); stop < 59.32,Outside bar break UP (3-2),2D,2U,2D,2D,2U,Consumer Staples,Unknown,XLP,1,XLP
2026-10-07 16:23:57 EDT,MDLZ,https://finance.yahoo.com/quote/MDLZ/chart,59.38,2H,2U-3,3-2 BREAK_DOWN,bear,59.32,59.69,-5,True,3,Bearish Candle,ALERT if price < 59.32 (outside break DOWN); stop > 59.69,Outside bar break DOWN (3-2),2D,2U,2D,2D,2U,Consumer Staples,Unknown,XLP,1,XLP
2026-10-07 16:23:57 EDT,COIN,https://finance.yahoo.com/quote/COIN/chart,178.49,1H,1-2D,REVSTRAT 1-2-2 (watch 2U),bull,178.59,177.0,1,True,2D,Bullish Candle,ALERT if price > 178.59 (RevStrat bull); stop < 177.0,RevStrat after 1-2D: watch for 2U reversal (1-2D-2U),2U,2D,2U,2D,2D,Unknown,Unknown,ARKK,1,ARKK
2026-10-07 16:23:57 EDT,AJG,https://finance.yahoo.com/quote/AJG/chart,226.96,4H,3-1,1-2 BREAK_UP,bull,228.27,226.66,5,True,1,Bearish Candle,ALERT if price > 228.27 (inside break UP); stop < 226.66,Inside bar break UP (1-2),2U,2U,2D,2D,2U,Unknown,Unknown,,0,
2026-10-07 16:23:57 EDT,AJG,https://finance.yahoo.com/quote/AJG/chart,226.96,4H,3-1,1-2 BREAK_DOWN,bear,226.66,228.27,5,False,1,Bearish Candle,ALERT if price < 226.66 (inside break DOWN); stop > 228.27,Inside bar break DOWN (1-2),2U,2U,2D,2D,2U,Unknown,Unknown,,0,
2026-10-07 16:23:57 EDT,AJG,https://finance.yahoo.com/quote/AJG/chart,226.96,3H,3-1,1-2 BREAK_UP,bull,228.27,226.87,5,True,1,Bullish Candle,ALERT if price > 228.27 (inside break UP); stop < 226.87,Inside bar break UP (1-2),2U,2U,2D,2D,2U,Unknown,Unknown,,0,
2026-10-07 16:23:57 EDT,AJG,https://finance.yahoo.com/quote/AJG/chart,226.96,3H,3-1,1-2 BREAK_DOWN,bear,226.87,228.27,5,False,1,Bullish Candle,ALERT if price < 226.87 (inside break DOWN); stop > 228.27,Inside bar break DOWN (1-2),2U,2U,2D,2D,2U,Unknown,Unknown,,0,
2026-10-07 16:23:57 EDT,AJG,https://finance.yahoo.com/quote/AJG/chart,226.96,2H,1-2D,REVSTRAT 1-2-2 (watch 2U),bull,227.89,226.66,5,True,2D,Bearish Candle,ALERT if price > 227.89 (RevStrat bull); stop < 226.66,RevStrat after 1-2D: watch for 2U reversal (1-2D-2U),2U,2U,2D,2D,2U,Unknown,Unknown,,0,
2026-10-07 16:23:57 EDT,CSX,https://finance.yahoo.com/quote/CSX/chart,46.8,M,1-2D,REVSTRAT 1-2-2 (watch 2U),bull,50.49,45.79,-5,False,2D,Bearish Candle,ALERT if price > 50.49 (RevStrat bull); stop < 45.79,RevStrat after 1-2D: watch for 2U reversal (1-2D-2U),2D,2U,2D,1,2D,Unknown,Unknown,,0,
2026-10-07 16:23:57 EDT,CSX,https://finance.yahoo.com/quote/CSX/chart,46.8,W,2D-1,1-2 BREAK_UP,bull,47.59,45.85,-5,False,1,Bullish Candle,ALERT if price > 47.59 (inside break UP); stop < 45.85,Inside bar break UP (1-2),2D,2U,2D,1,2D,Unknown,Unknown,,0,
2026-10-07 16:23:57 EDT,CSX,https://finance.yahoo.com/quote/CSX/chart,46.8,W,2D-1,1-2 BREAK_DOWN,bear,45.85,47.59,-5,True,1,Bullish Candle,ALERT if price < 45.85 (inside break DOWN); stop > 47.59,Inside bar break DOWN (1-2),2D,2U,2D,1,2D,Unknown,Unknown,,0,
2026-10-07 16:23:57 EDT,CSX,https://finance.yahoo.com/quote/CSX/chart,46.8,4H,3-1,1-2 BREAK_UP,bull,47.12,46.8,-5,False,1,Bearish Candle,ALERT if price > 47.12 (inside break UP); stop < 46.8,Inside bar break UP (1-2),2D,2U,2D,1,2D,Unknown,Unknown,,0,
2026-10-07 16:23:57 EDT,CSX,https://finance.yahoo.com/quote/CSX/chart,46.8,4H,3-1,1-2 BREAK_DOWN,bear,46.8,47.12,-5,True,1,Bearish Candle,ALERT if price < 46.8 (inside break DOWN); stop > 47.12,Inside bar break DOWN (1-2),2D,2U,2D,1,2D,Unknown,Unknown,,0,
2026-10-07 16:23:57 EDT,CSX,https://finance.yahoo.com/quote/CSX/chart,46.8,3H,3-1,1-2 BREAK_UP,bull,47.12,46.76,-5,False,1,Bullish Candle,ALERT if price > 47.12 (inside break UP); stop < 46.76,Inside bar break UP (1-2),2D,2U,2D,1,2D,Unknown,Unknown,,0,
2026-10-07 16:23:57 EDT,CSX,https://finance.yahoo.com/quote/CSX/chart,46.8,3H,3-1,1-2 BREAK_DOWN,bear,46.76,47.12,-5,True,1,Bullish Candle,ALERT if price < 46.76 (inside break DOWN); stop > 47.12,Inside bar break DOWN (1-2),2D,2U,2D,1,2D,Unknown,Unknown,,0,
2026-10-07 16:23:57 EDT,CSX,https://finance.yahoo.com/quote/CSX/chart,46.8,2H,1-2D,REVSTRAT 1-2-2 (watch 2U),bull,47.02,46.8,-5,False,2D,Bearish Candle,ALERT if price > 47.02 (RevStrat bull); stop < 46.8,RevStrat after 1-2D: watch for 2U reversal (1-2D-2U),2D,2U,2D,1,2D,Unknown,Unknown,,0,
2026-10-07 16:23:57 EDT,CSX,https://finance.yahoo.com/quote/CSX/chart,46.8,1H,1-2D,REVSTRAT 1-2-2 (watch 2U),bull,46.97,46.8,-5,False,2D,Bearish Marubozu-like,ALERT if price > 46.97 (RevStrat bull); stop < 46.8,RevStrat after 1-2D: watch for 2U reversal (1-2D-2U),2D,2U,2D,1,2D,Unknown,Unknown,,0,
2026-10-07 16:23:57 EDT,COR,https://finance.yahoo.com/quote/COR/chart,317.3,M,2U-3,3-2 BREAK_UP,bull,338.71,295.01,8,True,3,Bearish Candle,ALERT if price > 338.71 (outside break UP); stop < 295.01,Outside bar break UP (3-2),2U,2U,3,2D,2U,Health Care,Unknown,XLV,1,XLV
2026-10-07 16:23:57 EDT,COR,https://finance.yahoo.com/quote/COR/chart,317.3,M,2U-3,3-2 BREAK_DOWN,bear,295.01,338.71,8,False,3,Bearish Candle,ALERT if price < 295.01 (outside break DOWN); stop > 338.71,Outside bar break DOWN (3-2),2U,2U,3,2D,2U,Health Care,Unknown,XLV,1,XLV
2026-10-07 16:23:57 EDT,COR,https://finance.yahoo.com/quote/COR/chart,317.3,4H,2U-1,1-2 BREAK_UP,bull,320.7,315.94,8,True,1,Bearish Candle,ALERT if price > 320.7 (inside break UP); stop < 315.94,Inside bar break UP (1-2),2U,2U,3,2D,2U,Health Care,Unknown,XLV,1,XLV
2026-10-07 16:23:57 EDT,COR,https://finance.yahoo.com/quote/COR/chart,317.3,4H,2U-1,1-2 BREAK_DOWN,bear,315.94,320.7,8,False,1,Bearish Candle,ALERT if price < 315.94 (inside break DOWN); stop > 320.7,Inside bar break DOWN (1-2),2U,2U,3,2D,2U,Health Care,Unknown,XLV,1,XLV
2026-10-07 16:23:57 EDT,COR,https://finance.yahoo.com/quote/COR/chart,317.3,3H,2U-1,1-2 BREAK_UP,bull,321.07,317.75,8,True,1,Bearish Candle,ALERT if price > 321.07 (inside break UP); stop < 317.75,Inside bar break UP (1-2),2U,2U,3,2D,2U,Health Care,Unknown,XLV,1,XLV
2026-10-07 16:23:57 EDT,COR,https://finance.yahoo.com/quote/COR/chart,317.3,3H,2U-1,1-2 BREAK_DOWN,bear,317.75,321.07,8,False,1,Bearish Candle,ALERT if price < 317.75 (inside break DOWN); stop > 321.07,Inside bar break DOWN (1-2),2U,2U,3,2D,2U,Health Care,Unknown,XLV,1,XLV
2026-10-07 16:23:57 EDT,CNQ,https://finance.yahoo.com/quote/CNQ/chart,47.51,Q,1-3,3-2 BREAK_UP,bull,52.31,38.83,-4,False,3,Bullish Candle,ALERT if price > 52.31 (outside break UP); stop < 38.83,Outside bar break UP (3-2),2D,3,2U,2D,3,Unknown,Unknown,,0,
2026-10-07 16:23:57 EDT,CNQ,https://finance.yahoo.com/quote/CNQ/chart,47.51,Q,1-3,3-2 BREAK_DOWN,bear,38.83,52.31,-4,True,3,Bullish Candle,ALERT if price < 38.83 (outside break DOWN); stop > 52.31,Outside bar break DOWN (3-2),2D,3,2U,2D,3,Unknown,Unknown,,0,
2026-10-07 16:23:57 EDT,CNQ,https://finance.yahoo.com/quote/CNQ/chart,47.51,D,1-3,3-2 BREAK_UP,bull,48.79,47.25,-4,False,3,Bearish Candle,ALERT if price > 48.79 (outside break UP); stop < 47.25,Outside bar break UP (3-2),2D,3,2U,2D,3,Unknown,Unknown,,0,
2026-10-07 16:23:57 EDT,CNQ,https://finance.yahoo.com/quote/CNQ/chart,47.51,D,1-3,3-2 BREAK_DOWN,bear,47.25,48.79,-4,True,3,Bearish Candle,ALERT if price < 47.25 (outside break DOWN); stop > 48.79,Outside bar break DOWN (3-2),2D,3,2U,2D,3,Unknown,Unknown,,0,
2026-10-07 16:23:57 EDT,CNQ,https://finance.yahoo.com/quote/CNQ/chart,47.51,4H,3-2D,REVSTRAT 3-2-2 (watch 2U),bull,47.66,47.24,-4,False,2D,Doji,ALERT if price > 47.66 (RevStrat bull); stop < 47.24,RevStrat after 3-2D: watch for 2U reversal (3-2D-2U),2D,3,2U,2D,3,Unknown,Unknown,,0,
2026-10-07 16:23:57 EDT,CNQ,https://finance.yahoo.com/quote/CNQ/chart,47.51,3H,3-2D,REVSTRAT 3-2-2 (watch 2U),bull,47.65,47.28,-4,False,2D,Bearish Candle,ALERT if price > 47.65 (RevStrat bull); stop < 47.28,RevStrat after 3-2D: watch for 2U reversal (3-2D-2U),2D,3,2U,2D,3,Unknown,Unknown,,0,
2026-10-07 16:23:57 EDT,CNQ,https://finance.yahoo.com/quote/CNQ/chart,47.51,2H,2D-3,3-2 BREAK_UP,bull,47.66,47.24,-4,False,3,Bullish Candle,ALERT if price > 47.66 (outside break UP); stop < 47.24,Outside bar break UP (3-2),2D,3,2U,2D,3,Unknown,Unknown,,0,
2026-10-07 16:23:57 EDT,CNQ,https://finance.yahoo.com/quote/CNQ/chart,47.51,2H,2D-3,3-2 BREAK_DOWN,bear,47.24,47.66,-4,True,3,Bullish Candle,ALERT if price < 47.24 (outside break DOWN); stop > 47.66,Outside bar break DOWN (3-2),2D,3,2U,2D,3,Unknown,Unknown,,0,
2026-10-07 16:23:57 EDT,CNQ,https://finance.yahoo.com/quote/CNQ/chart,47.51,1H,3-1,1-2 BREAK_UP,bull,47.54,47.44,-4,False,1,Bullish Candle,ALERT if price > 47.54 (inside break UP); stop < 47.44,Inside bar break UP (1-2),2D,3,2U,2D,3,Unknown,Unknown,,0,
2026-10-07 16:23:57 EDT,CNQ,https://finance.yahoo.com/quote/CNQ/chart,47.51,1H,3-1,1-2 BREAK_DOWN,bear,47.44,47.54,-4,True,1,Bullish Candle,ALERT if price < 47.44 (inside break DOWN); stop > 47.54,Inside bar break DOWN (1-2),2D,3,2U,2D,3,Unknown,Unknown,,0,
2026-10-07 16:23:57 EDT,VRT,https://finance.yahoo.com/quote/VRT/chart,246.49,M,1-2D,REVSTRAT 1-2-2 (watch 2U),bull,295.34,226.94,-5,False,2D,Bearish Candle,ALERT if price > 295.34 (RevStrat bull); stop < 226.94,RevStrat after 1-2D: watch for 2U reversal (1-2D-2U),2U,2D,2D,2D,2D,Unknown,Unknown,,0,
2026-10-07 16:23:57 EDT,VRT,https://finance.yahoo.com/quote/VRT/chart,246.49,2H,2U-3,3-2 BREAK_UP,bull,246.87,242.8,-5,False,3,Bullish Candle,ALERT if price > 246.87 (outside break UP); stop < 242.8,Outside bar break UP (3-2),2U,2D,2D,2D,2D,Unknown,Unknown,,0,
2026-10-07 16:23:57 EDT,VRT,https://finance.yahoo.com/quote/VRT/chart,246.49,2H,2U-3,3-2 BREAK_DOWN,bear,242.8,246.87,-5,True,3,Bullish Candle,ALERT if price < 242.8 (outside break DOWN); stop > 246.87,Outside bar break DOWN (3-2),2U,2D,2D,2D,2D,Unknown,Unknown,,0,
2026-10-07 16:23:57 EDT,RACE,https://finance.yahoo.com/quote/RACE/chart,386.32,Q,1-2U,REVSTRAT 1-2-2 (watch 2D),bear,356.32,437.15,3,False,2U,Bullish Candle,ALERT if price < 356.32 (RevStrat bear); stop > 437.15,RevStrat after 1-2U: watch for 2D reversal (1-2U-2D),2U,2U,2D,2D,2D,Unknown,Unknown,,0,
2026-10-07 16:23:57 EDT,CP,https://finance.yahoo.com/quote/CP/chart,83.62,D,1-2D,REVSTRAT 1-2-2 (watch 2U),bull,85.41,83.54,-7,False,2D,Bearish Candle,ALERT if price > 85.41 (RevStrat bull); stop < 83.54,RevStrat after 1-2D: watch for 2U reversal (1-2D-2U),2D,2U,2D,2D,2D,Unknown,Unknown,,0,
2026-10-07 16:23:57 EDT,CP,https://finance.yahoo.com/quote/CP/chart,83.62,3H,2D-1,1-2 BREAK_UP,bull,84.36,83.88,-7,False,1,Bearish Candle,ALERT if price > 84.36 (inside break UP); stop < 83.88,Inside bar break UP (1-2),2D,2U,2D,2D,2D,Unknown,Unknown,,0,
2026-10-07 16:23:57 EDT,CP,https://finance.yahoo.com/quote/CP/chart,83.62,3H,2D-1,1-2 BREAK_DOWN,bear,83.88,84.36,-7,True,1,Bearish Candle,ALERT if price < 83.88 (inside break DOWN); stop > 84.36,Inside bar break DOWN (1-2),2D,2U,2D,2D,2D,Unknown,Unknown,,0,
2026-10-07 16:23:57 EDT,TFC,https://finance.yahoo.com/quote/TFC/chart,45.58,Y,1-3,3-2 BREAK_UP,bull,50.86,33.56,-2,False,3,Bullish Candle,ALERT if price > 50.86 (outside break UP); stop < 33.56,Outside bar break UP (3-2),3,2U,2D,2D,2D,Unknown,Unknown,,0,
2026-10-07 16:23:57 EDT,TFC,https://finance.yahoo.com/quote/TFC/chart,45.58,Y,1-3,3-2 BREAK_DOWN,bear,33.56,50.86,-2,True,3,Bullish Candle,ALERT if price < 33.56 (outside break DOWN); stop > 50.86,Outside bar break DOWN (3-2),3,2U,2D,2D,2D,Unknown,Unknown,,0,
2026-10-07 16:23:57 EDT,TFC,https://finance.yahoo.com/quote/TFC/chart,45.58,Q,1-2U,REVSTRAT 1-2-2 (watch 2D),bear,46.17,54.22,-2,True,2U,Bearish Candle,ALERT if price < 46.17 (RevStrat bear); stop > 54.22,RevStrat after 1-2U: watch for 2D reversal (1-2U-2D),3,2U,2D,2D,2D,Unknown,Unknown,,0,
2026-10-07 16:23:57 EDT,TFC,https://finance.yahoo.com/quote/TFC/chart,45.58,M,1-2D,REVSTRAT 1-2-2 (watch 2U),bull,51.89,46.17,-2,False,2D,Bearish Candle,ALERT if price > 51.89 (RevStrat bull); stop < 46.17,RevStrat after 1-2D: watch for 2U reversal (1-2D-2U),3,2U,2D,2D,2D,Unknown,Unknown,,0,
2026-10-07 16:23:57 EDT,TFC,https://finance.yahoo.com/quote/TFC/chart,45.58,4H,2D-1,1-2 BREAK_UP,bull,45.87,45.51,-2,False,1,Bearish Candle,ALERT if price > 45.87 (inside break UP); stop < 45.51,Inside bar break UP (1-2),3,2U,2D,2D,2D,Unknown,Unknown,,0,
2026-10-07 16:23:57 EDT,TFC,https://finance.yahoo.com/quote/TFC/chart,45.58,4H,2D-1,1-2 BREAK_DOWN,bear,45.51,45.87,-2,True,1,Bearish Candle,ALERT if price < 45.51 (inside break DOWN); stop > 45.87,Inside bar break DOWN (1-2),3,2U,2D,2D,2D,Unknown,Unknown,,0,
2026-10-07 16:23:57 EDT,TFC,https://finance.yahoo.com/quote/TFC/chart,45.58,1H,2D-1,1-2 BREAK_UP,bull,45.65,45.52,-2,False,1,Bearish Candle,ALERT if price > 45.65 (inside break UP); stop < 45.52,Inside bar break UP (1-2),3,2U,2D,2D,2D,Unknown,Unknown,,0,
2026-10-07 16:23:57 EDT,TFC,https://finance.yahoo.com/quote/TFC/chart,45.58,1H,2D-1,1-2 BREAK_DOWN,bear,45.52,45.65,-2,True,1,Bearish Candle,ALERT if price < 45.52 (inside break DOWN); stop > 45.65,Inside bar break DOWN (1-2),3,2U,2D,2D,2D,Unknown,Unknown,,0,
2026-10-07 16:23:57 EDT,PWR,https://finance.yahoo.com/quote/PWR/chart,701.32,Q,2U-1,1-2 BREAK_UP,bull,724.8,554.12,3,True,1,Bearish Candle,ALERT if price > 724.8 (inside break UP); stop < 554.12,Inside bar break UP (1-2),2U,1,2D,2U,2D,Unknown,Unknown,,0,
2026-10-07 16:23:57 EDT,PWR,https://finance.yahoo.com/quote/PWR/chart,701.32,Q,2U-1,1-2 BREAK_DOWN,bear,554.12,724.8,3,False,1,Bearish Candle,ALERT if price < 554.12 (inside break DOWN); stop > 724.8,Inside bar break DOWN (1-2),2U,1,2D,2U,2D,Unknown,Unknown,,0,
2026-10-07 16:23:57 EDT,PWR,https://finance.yahoo.com/quote/PWR/chart,701.32,4H,2D-1,1-2 BREAK_UP,bull,702.38,690.7,3,True,1,Bullish Marubozu-like,ALERT if price > 702.38 (inside break UP); stop < 690.7,Inside bar break UP (1-2),2U,1,2D,2U,2D,Unknown,Unknown,,0,
2026-10-07 16:23:57 EDT,PWR,https://finance.yahoo.com/quote/PWR/chart,701.32,4H,2D-1,1-2 BREAK_DOWN,bear,690.7,702.38,3,False,1,Bullish Marubozu-like,ALERT if price < 690.7 (inside break DOWN); stop > 702.38,Inside bar break DOWN (1-2),2U,1,2D,2U,2D,Unknown,Unknown,,0,
2026-10-07 16:23:57 EDT,PWR,https://finance.yahoo.com/quote/PWR/chart,701.32,3H,2D-1,1-2 BREAK_UP,bull,697.1,689.47,3,True,1,Bullish Candle,ALERT if price > 697.1 (inside break UP); stop < 689.47,Inside bar break UP (1-2),2U,1,2D,2U,2D,Unknown,Unknown,,0,
2026-10-07 16:23:57 EDT,PWR,https://finance.yahoo.com/quote/PWR/chart,701.32,3H,2D-1,1-2 BREAK_DOWN,bear,689.47,697.1,3,False,1,Bullish Candle,ALERT if price < 689.47 (inside break DOWN); stop > 697.1,Inside bar break DOWN (1-2),2U,1,2D,2U,2D,Unknown,Unknown,,0,
2026-10-07 16:23:57 EDT,NSC,https://finance.yahoo.com/quote/NSC/chart,313.17,Y,2U-3,3-2 BREAK_UP,bull,302.24,201.63,0,False,3,Bullish Candle,ALERT if price > 302.24 (outside break UP); stop < 201.63,Outside bar break UP (3-2),3,2U,2D,3,2D,Unknown,Unknown,,0,
2026-10-07 16:23:57 EDT,NSC,https://finance.yahoo.com/quote/NSC/chart,313.17,Y,2U-3,3-2 BREAK_DOWN,bear,201.63,302.24,0,False,3,Bullish Candle,ALERT if price < 201.63 (outside break DOWN); stop > 302.24,Outside bar break DOWN (3-2),3,2U,2D,3,2D,Unknown,Unknown,,0,
2026-10-07 16:23:57 EDT,NSC,https://finance.yahoo.com/quote/NSC/chart,313.17,M,1-2D,REVSTRAT 1-2-2 (watch 2U),bull,343.54,308.44,0,False,2D,Bearish Marubozu-like,ALERT if price > 343.54 (RevStrat bull); stop < 308.44,RevStrat after 1-2D: watch for 2U reversal (1-2D-2U),3,2U,2D,3,2D,Unknown,Unknown,,0,
2026-10-07 16:23:57 EDT,NSC,https://finance.yahoo.com/quote/NSC/chart,313.17,W,2D-3,3-2 BREAK_UP,bull,318.29,305.43,0,False,3,Bullish Candle,ALERT if price > 318.29 (outside break UP); stop < 305.43,Outside bar break UP (3-2),3,2U,2D,3,2D,Unknown,Unknown,,0,
2026-10-07 16:23:57 EDT,NSC,https://finance.yahoo.com/quote/NSC/chart,313.17,W,2D-3,3-2 BREAK_DOWN,bear,305.43,318.29,0,False,3,Bullish Candle,ALERT if price < 305.43 (outside break DOWN); stop > 318.29,Outside bar break DOWN (3-2),3,2U,2D,3,2D,Unknown,Unknown,,0,
2026-10-07 16:23:57 EDT,NSC,https://finance.yahoo.com/quote/NSC/chart,313.17,D,1-2D,REVSTRAT 1-2-2 (watch 2U),bull,317.41,312.89,0,False,2D,Bearish Candle,ALERT if price > 317.41 (RevStrat bull); stop < 312.89,RevStrat after 1-2D: watch for 2U reversal (1-2D-2U),3,2U,2D,3,2D,Unknown,Unknown,,0,
2026-10-07 16:23:57 EDT,NSC,https://finance.yahoo.com/quote/NSC/chart,313.17,4H,3-2D,REVSTRAT 3-2-2 (watch 2U),bull,316.02,312.87,0,False,2D,Bearish Marubozu-like,ALERT if price > 316.02 (RevStrat bull); stop < 312.87,RevStrat after 3-2D: watch for 2U reversal (3-2D-2U),3,2U,2D,3,2D,Unknown,Unknown,,0,
2026-10-07 16:23:57 EDT,NSC,https://finance.yahoo.com/quote/NSC/chart,313.17,3H,3-1,1-2 BREAK_UP,bull,316.14,314.03,0,False,1,Doji,ALERT if price > 316.14 (inside break UP); stop < 314.03,Inside bar break UP (1-2),3,2U,2D,3,2D,Unknown,Unknown,,0,
2026-10-07 16:23:57 EDT,NSC,https://finance.yahoo.com/quote/NSC/chart,313.17,3H,3-1,1-2 BREAK_DOWN,bear,314.03,316.14,0,False,1,Doji,ALERT if price < 314.03 (inside break DOWN); stop > 316.14,Inside bar break DOWN (1-2),3,2U,2D,3,2D,Unknown,Unknown,,0,
2026-10-07 16:23:57 EDT,NSC,https://finance.yahoo.com/quote/NSC/chart,313.17,2H,1-2D,REVSTRAT 1-2-2 (watch 2U),bull,314.87,312.87,0,False,2D,Bearish Candle,ALERT if price > 314.87 (RevStrat bull); stop < 312.87,RevStrat after 1-2D: watch for 2U reversal (1-2D-2U),3,2U,2D,3,2D,Unknown,Unknown,,0,
2026-10-07 16:23:57 EDT,RSG,https://finance.yahoo.com/quote/RSG/chart,216.18,3H,2U-1,1-2 BREAK_UP,bull,217.93,216.28,11,True,1,Bullish Candle,ALERT if price > 217.93 (inside break UP); stop < 216.28,Inside bar break UP (1-2),2U,2U,2U,2D,2U,Unknown,Unknown,,0,
2026-10-07 16:23:57 EDT,RSG,https://finance.yahoo.com/quote/RSG/chart,216.18,3H,2U-1,1-2 BREAK_DOWN,bear,216.28,217.93,11,False,1,Bullish Candle,ALERT if price < 216.28 (inside break DOWN); stop > 217.93,Inside bar break DOWN (1-2),2U,2U,2U,2D,2U,Unknown,Unknown,,0,
2026-10-07 16:23:57 EDT,RSG,https://finance.yahoo.com/quote/RSG/chart,216.18,2H,1-3,3-2 BREAK_UP,bull,218.45,216.06,11,True,3,Bearish Candle,ALERT if price > 218.45 (outside break UP); stop < 216.06,Outside bar break UP (3-2),2U,2U,2U,2D,2U,Unknown,Unknown,,0,
2026-10-07 16:23:57 EDT,RSG,https://finance.yahoo.com/quote/RSG/chart,216.18,2H,1-3,3-2 BREAK_DOWN,bear,216.06,218.45,11,False,3,Bearish Candle,ALERT if price < 216.06 (outside break DOWN); stop > 218.45,Outside bar break DOWN (3-2),2U,2U,2U,2D,2U,Unknown,Unknown,,0,
2026-10-07 16:23:57 EDT,RSG,https://finance.yahoo.com/quote/RSG/chart,216.18,1H,3-2D,REVSTRAT 3-2-2 (watch 2U),bull,217.25,216.06,11,True,2D,Bearish Candle,ALERT if price > 217.25 (RevStrat bull); stop < 216.06,RevStrat after 3-2D: watch for 2U reversal (3-2D-2U),2U,2U,2U,2D,2U,Unknown,Unknown,,0,
2026-10-07 16:23:57 EDT,SLB,https://finance.yahoo.com/quote/SLB/chart,47.96,Q,2U-3,3-2 BREAK_UP,bull,60.46,44.59,-8,False,3,Bullish Candle,ALERT if price > 60.46 (outside break UP); stop < 44.59,Outside bar break UP (3-2),2D,3,1,2D,2D,Energy,Unknown,XLE,1,XLE
2026-10-07 16:23:57 EDT,SLB,https://finance.yahoo.com/quote/SLB/chart,47.96,Q,2U-3,3-2 BREAK_DOWN,bear,44.59,60.46,-8,True,3,Bullish Candle,ALERT if price < 44.59 (outside break DOWN); stop > 60.46,Outside bar break DOWN (3-2),2D,3,1,2D,2D,Energy,Unknown,XLE,1,XLE
2026-10-07 16:23:57 EDT,SLB,https://finance.yahoo.com/quote/SLB/chart,47.96,M,2U-1,1-2 BREAK_UP,bull,60.18,48.69,-8,False,1,Bearish Marubozu-like,ALERT if price > 60.18 (inside break UP); stop < 48.69,Inside bar break UP (1-2),2D,3,1,2D,2D,Energy,Unknown,XLE,1,XLE
2026-10-07 16:23:57 EDT,SLB,https://finance.yahoo.com/quote/SLB/chart,47.96,M,2U-1,1-2 BREAK_DOWN,bear,48.69,60.18,-8,True,1,Bearish Marubozu-like,ALERT if price < 48.69 (inside break DOWN); stop > 60.18,Inside bar break DOWN (1-2),2D,3,1,2D,2D,Energy,Unknown,XLE,1,XLE
2026-10-07 16:23:57 EDT,TRV,https://finance.yahoo.com/quote/TRV/chart,360.5,M,1-2D,REVSTRAT 1-2-2 (watch 2U),bull,383.99,356.45,4,True,2D,Bearish Candle,ALERT if price > 383.99 (RevStrat bull); stop < 356.45,RevStrat after 1-2D: watch for 2U reversal (1-2D-2U),2U,2U,2D,2D,3,Unknown,Unknown,DIA,1,DIA
2026-10-07 16:23:57 EDT,TRV,https://finance.yahoo.com/quote/TRV/chart,360.5,D,2U-3,3-2 BREAK_UP,bull,364.34,357.09,4,True,3,Bullish Candle,ALERT if price > 364.34 (outside break UP); stop < 357.09,Outside bar break UP (3-2),2U,2U,2D,2D,3,Unknown,Unknown,DIA,1,DIA
2026-10-07 16:23:57 EDT,TRV,https://finance.yahoo.com/quote/TRV/chart,360.5,D,2U-3,3-2 BREAK_DOWN,bear,357.09,364.34,4,False,3,Bullish Candle,ALERT if price < 357.09 (outside break DOWN); stop > 364.34,Outside bar break DOWN (3-2),2U,2U,2D,2D,3,Unknown,Unknown,DIA,1,DIA
2026-10-07 16:23:57 EDT,TRV,https://finance.yahoo.com/quote/TRV/chart,360.5,4H,3-2U,REVSTRAT 3-2-2 (watch 2D),bear,360.29,364.34,4,False,2U,Bearish Candle,ALERT if price < 360.29 (RevStrat bear); stop > 364.34,RevStrat after 3-2U: watch for 2D reversal (3-2U-2D),2U,2U,2D,2D,3,Unknown,Unknown,DIA,1,DIA
2026-10-07 16:23:57 EDT,TRV,https://finance.yahoo.com/quote/TRV/chart,360.5,3H,3-2U,REVSTRAT 3-2-2 (watch 2D),bear,360.59,364.34,4,False,2U,Bullish Candle,ALERT if price < 360.59 (RevStrat bear); stop > 364.34,RevStrat after 3-2U: watch for 2D reversal (3-2U-2D),2U,2U,2D,2D,3,Unknown,Unknown,DIA,1,DIA
2026-10-07 16:23:57 EDT,MSI,https://finance.yahoo.com/quote/MSI/chart,448.33,Y,2U-1,1-2 BREAK_UP,bull,492.22,359.36,4,True,1,Bearish Candle,ALERT if price > 492.22 (inside break UP); stop < 359.36,Inside bar break UP (1-2),1,2U,2U,2D,2D,Unknown,Unknown,,0,
2026-10-07 16:23:57 EDT,MSI,https://finance.yahoo.com/quote/MSI/chart,448.33,Y,2U-1,1-2 BREAK_DOWN,bear,359.36,492.22,4,False,1,Bearish Candle,ALERT if price < 359.36 (inside break DOWN); stop > 492.22,Inside bar break DOWN (1-2),1,2U,2U,2D,2D,Unknown,Unknown,,0,
2026-10-07 16:23:57 EDT,MSI,https://finance.yahoo.com/quote/MSI/chart,448.33,Q,1-2U,REVSTRAT 1-2-2 (watch 2D),bear,401.58,494.85,4,False,2U,Bullish Candle,ALERT if price < 401.58 (RevStrat bear); stop > 494.85,RevStrat after 1-2U: watch for 2D reversal (1-2U-2D),1,2U,2U,2D,2D,Unknown,Unknown,,0,
2026-10-07 16:23:57 EDT,MSI,https://finance.yahoo.com/quote/MSI/chart,448.33,4H,3-2D,REVSTRAT 3-2-2 (watch 2U),bull,455.51,448.26,4,True,2D,Bearish Candle,ALERT if price > 455.51 (RevStrat bull); stop < 448.26,RevStrat after 3-2D: watch for 2U reversal (3-2D-2U),1,2U,2U,2D,2D,Unknown,Unknown,,0,
2026-10-07 16:23:57 EDT,MSI,https://finance.yahoo.com/quote/MSI/chart,448.33,3H,3-2D,REVSTRAT 3-2-2 (watch 2U),bull,455.51,450.49,4,True,2D,Bearish Candle,ALERT if price > 455.51 (RevStrat bull); stop < 450.49,RevStrat after 3-2D: watch for 2U reversal (3-2D-2U),1,2U,2U,2D,2D,Unknown,Unknown,,0,
2026-10-07 16:23:57 EDT,MSI,https://finance.yahoo.com/quote/MSI/chart,448.33,2H,3-2D,REVSTRAT 3-2-2 (watch 2U),bull,451.77,448.26,4,True,2D,Bearish Candle,ALERT if price > 451.77 (RevStrat bull); stop < 448.26,RevStrat after 3-2D: watch for 2U reversal (3-2D-2U),1,2U,2U,2D,2D,Unknown,Unknown,,0,
2026-10-07 16:23:57 EDT,AMX,https://finance.yahoo.com/quote/AMX/chart,22.32,Y,2D-3,3-2 BREAK_UP,bull,23.68,13.1,-8,False,3,Bullish Candle,ALERT if price > 23.68 (outside break UP); stop < 13.1,Outside bar break UP (3-2),3,2D,2D,2D,2U,Unknown,Unknown,,0,
2026-10-07 16:23:57 EDT,AMX,https://finance.yahoo.com/quote/AMX/chart,22.32,Y,2D-3,3-2 BREAK_DOWN,bear,13.1,23.68,-8,True,3,Bullish Candle,ALERT if price < 13.1 (outside break DOWN); stop > 23.68,Outside bar break DOWN (3-2),3,2D,2D,2D,2U,Unknown,Unknown,,0,
2026-10-07 16:23:57 EDT,AMX,https://finance.yahoo.com/quote/AMX/chart,22.32,3H,3-2U,REVSTRAT 3-2-2 (watch 2D),bear,22.31,22.51,-8,True,2U,Bullish Candle,ALERT if price < 22.31 (RevStrat bear); stop > 22.51,RevStrat after 3-2U: watch for 2D reversal (3-2U-2D),3,2D,2D,2D,2U,Unknown,Unknown,,0,
2026-10-07 16:23:57 EDT,CL,https://finance.yahoo.com/quote/CL/chart,87.21,Q,1-2U,REVSTRAT 1-2-2 (watch 2D),bear,85.05,96.01,-6,True,2U,Bearish Candle,ALERT if price < 85.05 (RevStrat bear); stop > 96.01,RevStrat after 1-2U: watch for 2D reversal (1-2U-2D),2D,2U,2D,2D,1,Consumer Staples,Unknown,XLP,1,XLP
2026-10-07 16:23:57 EDT,CL,https://finance.yahoo.com/quote/CL/chart,87.21,D,2U-1,1-2 BREAK_UP,bull,88.05,87.21,-6,False,1,Bearish Candle,ALERT if price > 88.05 (inside break UP); stop < 87.21,Inside bar break UP (1-2),2D,2U,2D,2D,1,Consumer Staples,Unknown,XLP,1,XLP
2026-10-07 16:23:57 EDT,CL,https://finance.yahoo.com/quote/CL/chart,87.21,D,2U-1,1-2 BREAK_DOWN,bear,87.21,88.05,-6,True,1,Bearish Candle,ALERT if price < 87.21 (inside break DOWN); stop > 88.05,Inside bar break DOWN (1-2),2D,2U,2D,2D,1,Consumer Staples,Unknown,XLP,1,XLP
2026-10-07 16:23:57 EDT,CL,https://finance.yahoo.com/quote/CL/chart,87.21,3H,2U-1,1-2 BREAK_UP,bull,87.96,87.58,-6,False,1,Bullish Candle,ALERT if price > 87.96 (inside break UP); stop < 87.58,Inside bar break UP (1-2),2D,2U,2D,2D,1,Consumer Staples,Unknown,XLP,1,XLP
2026-10-07 16:23:57 EDT,CL,https://finance.yahoo.com/quote/CL/chart,87.21,3H,2U-1,1-2 BREAK_DOWN,bear,87.58,87.96,-6,True,1,Bullish Candle,ALERT if price < 87.58 (inside break DOWN); stop > 87.96,Inside bar break DOWN (1-2),2D,2U,2D,2D,1,Consumer Staples,Unknown,XLP,1,XLP
2026-10-07 16:23:57 EDT,CL,https://finance.yahoo.com/quote/CL/chart,87.21,2H,1-3,3-2 BREAK_UP,bull,87.88,87.2,-6,False,3,Bearish Marubozu-like,ALERT if price > 87.88 (outside break UP); stop < 87.2,Outside bar break UP (3-2),2D,2U,2D,2D,1,Consumer Staples,Unknown,XLP,1,XLP
2026-10-07 16:23:57 EDT,CL,https://finance.yahoo.com/quote/CL/chart,87.21,2H,1-3,3-2 BREAK_DOWN,bear,87.2,87.88,-6,True,3,Bearish Marubozu-like,ALERT if price < 87.2 (outside break DOWN); stop > 87.88,Outside bar break DOWN (3-2),2D,2U,2D,2D,1,Consumer Staples,Unknown,XLP,1,XLP
2026-10-07 16:23:57 EDT,CL,https://finance.yahoo.com/quote/CL/chart,87.21,1H,3-2D,REVSTRAT 3-2-2 (watch 2U),bull,87.57,87.2,-6,False,2D,Bearish Marubozu-like,ALERT if price > 87.57 (RevStrat bull); stop < 87.2,RevStrat after 3-2D: watch for 2U reversal (3-2D-2U),2D,2U,2D,2D,1,Consumer Staples,Unknown,XLP,1,XLP
2026-10-07 16:23:57 EDT,ADSK,https://finance.yahoo.com/quote/ADSK/chart,235.06,3H,2U-1,1-2 BREAK_UP,bull,233.51,231.09,5,True,1,Bullish Candle,ALERT if price > 233.51 (inside break UP); stop < 231.09,Inside bar break UP (1-2),2U,2U,2D,2D,2U,Unknown,Unknown,,0,
2026-10-07 16:23:57 EDT,ADSK,https://finance.yahoo.com/quote/ADSK/chart,235.06,3H,2U-1,1-2 BREAK_DOWN,bear,231.09,233.51,5,False,1,Bullish Candle,ALERT if price < 231.09 (inside break DOWN); stop > 233.51,Inside bar break DOWN (1-2),2U,2U,2D,2D,2U,Unknown,Unknown,,0,
2026-10-07 16:23:57 EDT,NXPI,https://finance.yahoo.com/quote/NXPI/chart,235.11,Q,2U-1,1-2 BREAK_UP,bull,298.04,216.66,-7,False,1,Bearish Candle,ALERT if price > 298.04 (inside break UP); stop < 216.66,Inside bar break UP (1-2),2D,1,2D,2U,2D,Unknown,Unknown,SMH,1,SMH
2026-10-07 16:23:57 EDT,NXPI,https://finance.yahoo.com/quote/NXPI/chart,235.11,Q,2U-1,1-2 BREAK_DOWN,bear,216.66,298.04,-7,True,1,Bearish Candle,ALERT if price < 216.66 (inside break DOWN); stop > 298.04,Inside bar break DOWN (1-2),2D,1,2D,2U,2D,Unknown,Unknown,SMH,1,SMH
2026-10-07 16:23:57 EDT,NXPI,https://finance.yahoo.com/quote/NXPI/chart,235.11,4H,2D-1,1-2 BREAK_UP,bull,235.99,232.05,-7,False,1,Bullish Candle,ALERT if price > 235.99 (inside break UP); stop < 232.05,Inside bar break UP (1-2),2D,1,2D,2U,2D,Unknown,Unknown,SMH,1,SMH
2026-10-07 16:23:57 EDT,NXPI,https://finance.yahoo.com/quote/NXPI/chart,235.11,4H,2D-1,1-2 BREAK_DOWN,bear,232.05,235.99,-7,True,1,Bullish Candle,ALERT if price < 232.05 (inside break DOWN); stop > 235.99,Inside bar break DOWN (1-2),2D,1,2D,2U,2D,Unknown,Unknown,SMH,1,SMH
2026-10-07 16:23:57 EDT,NXPI,https://finance.yahoo.com/quote/NXPI/chart,235.11,3H,2D-1,1-2 BREAK_UP,bull,234.76,232.3,-7,False,1,Doji,ALERT if price > 234.76 (inside break UP); stop < 232.3,Inside bar break UP (1-2),2D,1,2D,2U,2D,Unknown,Unknown,SMH,1,SMH
2026-10-07 16:23:57 EDT,NXPI,https://finance.yahoo.com/quote/NXPI/chart,235.11,3H,2D-1,1-2 BREAK_DOWN,bear,232.3,234.76,-7,True,1,Doji,ALERT if price < 232.3 (inside break DOWN); stop > 234.76,Inside bar break DOWN (1-2),2D,1,2D,2U,2D,Unknown,Unknown,SMH,1,SMH
2026-10-07 16:23:57 EDT,NXPI,https://finance.yahoo.com/quote/NXPI/chart,235.11,2H,2U-3,3-2 BREAK_UP,bull,235.99,232.05,-7,False,3,Bullish Candle,ALERT if price > 235.99 (outside break UP); stop < 232.05,Outside bar break UP (3-2),2D,1,2D,2U,2D,Unknown,Unknown,SMH,1,SMH
2026-10-07 16:23:57 EDT,NXPI,https://finance.yahoo.com/quote/NXPI/chart,235.11,2H,2U-3,3-2 BREAK_DOWN,bear,232.05,235.99,-7,True,3,Bullish Candle,ALERT if price < 232.05 (outside break DOWN); stop > 235.99,Outside bar break DOWN (3-2),2D,1,2D,2U,2D,Unknown,Unknown,SMH,1,SMH
2026-10-07 16:23:57 EDT,NXPI,https://finance.yahoo.com/quote/NXPI/chart,235.11,1H,3-2U,REVSTRAT 3-2-2 (watch 2D),bear,234.65,235.99,-7,True,2U,Bullish Candle,ALERT if price < 234.65 (RevStrat bear); stop > 235.99,RevStrat after 3-2U: watch for 2D reversal (3-2U-2D),2D,1,2D,2U,2D,Unknown,Unknown,SMH,1,SMH
2026-10-07 16:23:57 EDT,MFC,https://finance.yahoo.com/quote/MFC/chart,41.69,M,2U-1,1-2 BREAK_UP,bull,44.88,41.91,6,True,1,Doji,ALERT if price > 44.88 (inside break UP); stop < 41.91,Inside bar break UP (1-2),2U,2U,1,2D,2D,Unknown,Unknown,,0,
2026-10-07 16:23:57 EDT,MFC,https://finance.yahoo.com/quote/MFC/chart,41.69,M,2U-1,1-2 BREAK_DOWN,bear,41.91,44.88,6,False,1,Doji,ALERT if price < 41.91 (inside break DOWN); stop > 44.88,Inside bar break DOWN (1-2),2U,2U,1,2D,2D,Unknown,Unknown,,0,
2026-10-07 16:23:57 EDT,MFC,https://finance.yahoo.com/quote/MFC/chart,41.69,D,3-2D,REVSTRAT 3-2-2 (watch 2U),bull,42.49,41.61,6,True,2D,Bearish Marubozu-like,ALERT if price > 42.49 (RevStrat bull); stop < 41.61,RevStrat after 3-2D: watch for 2U reversal (3-2D-2U),2U,2U,1,2D,2D,Unknown,Unknown,,0,
2026-10-07 16:23:57 EDT,MFC,https://finance.yahoo.com/quote/MFC/chart,41.69,2H,1-2D,REVSTRAT 1-2-2 (watch 2U),bull,41.77,41.61,6,True,2D,Bearish Candle,ALERT if price > 41.77 (RevStrat bull); stop < 41.61,RevStrat after 1-2D: watch for 2U reversal (1-2D-2U),2U,2U,1,2D,2D,Unknown,Unknown,,0,
2026-10-07 16:23:57 EDT,PCAR,https://finance.yahoo.com/quote/PCAR/chart,106.86,M,1-2D,REVSTRAT 1-2-2 (watch 2U),bull,126.49,109.5,-7,False,2D,Bearish Candle,ALERT if price > 126.49 (RevStrat bull); stop < 109.5,RevStrat after 1-2D: watch for 2U reversal (1-2D-2U),2D,2U,2D,2D,2D,Unknown,Unknown,,0,
2026-10-07 16:23:57 EDT,PCAR,https://finance.yahoo.com/quote/PCAR/chart,106.86,4H,2D-1,1-2 BREAK_UP,bull,107.95,106.72,-7,False,1,Bearish Candle,ALERT if price > 107.95 (inside break UP); stop < 106.72,Inside bar break UP (1-2),2D,2U,2D,2D,2D,Unknown,Unknown,,0,
2026-10-07 16:23:57 EDT,PCAR,https://finance.yahoo.com/quote/PCAR/chart,106.86,4H,2D-1,1-2 BREAK_DOWN,bear,106.72,107.95,-7,True,1,Bearish Candle,ALERT if price < 106.72 (inside break DOWN); stop > 107.95,Inside bar break DOWN (1-2),2D,2U,2D,2D,2D,Unknown,Unknown,,0,
2026-10-07 16:23:57 EDT,PCAR,https://finance.yahoo.com/quote/PCAR/chart,106.86,3H,2D-1,1-2 BREAK_UP,bull,107.95,106.62,-7,False,1,Bullish Candle,ALERT if price > 107.95 (inside break UP); stop < 106.62,Inside bar break UP (1-2),2D,2U,2D,2D,2D,Unknown,Unknown,,0,
2026-10-07 16:23:57 EDT,PCAR,https://finance.yahoo.com/quote/PCAR/chart,106.86,3H,2D-1,1-2 BREAK_DOWN,bear,106.62,107.95,-7,True,1,Bullish Candle,ALERT if price < 106.62 (inside break DOWN); stop > 107.95,Inside bar break DOWN (1-2),2D,2U,2D,2D,2D,Unknown,Unknown,,0,
2026-10-07 16:23:57 EDT,BCCC,https://finance.yahoo.com/quote/BCCC/chart,13.37,Q,2D-1,1-2 BREAK_UP,bull,13.67,11.2,2,True,1,Bullish Candle,ALERT if price > 13.67 (inside break UP); stop < 11.2,Inside bar break UP (1-2),,1,2U,3,2D,Unknown,Unknown,,0,
2026-10-07 16:23:57 EDT,BCCC,https://finance.yahoo.com/quote/BCCC/chart,13.37,Q,2D-1,1-2 BREAK_DOWN,bear,11.2,13.67,2,False,1,Bullish Candle,ALERT if price < 11.2 (inside break DOWN); stop > 13.67,Inside bar break DOWN (1-2),,1,2U,3,2D,Unknown,Unknown,,0,
2026-10-07 16:23:57 EDT,BCCC,https://finance.yahoo.com/quote/BCCC/chart,13.37,W,2U-3,3-2 BREAK_UP,bull,13.75,13.22,2,True,3,Bullish Candle,ALERT if price > 13.75 (outside break UP); stop < 13.22,Outside bar break UP (3-2),,1,2U,3,2D,Unknown,Unknown,,0,
2026-10-07 16:23:57 EDT,BCCC,https://finance.yahoo.com/quote/BCCC/chart,13.37,W,2U-3,3-2 BREAK_DOWN,bear,13.22,13.75,2,False,3,Bullish Candle,ALERT if price < 13.22 (outside break DOWN); stop > 13.75,Outside bar break DOWN (3-2),,1,2U,3,2D,Unknown,Unknown,,0,
2026-10-07 16:23:57 EDT,BCCC,https://finance.yahoo.com/quote/BCCC/chart,13.37,D,1-2D,REVSTRAT 1-2-2 (watch 2U),bull,13.41,13.29,2,True,2D,Bearish Hanging-Man-like,ALERT if price > 13.41 (RevStrat bull); stop < 13.29,RevStrat after 1-2D: watch for 2U reversal (1-2D-2U),,1,2U,3,2D,Unknown,Unknown,,0,
2026-10-07 16:23:57 EDT,BCCC,https://finance.yahoo.com/quote/BCCC/chart,13.37,2H,2U-1,1-2 BREAK_UP,bull,13.38,13.34,2,True,1,Bullish Candle,ALERT if price > 13.38 (inside break UP); stop < 13.34,Inside bar break UP (1-2),,1,2U,3,2D,Unknown,Unknown,,0,
2026-10-07 16:23:57 EDT,BCCC,https://finance.yahoo.com/quote/BCCC/chart,13.37,2H,2U-1,1-2 BREAK_DOWN,bear,13.34,13.38,2,False,1,Bullish Candle,ALERT if price < 13.34 (inside break DOWN); stop > 13.38,Inside bar break DOWN (1-2),,1,2U,3,2D,Unknown,Unknown,,0,
2026-10-07 16:23:57 EDT,BCCC,https://finance.yahoo.com/quote/BCCC/chart,13.37,1H,2U-1,1-2 BREAK_UP,bull,13.37,13.37,2,True,1,Doji,ALERT if price > 13.37 (inside break UP); stop < 13.37,Inside bar break UP (1-2),,1,2U,3,2D,Unknown,Unknown,,0,
2026-10-07 16:23:57 EDT,BCCC,https://finance.yahoo.com/quote/BCCC/chart,13.37,1H,2U-1,1-2 BREAK_DOWN,bear,13.37,13.37,2,False,1,Doji,ALERT if price < 13.37 (inside break DOWN); stop > 13.37,Inside bar break DOWN (1-2),,1,2U,3,2D,Unknown,Unknown,,0,
2026-10-07 16:23:57 EDT,BCD,https://finance.yahoo.com/quote/BCD/chart,38.88,D,3-1,1-2 BREAK_UP,bull,39.03,38.72,10,True,1,Bearish Candle,ALERT if price > 39.03 (inside break UP); stop < 38.72,Inside bar break UP (1-2),2U,2U,2U,2D,1,Unknown,Unknown,,0,
2026-10-07 16:23:57 EDT,BCD,https://finance.yahoo.com/quote/BCD/chart,38.88,D,3-1,1-2 BREAK_DOWN,bear,38.72,39.03,10,False,1,Bearish Candle,ALERT if price < 38.72 (inside break DOWN); stop > 39.03,Inside bar break DOWN (1-2),2U,2U,2U,2D,1,Unknown,Unknown,,0,
2026-10-07 16:23:57 EDT,BCD,https://finance.yahoo.com/quote/BCD/chart,38.88,4H,1-2D,REVSTRAT 1-2-2 (watch 2U),bull,38.93,38.72,10,True,2D,Bullish Candle,ALERT if price > 38.93 (RevStrat bull); stop < 38.72,RevStrat after 1-2D: watch for 2U reversal (1-2D-2U),2U,2U,2U,2D,1,Unknown,Unknown,,0,
2026-10-07 16:23:57 EDT,BCDF,https://finance.yahoo.com/quote/BCDF/chart,31.83,M,2U-3,3-2 BREAK_UP,bull,34.59,31.53,8,True,3,Bearish Candle,ALERT if price > 34.59 (outside break UP); stop < 31.53,Outside bar break UP (3-2),2U,2U,3,2D,2U,Unknown,Unknown,,0,
2026-10-07 16:23:57 EDT,BCDF,https://finance.yahoo.com/quote/BCDF/chart,31.83,M,2U-3,3-2 BREAK_DOWN,bear,31.53,34.59,8,False,3,Bearish Candle,ALERT if price < 31.53 (outside break DOWN); stop > 34.59,Outside bar break DOWN (3-2),2U,2U,3,2D,2U,Unknown,Unknown,,0,
2026-10-07 16:23:57 EDT,BCDF,https://finance.yahoo.com/quote/BCDF/chart,31.83,W,1-2D,REVSTRAT 1-2-2 (watch 2U),bull,32.26,31.53,8,True,2D,Bearish Candle,ALERT if price > 32.26 (RevStrat bull); stop < 31.53,RevStrat after 1-2D: watch for 2U reversal (1-2D-2U),2U,2U,3,2D,2U,Unknown,Unknown,,0,
2026-10-07 16:23:57 EDT,BCFN,https://finance.yahoo.com/quote/BCFN/chart,21.66,Q,1-2U,REVSTRAT 1-2-2 (watch 2D),bear,21.22,23.96,1,False,2U,Bearish Shooting-Star-like,ALERT if price < 21.22 (RevStrat bear); stop > 23.96,RevStrat after 1-2U: watch for 2D reversal (1-2U-2D),,2U,2D,1,1,Unknown,Unknown,,0,
2026-10-07 16:23:57 EDT,BCFN,https://finance.yahoo.com/quote/BCFN/chart,21.66,W,2D-1,1-2 BREAK_UP,bull,21.67,21.29,1,True,1,Bearish Candle,ALERT if price > 21.67 (inside break UP); stop < 21.29,Inside bar break UP (1-2),,2U,2D,1,1,Unknown,Unknown,,0,
2026-10-07 16:23:57 EDT,BCFN,https://finance.yahoo.com/quote/BCFN/chart,21.66,W,2D-1,1-2 BREAK_DOWN,bear,21.29,21.67,1,False,1,Bearish Candle,ALERT if price < 21.29 (inside break DOWN); stop > 21.67,Inside bar break DOWN (1-2),,2U,2D,1,1,Unknown,Unknown,,0,
2026-10-07 16:23:57 EDT,BCFN,https://finance.yahoo.com/quote/BCFN/chart,21.66,D,3-1,1-2 BREAK_UP,bull,21.78,21.62,1,True,1,Bullish Candle,ALERT if price > 21.78 (inside break UP); stop < 21.62,Inside bar break UP (1-2),,2U,2D,1,1,Unknown,Unknown,,0,
2026-10-07 16:23:57 EDT,BCFN,https://finance.yahoo.com/quote/BCFN/chart,21.66,D,3-1,1-2 BREAK_DOWN,bear,21.62,21.78,1,False,1,Bullish Candle,ALERT if price < 21.62 (inside break DOWN); stop > 21.78,Inside bar break DOWN (1-2),,2U,2D,1,1,Unknown,Unknown,,0,
2026-10-07 16:23:57 EDT,BCFN,https://finance.yahoo.com/quote/BCFN/chart,21.66,1H,2D-1,1-2 BREAK_UP,bull,21.66,21.66,1,True,1,Doji,ALERT if price > 21.66 (inside break UP); stop < 21.66,Inside bar break UP (1-2),,2U,2D,1,1,Unknown,Unknown,,0,
2026-10-07 16:23:57 EDT,BCFN,https://finance.yahoo.com/quote/BCFN/chart,21.66,1H,2D-1,1-2 BREAK_DOWN,bear,21.66,21.66,1,False,1,Doji,ALERT if price < 21.66 (inside break DOWN); stop > 21.66,Inside bar break DOWN (1-2),,2U,2D,1,1,Unknown,Unknown,,0,
2026-10-07 16:23:57 EDT,BCGD,https://finance.yahoo.com/quote/BCGD/chart,26.68,3H,2D-3,3-2 BREAK_UP,bull,26.65,26.56,-2,False,3,Bearish Candle,ALERT if price > 26.65 (outside break UP); stop < 26.56,Outside bar break UP (3-2),,2U,2D,2D,2D,Unknown,Unknown,,0,
2026-10-07 16:23:57 EDT,BCGD,https://finance.yahoo.com/quote/BCGD/chart,26.68,3H,2D-3,3-2 BREAK_DOWN,bear,26.56,26.65,-2,True,3,Bearish Candle,ALERT if price < 26.56 (outside break DOWN); stop > 26.65,Outside bar break DOWN (3-2),,2U,2D,2D,2D,Unknown,Unknown,,0,
2026-10-07 16:23:57 EDT,BCHP,https://finance.yahoo.com/quote/BCHP/chart,38.41,W,2U-1,1-2 BREAK_UP,bull,37.87,37.29,5,True,1,Doji,ALERT if price > 37.87 (inside break UP); stop < 37.29,Inside bar break UP (1-2),2U,2U,2D,1,2D,Unknown,Unknown,,0,
2026-10-07 16:23:57 EDT,BCHP,https://finance.yahoo.com/quote/BCHP/chart,38.41,W,2U-1,1-2 BREAK_DOWN,bear,37.29,37.87,5,False,1,Doji,ALERT if price < 37.29 (inside break DOWN); stop > 37.87,Inside bar break DOWN (1-2),2U,2U,2D,1,2D,Unknown,Unknown,,0,
2026-10-07 16:23:57 EDT,BCHP,https://finance.yahoo.com/quote/BCHP/chart,38.41,2H,2U-1,1-2 BREAK_UP,bull,38.41,38.39,5,True,1,Bullish Candle,ALERT if price > 38.41 (inside break UP); stop < 38.39,Inside bar break UP (1-2),2U,2U,2D,1,2D,Unknown,Unknown,,0,
2026-10-07 16:23:57 EDT,BCHP,https://finance.yahoo.com/quote/BCHP/chart,38.41,2H,2U-1,1-2 BREAK_DOWN,bear,38.39,38.41,5,False,1,Bullish Candle,ALERT if price < 38.39 (inside break DOWN); stop > 38.41,Inside bar break DOWN (1-2),2U,2U,2D,1,2D,Unknown,Unknown,,0,
2026-10-07 16:23:57 EDT,BCHP,https://finance.yahoo.com/quote/BCHP/chart,38.41,1H,3-2U,REVSTRAT 3-2-2 (watch 2D),bear,38.39,38.41,5,False,2U,Bullish Marubozu-like,ALERT if price < 38.39 (RevStrat bear); stop > 38.41,RevStrat after 3-2U: watch for 2D reversal (3-2U-2D),2U,2U,2D,1,2D,Unknown,Unknown,,0,
2026-10-07 16:23:57 EDT,BCI,https://finance.yahoo.com/quote/BCI/chart,26.07,D,3-2U,REVSTRAT 3-2-2 (watch 2D),bear,25.93,26.21,11,False,2U,Bearish Candle,ALERT if price < 25.93 (RevStrat bear); stop > 26.21,RevStrat after 3-2U: watch for 2D reversal (3-2U-2D),2U,2U,2U,2D,2U,Unknown,Unknown,,0,
2026-10-07 16:23:57 EDT,BCI,https://finance.yahoo.com/quote/BCI/chart,26.07,3H,3-2D,REVSTRAT 3-2-2 (watch 2U),bull,26.12,25.93,11,True,2D,Bearish Candle,ALERT if price > 26.12 (RevStrat bull); stop < 25.93,RevStrat after 3-2D: watch for 2U reversal (3-2D-2U),2U,2U,2U,2D,2U,Unknown,Unknown,,0,
2026-10-07 16:23:57 EDT,BCI,https://finance.yahoo.com/quote/BCI/chart,26.07,1H,2U-1,1-2 BREAK_UP,bull,26.07,26.04,11,True,1,Bullish Candle,ALERT if price > 26.07 (inside break UP); stop < 26.04,Inside bar break UP (1-2),2U,2U,2U,2D,2U,Unknown,Unknown,,0,
2026-10-07 16:23:57 EDT,BCI,https://finance.yahoo.com/quote/BCI/chart,26.07,1H,2U-1,1-2 BREAK_DOWN,bear,26.04,26.07,11,False,1,Bullish Candle,ALERT if price < 26.04 (inside break DOWN); stop > 26.07,Inside bar break DOWN (1-2),2U,2U,2U,2D,2U,Unknown,Unknown,,0,
2026-10-07 16:23:57 EDT,BCIL,https://finance.yahoo.com/quote/BCIL/chart,28.6,M,2U-1,1-2 BREAK_UP,bull,30.84,28.51,6,True,1,Bearish Candle,ALERT if price > 30.84 (inside break UP); stop < 28.51,Inside bar break UP (1-2),2U,2U,1,2D,2D,Unknown,Unknown,,0,
2026-10-07 16:23:57 EDT,BCIL,https://finance.yahoo.com/quote/BCIL/chart,28.6,M,2U-1,1-2 BREAK_DOWN,bear,28.51,30.84,6,False,1,Bearish Candle,ALERT if price < 28.51 (inside break DOWN); stop > 30.84,Inside bar break DOWN (1-2),2U,2U,1,2D,2D,Unknown,Unknown,,0,
2026-10-07 16:23:57 EDT,BCKT,https://finance.yahoo.com/quote/BCKT/chart,40.23,1H,1-2D,REVSTRAT 1-2-2 (watch 2U),bull,40.28,40.2,-8,False,2D,Bullish Candle,ALERT if price > 40.28 (RevStrat bull); stop < 40.2,RevStrat after 1-2D: watch for 2U reversal (1-2D-2U),,2D,2D,2D,2U,Unknown,Unknown,,0,
2026-10-07 16:23:57 EDT,BCLO,https://finance.yahoo.com/quote/BCLO/chart,49.85,Q,1-2U,REVSTRAT 1-2-2 (watch 2D),bear,49.03,50.07,8,False,2U,Bullish Candle,ALERT if price < 49.03 (RevStrat bear); stop > 50.07,RevStrat after 1-2U: watch for 2D reversal (1-2U-2D),,2U,2U,3,2U,Unknown,Unknown,,0,
2026-10-07 16:23:57 EDT,BCLO,https://finance.yahoo.com/quote/BCLO/chart,49.85,W,2U-3,3-2 BREAK_UP,bull,50.07,49.75,8,True,3,Bearish Candle,ALERT if price > 50.07 (outside break UP); stop < 49.75,Outside bar break UP (3-2),,2U,2U,3,2U,Unknown,Unknown,,0,
2026-10-07 16:23:57 EDT,BCLO,https://finance.yahoo.com/quote/BCLO/chart,49.85,W,2U-3,3-2 BREAK_DOWN,bear,49.75,50.07,8,False,3,Bearish Candle,ALERT if price < 49.75 (outside break DOWN); stop > 50.07,Outside bar break DOWN (3-2),,2U,2U,3,2U,Unknown,Unknown,,0,
2026-10-07 16:23:57 EDT,BCLO,https://finance.yahoo.com/quote/BCLO/chart,49.85,D,3-2U,REVSTRAT 3-2-2 (watch 2D),bear,49.79,49.87,8,False,2U,Bullish Candle,ALERT if price < 49.79 (RevStrat bear); stop > 49.87,RevStrat after 3-2U: watch for 2D reversal (3-2U-2D),,2U,2U,3,2U,Unknown,Unknown,,0,
2026-10-07 16:23:57 EDT,BCLO,https://finance.yahoo.com/quote/BCLO/chart,49.85,4H,2U-1,1-2 BREAK_UP,bull,49.87,49.82,8,True,1,Bullish Candle,ALERT if price > 49.87 (inside break UP); stop < 49.82,Inside bar break UP (1-2),,2U,2U,3,2U,Unknown,Unknown,,0,
2026-10-07 16:23:57 EDT,BCLO,https://finance.yahoo.com/quote/BCLO/chart,49.85,4H,2U-1,1-2 BREAK_DOWN,bear,49.82,49.87,8,False,1,Bullish Candle,ALERT if price < 49.82 (inside break DOWN); stop > 49.87,Inside bar break DOWN (1-2),,2U,2U,3,2U,Unknown,Unknown,,0,
2026-10-07 16:23:57 EDT,BCLO,https://finance.yahoo.com/quote/BCLO/chart,49.85,3H,2U-1,1-2 BREAK_UP,bull,49.87,49.82,8,True,1,Bearish Candle,ALERT if price > 49.87 (inside break UP); stop < 49.82,Inside bar break UP (1-2),,2U,2U,3,2U,Unknown,Unknown,,0,
2026-10-07 16:23:57 EDT,BCLO,https://finance.yahoo.com/quote/BCLO/chart,49.85,3H,2U-1,1-2 BREAK_DOWN,bear,49.82,49.87,8,False,1,Bearish Candle,ALERT if price < 49.82 (inside break DOWN); stop > 49.87,Inside bar break DOWN (1-2),,2U,2U,3,2U,Unknown,Unknown,,0,
2026-10-07 16:23:57 EDT,BCLO,https://finance.yahoo.com/quote/BCLO/chart,49.85,2H,2D-1,1-2 BREAK_UP,bull,49.86,49.83,8,True,1,Bearish Hanging-Man-like,ALERT if price > 49.86 (inside break UP); stop < 49.83,Inside bar break UP (1-2),,2U,2U,3,2U,Unknown,Unknown,,0,
2026-10-07 16:23:57 EDT,BCLO,https://finance.yahoo.com/quote/BCLO/chart,49.85,2H,2D-1,1-2 BREAK_DOWN,bear,49.83,49.86,8,False,1,Bearish Hanging-Man-like,ALERT if price < 49.83 (inside break DOWN); stop > 49.86,Inside bar break DOWN (1-2),,2U,2U,3,2U,Unknown,Unknown,,0,
2026-10-07 16:23:57 EDT,BCLO,https://finance.yahoo.com/quote/BCLO/chart,49.85,1H,1-1,1-2 BREAK_UP,bull,49.86,49.83,8,True,1,Bearish Hanging-Man-like,ALERT if price > 49.86 (inside break UP); stop < 49.83,Inside bar break UP (1-2),,2U,2U,3,2U,Unknown,Unknown,,0,
2026-10-07 16:23:57 EDT,BCLO,https://finance.yahoo.com/quote/BCLO/chart,49.85,1H,1-1,1-2 BREAK_DOWN,bear,49.83,49.86,8,False,1,Bearish Hanging-Man-like,ALERT if price < 49.83 (inside break DOWN); stop > 49.86,Inside bar break DOWN (1-2),,2U,2U,3,2U,Unknown,Unknown,,0,
2026-10-07 16:23:57 EDT,BCSM,https://finance.yahoo.com/quote/BCSM/chart,24.61,Q,1-2U,REVSTRAT 1-2-2 (watch 2D),bear,23.38,26.16,-2,True,2U,Bearish Candle,ALERT if price < 23.38 (RevStrat bear); stop > 26.16,RevStrat after 1-2U: watch for 2D reversal (1-2U-2D),,2U,2D,2D,2D,Unknown,Unknown,,0,
2026-10-07 16:23:57 EDT,BCTK,https://finance.yahoo.com/quote/BCTK/chart,32.14,Q,2U-1,1-2 BREAK_UP,bull,31.96,26.43,-1,False,1,Bearish Hanging-Man-like,ALERT if price > 31.96 (inside break UP); stop < 26.43,Inside bar break UP (1-2),,1,1,3,2D,Unknown,Unknown,,0,
2026-10-07 16:23:57 EDT,BCTK,https://finance.yahoo.com/quote/BCTK/chart,32.14,Q,2U-1,1-2 BREAK_DOWN,bear,26.43,31.96,-1,True,1,Bearish Hanging-Man-like,ALERT if price < 26.43 (inside break DOWN); stop > 31.96,Inside bar break DOWN (1-2),,1,1,3,2D,Unknown,Unknown,,0,
2026-10-07 16:23:57 EDT,BCTK,https://finance.yahoo.com/quote/BCTK/chart,32.14,M,1-1,1-2 BREAK_UP,bull,31.4,28.99,-1,False,1,Bullish Candle,ALERT if price > 31.4 (inside break UP); stop < 28.99,Inside bar break UP (1-2),,1,1,3,2D,Unknown,Unknown,,0,
2026-10-07 16:23:57 EDT,BCTK,https://finance.yahoo.com/quote/BCTK/chart,32.14,M,1-1,1-2 BREAK_DOWN,bear,28.99,31.4,-1,True,1,Bullish Candle,ALERT if price < 28.99 (inside break DOWN); stop > 31.4,Inside bar break DOWN (1-2),,1,1,3,2D,Unknown,Unknown,,0,
2026-10-07 16:23:57 EDT,BCTK,https://finance.yahoo.com/quote/BCTK/chart,32.14,W,2U-3,3-2 BREAK_UP,bull,31.9,30.34,-1,False,3,Bullish Candle,ALERT if price > 31.9 (outside break UP); stop < 30.34,Outside bar break UP (3-2),,1,1,3,2D,Unknown,Unknown,,0,
2026-10-07 16:23:57 EDT,BCTK,https://finance.yahoo.com/quote/BCTK/chart,32.14,W,2U-3,3-2 BREAK_DOWN,bear,30.34,31.9,-1,True,3,Bullish Candle,ALERT if price < 30.34 (outside break DOWN); stop > 31.9,Outside bar break DOWN (3-2),,1,1,3,2D,Unknown,Unknown,,0,
2026-10-07 16:23:57 EDT,BCTK,https://finance.yahoo.com/quote/BCTK/chart,32.14,2H,1-2U,REVSTRAT 1-2-2 (watch 2D),bear,32.13,32.48,-1,True,2U,Gravestone Doji (bearish-leaning),ALERT if price < 32.13 (RevStrat bear); stop > 32.48,RevStrat after 1-2U: watch for 2D reversal (1-2U-2D),,1,1,3,2D,Unknown,Unknown,,0,
2026-10-07 16:23:57 EDT,BCUS,https://finance.yahoo.com/quote/BCUS/chart,34.16,Y,3-2U,REVSTRAT 3-2-2 (watch 2D),bear,26.19,33.11,-1,True,2U,Bullish Candle,ALERT if price < 26.19 (RevStrat bear); stop > 33.11,RevStrat after 3-2U: watch for 2D reversal (3-2U-2D),2U,1,2D,2D,2D,Unknown,Unknown,,0,
2026-10-07 16:23:57 EDT,BCUS,https://finance.yahoo.com/quote/BCUS/chart,34.16,Q,2U-1,1-2 BREAK_UP,bull,37.23,33.57,-1,False,1,Bearish Candle,ALERT if price > 37.23 (inside break UP); stop < 33.57,Inside bar break UP (1-2),2U,1,2D,2D,2D,Unknown,Unknown,,0,
2026-10-07 16:23:57 EDT,BCUS,https://finance.yahoo.com/quote/BCUS/chart,34.16,Q,2U-1,1-2 BREAK_DOWN,bear,33.57,37.23,-1,True,1,Bearish Candle,ALERT if price < 33.57 (inside break DOWN); stop > 37.23,Inside bar break DOWN (1-2),2U,1,2D,2D,2D,Unknown,Unknown,,0,
2026-10-07 16:23:57 EDT,BCUS,https://finance.yahoo.com/quote/BCUS/chart,34.16,4H,2D-1,1-2 BREAK_UP,bull,34.21,34.16,-1,False,1,Gravestone Doji (bearish-leaning),ALERT if price > 34.21 (inside break UP); stop < 34.16,Inside bar break UP (1-2),2U,1,2D,2D,2D,Unknown,Unknown,,0,
2026-10-07 16:23:57 EDT,BCUS,https://finance.yahoo.com/quote/BCUS/chart,34.16,4H,2D-1,1-2 BREAK_DOWN,bear,34.16,34.21,-1,True,1,Gravestone Doji (bearish-leaning),ALERT if price < 34.16 (inside break DOWN); stop > 34.21,Inside bar break DOWN (1-2),2U,1,2D,2D,2D,Unknown,Unknown,,0,
2026-10-07 16:23:57 EDT,BCUS,https://finance.yahoo.com/quote/BCUS/chart,34.16,3H,2D-1,1-2 BREAK_UP,bull,34.21,34.16,-1,False,1,Gravestone Doji (bearish-leaning),ALERT if price > 34.21 (inside break UP); stop < 34.16,Inside bar break UP (1-2),2U,1,2D,2D,2D,Unknown,Unknown,,0,
2026-10-07 16:23:57 EDT,BCUS,https://finance.yahoo.com/quote/BCUS/chart,34.16,3H,2D-1,1-2 BREAK_DOWN,bear,34.16,34.21,-1,True,1,Gravestone Doji (bearish-leaning),ALERT if price < 34.16 (inside break DOWN); stop > 34.21,Inside bar break DOWN (1-2),2U,1,2D,2D,2D,Unknown,Unknown,,0,
2026-10-07 16:23:57 EDT,BCUS,https://finance.yahoo.com/quote/BCUS/chart,34.16,2H,2D-1,1-2 BREAK_UP,bull,34.21,34.16,-1,False,1,Gravestone Doji (bearish-leaning),ALERT if price > 34.21 (inside break UP); stop < 34.16,Inside bar break UP (1-2),2U,1,2D,2D,2D,Unknown,Unknown,,0,
2026-10-07 16:23:57 EDT,BCUS,https://finance.yahoo.com/quote/BCUS/chart,34.16,2H,2D-1,1-2 BREAK_DOWN,bear,34.16,34.21,-1,True,1,Gravestone Doji (bearish-leaning),ALERT if price < 34.16 (inside break DOWN); stop > 34.21,Inside bar break DOWN (1-2),2U,1,2D,2D,2D,Unknown,Unknown,,0,
2026-10-07 16:23:57 EDT,BCUS,https://finance.yahoo.com/quote/BCUS/chart,34.16,1H,1-1,1-2 BREAK_UP,bull,34.16,34.16,-1,False,1,Doji,ALERT if price > 34.16 (inside break UP); stop < 34.16,Inside bar break UP (1-2),2U,1,2D,2D,2D,Unknown,Unknown,,0,
2026-10-07 16:23:57 EDT,BCUS,https://finance.yahoo.com/quote/BCUS/chart,34.16,1H,1-1,1-2 BREAK_DOWN,bear,34.16,34.16,-1,True,1,Doji,ALERT if price < 34.16 (inside break DOWN); stop > 34.16,Inside bar break DOWN (1-2),2U,1,2D,2D,2D,Unknown,Unknown,,0,
2026-10-07 16:23:57 EDT,BDBT,https://finance.yahoo.com/quote/BDBT/chart,24.15,M,1-3,3-2 BREAK_UP,bull,25.06,24.05,-6,False,3,Bearish Candle,ALERT if price > 25.06 (outside break UP); stop < 24.05,Outside bar break UP (3-2),,2D,3,2D,1,Unknown,Unknown,,0,
2026-10-07 16:23:57 EDT,BDBT,https://finance.yahoo.com/quote/BDBT/chart,24.15,M,1-3,3-2 BREAK_DOWN,bear,24.05,25.06,-6,True,3,Bearish Candle,ALERT if price < 24.05 (outside break DOWN); stop > 25.06,Outside bar break DOWN (3-2),,2D,3,2D,1,Unknown,Unknown,,0,
2026-10-07 16:23:57 EDT,BDBT,https://finance.yahoo.com/quote/BDBT/chart,24.15,D,2U-1,1-2 BREAK_UP,bull,24.16,24.11,-6,False,1,Bullish Candle,ALERT if price > 24.16 (inside break UP); stop < 24.11,Inside bar break UP (1-2),,2D,3,2D,1,Unknown,Unknown,,0,
2026-10-07 16:23:57 EDT,BDBT,https://finance.yahoo.com/quote/BDBT/chart,24.15,D,2U-1,1-2 BREAK_DOWN,bear,24.11,24.16,-6,True,1,Bullish Candle,ALERT if price < 24.11 (inside break DOWN); stop > 24.16,Inside bar break DOWN (1-2),,2D,3,2D,1,Unknown,Unknown,,0,
2026-10-07 16:23:57 EDT,BDBT,https://finance.yahoo.com/quote/BDBT/chart,24.15,3H,1-3,3-2 BREAK_UP,bull,24.16,24.11,-6,False,3,Bullish Candle,ALERT if price > 24.16 (outside break UP); stop < 24.11,Outside bar break UP (3-2),,2D,3,2D,1,Unknown,Unknown,,0,
2026-10-07 16:23:57 EDT,BDBT,https://finance.yahoo.com/quote/BDBT/chart,24.15,3H,1-3,3-2 BREAK_DOWN,bear,24.11,24.16,-6,True,3,Bullish Candle,ALERT if price < 24.11 (outside break DOWN); stop > 24.16,Outside bar break DOWN (3-2),,2D,3,2D,1,Unknown,Unknown,,0,
2026-10-07 16:23:57 EDT,BDBT,https://finance.yahoo.com/quote/BDBT/chart,24.15,2H,2U-1,1-2 BREAK_UP,bull,24.16,24.15,-6,False,1,Bearish Marubozu-like,ALERT if price > 24.16 (inside break UP); stop < 24.15,Inside bar break UP (1-2),,2D,3,2D,1,Unknown,Unknown,,0,
2026-10-07 16:23:57 EDT,BDBT,https://finance.yahoo.com/quote/BDBT/chart,24.15,2H,2U-1,1-2 BREAK_DOWN,bear,24.15,24.16,-6,True,1,Bearish Marubozu-like,ALERT if price < 24.15 (inside break DOWN); stop > 24.16,Inside bar break DOWN (1-2),,2D,3,2D,1,Unknown,Unknown,,0,
2026-10-07 16:23:57 EDT,BDBT,https://finance.yahoo.com/quote/BDBT/chart,24.15,1H,1-1,1-2 BREAK_UP,bull,24.16,24.15,-6,False,1,Bearish Marubozu-like,ALERT if price > 24.16 (inside break UP); stop < 24.15,Inside bar break UP (1-2),,2D,3,2D,1,Unknown,Unknown,,0,
2026-10-07 16:23:57 EDT,BDBT,https://finance.yahoo.com/quote/BDBT/chart,24.15,1H,1-1,1-2 BREAK_DOWN,bear,24.15,24.16,-6,True,1,Bearish Marubozu-like,ALERT if price < 24.15 (inside break DOWN); stop > 24.16,Inside bar break DOWN (1-2),,2D,3,2D,1,Unknown,Unknown,,0,
2026-10-07 16:23:57 EDT,BDEC,https://finance.yahoo.com/quote/BDEC/chart,55.38,Y,2U-3,3-2 BREAK_UP,bull,49.96,37.82,4,True,3,Bullish Candle,ALERT if price > 49.96 (outside break UP); stop < 37.82,Outside bar break UP (3-2),3,2U,2U,2D,2D,Unknown,Unknown,,0,
2026-10-07 16:23:57 EDT,BDEC,https://finance.yahoo.com/quote/BDEC/chart,55.38,Y,2U-3,3-2 BREAK_DOWN,bear,37.82,49.96,4,False,3,Bullish Candle,ALERT if price < 37.82 (outside break DOWN); stop > 49.96,Outside bar break DOWN (3-2),3,2U,2U,2D,2D,Unknown,Unknown,,0,
2026-10-07 16:23:57 EDT,BDGS,https://finance.yahoo.com/quote/BDGS/chart,38.35,W,2U-3,3-2 BREAK_UP,bull,38.38,37.71,11,True,3,Bullish Candle,ALERT if price > 38.38 (outside break UP); stop < 37.71,Outside bar break UP (3-2),2U,2U,2U,3,2D,Unknown,Unknown,,0,
2026-10-07 16:23:57 EDT,BDGS,https://finance.yahoo.com/quote/BDGS/chart,38.35,W,2U-3,3-2 BREAK_DOWN,bear,37.71,38.38,11,False,3,Bullish Candle,ALERT if price < 37.71 (outside break DOWN); stop > 38.38,Outside bar break DOWN (3-2),2U,2U,2U,3,2D,Unknown,Unknown,,0,
2026-10-07 16:23:57 EDT,BDIV,https://finance.yahoo.com/quote/BDIV/chart,24.69,Y,None-3,3-2 BREAK_UP,bull,23.48,17.36,-2,False,3,Bullish Candle,ALERT if price > 23.48 (outside break UP); stop < 17.36,Outside bar break UP (3-2),3,2U,2D,2D,2D,Unknown,Unknown,,0,
2026-10-07 16:23:57 EDT,BDIV,https://finance.yahoo.com/quote/BDIV/chart,24.69,Y,None-3,3-2 BREAK_DOWN,bear,17.36,23.48,-2,True,3,Bullish Candle,ALERT if price < 17.36 (outside break DOWN); stop > 23.48,Outside bar break DOWN (3-2),3,2U,2D,2D,2D,Unknown,Unknown,,0,
2026-10-07 16:23:57 EDT,BDIV,https://finance.yahoo.com/quote/BDIV/chart,24.69,W,1-2D,REVSTRAT 1-2-2 (watch 2U),bull,24.47,24.13,-2,False,2D,Doji,ALERT if price > 24.47 (RevStrat bull); stop < 24.13,RevStrat after 1-2D: watch for 2U reversal (1-2D-2U),3,2U,2D,2D,2D,Unknown,Unknown,,0,
2026-10-07 16:23:57 EDT,BDIV,https://finance.yahoo.com/quote/BDIV/chart,24.69,2H,2U-3,3-2 BREAK_UP,bull,24.71,24.69,-2,False,3,Bearish Candle,ALERT if price > 24.71 (outside break UP); stop < 24.69,Outside bar break UP (3-2),3,2U,2D,2D,2D,Unknown,Unknown,,0,
2026-10-07 16:23:57 EDT,BDIV,https://finance.yahoo.com/quote/BDIV/chart,24.69,2H,2U-3,3-2 BREAK_DOWN,bear,24.69,24.71,-2,True,3,Bearish Candle,ALERT if price < 24.69 (outside break DOWN); stop > 24.71,Outside bar break DOWN (3-2),3,2U,2D,2D,2D,Unknown,Unknown,,0,
2026-10-07 16:23:57 EDT,BDIV,https://finance.yahoo.com/quote/BDIV/chart,24.69,1H,2U-3,3-2 BREAK_UP,bull,24.71,24.69,-2,False,3,Bearish Candle,ALERT if price > 24.71 (outside break UP); stop < 24.69,Outside bar break UP (3-2),3,2U,2D,2D,2D,Unknown,Unknown,,0,
2026-10-07 16:23:57 EDT,BDIV,https://finance.yahoo.com/quote/BDIV/chart,24.69,1H,2U-3,3-2 BREAK_DOWN,bear,24.69,24.71,-2,True,3,Bearish Candle,ALERT if price < 24.69 (outside break DOWN); stop > 24.71,Outside bar break DOWN (3-2),3,2U,2D,2D,2D,Unknown,Unknown,,0,
2026-10-07 16:23:57 EDT,BDRY,https://finance.yahoo.com/quote/BDRY/chart,14.61,D,1-2U,REVSTRAT 1-2-2 (watch 2D),bear,14.33,14.62,1,False,2U,Doji,ALERT if price < 14.33 (RevStrat bear); stop > 14.62,RevStrat after 1-2U: watch for 2D reversal (1-2U-2D),2D,2U,2U,2D,2U,Unknown,Unknown,,0,
2026-10-07 16:23:57 EDT,BDRY,https://finance.yahoo.com/quote/BDRY/chart,14.61,4H,2U-3,3-2 BREAK_UP,bull,14.62,14.33,1,True,3,Bullish Hammer-like,ALERT if price > 14.62 (outside break UP); stop < 14.33,Outside bar break UP (3-2),2D,2U,2U,2D,2U,Unknown,Unknown,,0,
2026-10-07 16:23:57 EDT,BDRY,https://finance.yahoo.com/quote/BDRY/chart,14.61,4H,2U-3,3-2 BREAK_DOWN,bear,14.33,14.62,1,False,3,Bullish Hammer-like,ALERT if price < 14.33 (outside break DOWN); stop > 14.62,Outside bar break DOWN (3-2),2D,2U,2U,2D,2U,Unknown,Unknown,,0,
2026-10-07 16:23:57 EDT,BDVG,https://finance.yahoo.com/quote/BDVG/chart,14.85,Y,2U-3,3-2 BREAK_UP,bull,13.05,10.26,-2,False,3,Bullish Candle,ALERT if price > 13.05 (outside break UP); stop < 10.26,Outside bar break UP (3-2),3,2U,2D,2D,2D,Unknown,Unknown,,0,
2026-10-07 16:23:57 EDT,BDVG,https://finance.yahoo.com/quote/BDVG/chart,14.85,Y,2U-3,3-2 BREAK_DOWN,bear,10.26,13.05,-2,True,3,Bullish Candle,ALERT if price < 10.26 (outside break DOWN); stop > 13.05,Outside bar break DOWN (3-2),3,2U,2D,2D,2D,Unknown,Unknown,,0,
2026-10-07 16:23:57 EDT,BDVG,https://finance.yahoo.com/quote/BDVG/chart,14.85,2H,2U-1,1-2 BREAK_UP,bull,14.86,14.85,-2,False,1,Gravestone Doji (bearish-leaning),ALERT if price > 14.86 (inside break UP); stop < 14.85,Inside bar break UP (1-2),3,2U,2D,2D,2D,Unknown,Unknown,,0,
2026-10-07 16:23:57 EDT,BDVG,https://finance.yahoo.com/quote/BDVG/chart,14.85,2H,2U-1,1-2 BREAK_DOWN,bear,14.85,14.86,-2,True,1,Gravestone Doji (bearish-leaning),ALERT if price < 14.85 (inside break DOWN); stop > 14.86,Inside bar break DOWN (1-2),3,2U,2D,2D,2D,Unknown,Unknown,,0,
2026-10-07 16:23:57 EDT,BDVG,https://finance.yahoo.com/quote/BDVG/chart,14.85,1H,1-2U,REVSTRAT 1-2-2 (watch 2D),bear,14.85,14.86,-2,True,2U,Gravestone Doji (bearish-leaning),ALERT if price < 14.85 (RevStrat bear); stop > 14.86,RevStrat after 1-2U: watch for 2D reversal (1-2U-2D),3,2U,2D,2D,2D,Unknown,Unknown,,0,
2026-10-07 16:23:57 EDT,BDVL,https://finance.yahoo.com/quote/BDVL/chart,26.41,1H,3-2D,REVSTRAT 3-2-2 (watch 2U),bull,26.42,26.39,-2,False,2D,Bearish Candle,ALERT if price > 26.42 (RevStrat bull); stop < 26.39,RevStrat after 3-2D: watch for 2U reversal (3-2D-2U),,2U,2D,2D,2D,Unknown,Unknown,,0,
2026-10-07 16:23:57 EDT,BDYN,https://finance.yahoo.com/quote/BDYN/chart,28.13,M,2U-1,1-2 BREAK_UP,bull,28.37,27.38,1,True,1,Doji,ALERT if price > 28.37 (inside break UP); stop < 27.38,Inside bar break UP (1-2),,2U,1,2D,2D,Unknown,Unknown,,0,
2026-10-07 16:23:57 EDT,BDYN,https://finance.yahoo.com/quote/BDYN/chart,28.13,M,2U-1,1-2 BREAK_DOWN,bear,27.38,28.37,1,False,1,Doji,ALERT if price < 27.38 (inside break DOWN); stop > 28.37,Inside bar break DOWN (1-2),,2U,1,2D,2D,Unknown,Unknown,,0,
2026-10-07 16:23:57 EDT,BDYN,https://finance.yahoo.com/quote/BDYN/chart,28.13,2H,2U-1,1-2 BREAK_UP,bull,28.15,28.09,1,True,1,Bullish Candle,ALERT if price > 28.15 (inside break UP); stop < 28.09,Inside bar break UP (1-2),,2U,1,2D,2D,Unknown,Unknown,,0,
2026-10-07 16:23:57 EDT,BDYN,https://finance.yahoo.com/quote/BDYN/chart,28.13,2H,2U-1,1-2 BREAK_DOWN,bear,28.09,28.15,1,False,1,Bullish Candle,ALERT if price < 28.09 (inside break DOWN); stop > 28.15,Inside bar break DOWN (1-2),,2U,1,2D,2D,Unknown,Unknown,,0,
2026-10-07 16:23:57 EDT,BEDY,https://finance.yahoo.com/quote/BEDY/chart,28.67,4H,2D-1,1-2 BREAK_UP,bull,28.73,28.66,-2,False,1,Bearish Candle,ALERT if price > 28.73 (inside break UP); stop < 28.66,Inside bar break UP (1-2),,2U,2D,2D,2D,Unknown,Unknown,,0,
2026-10-07 16:23:57 EDT,BEDY,https://finance.yahoo.com/quote/BEDY/chart,28.67,4H,2D-1,1-2 BREAK_DOWN,bear,28.66,28.73,-2,True,1,Bearish Candle,ALERT if price < 28.66 (inside break DOWN); stop > 28.73,Inside bar break DOWN (1-2),,2U,2D,2D,2D,Unknown,Unknown,,0,
2026-10-07 16:23:57 EDT,BEDY,https://finance.yahoo.com/quote/BEDY/chart,28.67,3H,2D-1,1-2 BREAK_UP,bull,28.73,28.65,-2,False,1,Bullish Candle,ALERT if price > 28.73 (inside break UP); stop < 28.65,Inside bar break UP (1-2),,2U,2D,2D,2D,Unknown,Unknown,,0,
2026-10-07 16:23:57 EDT,BEDY,https://finance.yahoo.com/quote/BEDY/chart,28.67,3H,2D-1,1-2 BREAK_DOWN,bear,28.65,28.73,-2,True,1,Bullish Candle,ALERT if price < 28.65 (inside break DOWN); stop > 28.73,Inside bar break DOWN (1-2),,2U,2D,2D,2D,Unknown,Unknown,,0,
2026-10-07 16:23:57 EDT,BEEX,https://finance.yahoo.com/quote/BEEX/chart,27.36,Y,None-3,3-2 BREAK_UP,bull,26.06,19.71,-2,False,3,Bullish Candle,ALERT if price > 26.06 (outside break UP); stop < 19.71,Outside bar break UP (3-2),3,2U,2D,2D,2D,Unknown,Unknown,,0,
2026-10-07 16:23:57 EDT,BEEX,https://finance.yahoo.com/quote/BEEX/chart,27.36,Y,None-3,3-2 BREAK_DOWN,bear,19.71,26.06,-2,True,3,Bullish Candle,ALERT if price < 19.71 (outside break DOWN); stop > 26.06,Outside bar break DOWN (3-2),3,2U,2D,2D,2D,Unknown,Unknown,,0,
2026-10-07 16:23:57 EDT,BEEX,https://finance.yahoo.com/quote/BEEX/chart,27.36,D,1-2D,REVSTRAT 1-2-2 (watch 2U),bull,27.53,27.36,-2,False,2D,Bullish Marubozu-like,ALERT if price > 27.53 (RevStrat bull); stop < 27.36,RevStrat after 1-2D: watch for 2U reversal (1-2D-2U),3,2U,2D,2D,2D,Unknown,Unknown,,0,
2026-10-07 16:23:57 EDT,BEEX,https://finance.yahoo.com/quote/BEEX/chart,27.36,1H,1-2D,REVSTRAT 1-2-2 (watch 2U),bull,27.36,27.36,-2,False,2D,Doji,ALERT if price > 27.36 (RevStrat bull); stop < 27.36,RevStrat after 1-2D: watch for 2U reversal (1-2D-2U),3,2U,2D,2D,2D,Unknown,Unknown,,0,
2026-10-07 16:23:57 EDT,BEEZ,https://finance.yahoo.com/quote/BEEZ/chart,34.66,Y,2U-3,3-2 BREAK_UP,bull,33.94,27.06,0,False,3,Bullish Candle,ALERT if price > 33.94 (outside break UP); stop < 27.06,Outside bar break UP (3-2),3,2U,2D,3,2D,Unknown,Unknown,,0,
2026-10-07 16:23:57 EDT,BEEZ,https://finance.yahoo.com/quote/BEEZ/chart,34.66,Y,2U-3,3-2 BREAK_DOWN,bear,27.06,33.94,0,False,3,Bullish Candle,ALERT if price < 27.06 (outside break DOWN); stop > 33.94,Outside bar break DOWN (3-2),3,2U,2D,3,2D,Unknown,Unknown,,0,
2026-10-07 16:23:57 EDT,BEEZ,https://finance.yahoo.com/quote/BEEZ/chart,34.66,Q,1-2U,REVSTRAT 1-2-2 (watch 2D),bear,32.91,35.74,0,False,2U,Bullish Candle,ALERT if price < 32.91 (RevStrat bear); stop > 35.74,RevStrat after 1-2U: watch for 2D reversal (1-2U-2D),3,2U,2D,3,2D,Unknown,Unknown,,0,
2026-10-07 16:23:57 EDT,BEEZ,https://finance.yahoo.com/quote/BEEZ/chart,34.66,W,2U-3,3-2 BREAK_UP,bull,34.48,34.17,0,False,3,Doji,ALERT if price > 34.48 (outside break UP); stop < 34.17,Outside bar break UP (3-2),3,2U,2D,3,2D,Unknown,Unknown,,0,
2026-10-07 16:23:57 EDT,BEEZ,https://finance.yahoo.com/quote/BEEZ/chart,34.66,W,2U-3,3-2 BREAK_DOWN,bear,34.17,34.48,0,False,3,Doji,ALERT if price < 34.17 (outside break DOWN); stop > 34.48,Outside bar break DOWN (3-2),3,2U,2D,3,2D,Unknown,Unknown,,0,
2026-10-07 16:23:57 EDT,BEG,https://finance.yahoo.com/quote/BEG/chart,55.28,M,1-2U,REVSTRAT 1-2-2 (watch 2D),bear,27.68,59.5,0,False,2U,Bullish Candle,ALERT if price < 27.68 (RevStrat bear); stop > 59.5,RevStrat after 1-2U: watch for 2D reversal (1-2U-2D),,2D,2U,2U,2D,Unknown,Unknown,,0,
2026-10-07 16:23:57 EDT,BEG,https://finance.yahoo.com/quote/BEG/chart,55.28,4H,2D-1,1-2 BREAK_UP,bull,55.45,53.32,0,False,1,Bullish Candle,ALERT if price > 55.45 (inside break UP); stop < 53.32,Inside bar break UP (1-2),,2D,2U,2U,2D,Unknown,Unknown,,0,
2026-10-07 16:23:57 EDT,BEG,https://finance.yahoo.com/quote/BEG/chart,55.28,4H,2D-1,1-2 BREAK_DOWN,bear,53.32,55.45,0,False,1,Bullish Candle,ALERT if price < 53.32 (inside break DOWN); stop > 55.45,Inside bar break DOWN (1-2),,2D,2U,2U,2D,Unknown,Unknown,,0,
2026-10-07 16:23:57 EDT,BEG,https://finance.yahoo.com/quote/BEG/chart,55.28,3H,2D-1,1-2 BREAK_UP,bull,54.76,53.16,0,False,1,Bullish Candle,ALERT if price > 54.76 (inside break UP); stop < 53.16,Inside bar break UP (1-2),,2D,2U,2U,2D,Unknown,Unknown,,0,
2026-10-07 16:23:57 EDT,BEG,https://finance.yahoo.com/quote/BEG/chart,55.28,3H,2D-1,1-2 BREAK_DOWN,bear,53.16,54.76,0,False,1,Bullish Candle,ALERT if price < 53.16 (inside break DOWN); stop > 54.76,Inside bar break DOWN (1-2),,2D,2U,2U,2D,Unknown,Unknown,,0,
2026-10-07 16:23:57 EDT,BEGS,https://finance.yahoo.com/quote/BEGS/chart,17.68,Q,2D-1,1-2 BREAK_UP,bull,20.04,12.56,0,False,1,Bullish Candle,ALERT if price > 20.04 (inside break UP); stop < 12.56,Inside bar break UP (1-2),,1,2U,2D,2D,Unknown,Unknown,,0,
2026-10-07 16:23:57 EDT,BEGS,https://finance.yahoo.com/quote/BEGS/chart,17.68,Q,2D-1,1-2 BREAK_DOWN,bear,12.56,20.04,0,False,1,Bullish Candle,ALERT if price < 12.56 (inside break DOWN); stop > 20.04,Inside bar break DOWN (1-2),,1,2U,2D,2D,Unknown,Unknown,,0,
2026-10-07 16:23:57 EDT,BEMB,https://finance.yahoo.com/quote/BEMB/chart,50.75,Y,2U-3,3-2 BREAK_UP,bull,54.79,49.88,-10,False,3,Bullish Candle,ALERT if price > 54.79 (outside break UP); stop < 49.88,Outside bar break UP (3-2),3,2D,2D,2D,2D,Unknown,Unknown,,0,
2026-10-07 16:23:57 EDT,BEMB,https://finance.yahoo.com/quote/BEMB/chart,50.75,Y,2U-3,3-2 BREAK_DOWN,bear,49.88,54.79,-10,True,3,Bullish Candle,ALERT if price < 49.88 (outside break DOWN); stop > 54.79,Outside bar break DOWN (3-2),3,2D,2D,2D,2D,Unknown,Unknown,,0,
2026-10-07 16:23:57 EDT,BEMB,https://finance.yahoo.com/quote/BEMB/chart,50.75,Q,1-2D,REVSTRAT 1-2-2 (watch 2U),bull,53.28,50.88,-10,False,2D,Bearish Marubozu-like,ALERT if price > 53.28 (RevStrat bull); stop < 50.88,RevStrat after 1-2D: watch for 2U reversal (1-2D-2U),3,2D,2D,2D,2D,Unknown,Unknown,,0,
2026-10-07 16:23:57 EDT,BEMB,https://finance.yahoo.com/quote/BEMB/chart,50.75,M,1-2D,REVSTRAT 1-2-2 (watch 2U),bull,52.53,50.88,-10,False,2D,Bearish Marubozu-like,ALERT if price > 52.53 (RevStrat bull); stop < 50.88,RevStrat after 1-2D: watch for 2U reversal (1-2D-2U),3,2D,2D,2D,2D,Unknown,Unknown,,0,
2026-10-07 16:23:57 EDT,BEMB,https://finance.yahoo.com/quote/BEMB/chart,50.75,W,3-2D,REVSTRAT 3-2-2 (watch 2U),bull,51.19,50.36,-10,False,2D,Bearish Candle,ALERT if price > 51.19 (RevStrat bull); stop < 50.36,RevStrat after 3-2D: watch for 2U reversal (3-2D-2U),3,2D,2D,2D,2D,Unknown,Unknown,,0,
2026-10-07 16:23:57 EDT,BENJ,https://finance.yahoo.com/quote/BENJ/chart,53.33,M,2U-3,3-2 BREAK_UP,bull,53.3,52.79,7,True,3,Bullish Hammer-like,ALERT if price > 53.3 (outside break UP); stop < 52.79,Outside bar break UP (3-2),,2U,3,2U,2U,Unknown,Unknown,,0,
2026-10-07 16:23:57 EDT,BENJ,https://finance.yahoo.com/quote/BENJ/chart,53.33,M,2U-3,3-2 BREAK_DOWN,bear,52.79,53.3,7,False,3,Bullish Hammer-like,ALERT if price < 52.79 (outside break DOWN); stop > 53.3,Outside bar break DOWN (3-2),,2U,3,2U,2U,Unknown,Unknown,,0,
2026-10-07 16:23:57 EDT,BENJ,https://finance.yahoo.com/quote/BENJ/chart,53.33,2H,2D-1,1-2 BREAK_UP,bull,53.33,53.33,7,True,1,Doji,ALERT if price > 53.33 (inside break UP); stop < 53.33,Inside bar break UP (1-2),,2U,3,2U,2U,Unknown,Unknown,,0,
2026-10-07 16:23:57 EDT,BENJ,https://finance.yahoo.com/quote/BENJ/chart,53.33,2H,2D-1,1-2 BREAK_DOWN,bear,53.33,53.33,7,False,1,Doji,ALERT if price < 53.33 (inside break DOWN); stop > 53.33,Inside bar break DOWN (1-2),,2U,3,2U,2U,Unknown,Unknown,,0,
2026-10-07 16:23:57 EDT,BENJ,https://finance.yahoo.com/quote/BENJ/chart,53.33,1H,1-1,1-2 BREAK_UP,bull,53.33,53.33,7,True,1,Doji,ALERT if price > 53.33 (inside break UP); stop < 53.33,Inside bar break UP (1-2),,2U,3,2U,2U,Unknown,Unknown,,0,
2026-10-07 16:23:57 EDT,BENJ,https://finance.yahoo.com/quote/BENJ/chart,53.33,1H,1-1,1-2 BREAK_DOWN,bear,53.33,53.33,7,False,1,Doji,ALERT if price < 53.33 (inside break DOWN); stop > 53.33,Inside bar break DOWN (1-2),,2U,3,2U,2U,Unknown,Unknown,,0,
2026-10-07 16:23:57 EDT,BESF,https://finance.yahoo.com/quote/BESF/chart,38.33,Q,1-2D,REVSTRAT 1-2-2 (watch 2U),bull,41.88,37.01,-7,False,2D,Bearish Shooting-Star-like,ALERT if price > 41.88 (RevStrat bull); stop < 37.01,RevStrat after 1-2D: watch for 2U reversal (1-2D-2U),,2D,3,2D,2D,Unknown,Unknown,,0,
2026-10-07 16:23:57 EDT,BESF,https://finance.yahoo.com/quote/BESF/chart,38.33,M,2U-3,3-2 BREAK_UP,bull,41.88,37.01,-7,False,3,Bearish Candle,ALERT if price > 41.88 (outside break UP); stop < 37.01,Outside bar break UP (3-2),,2D,3,2D,2D,Unknown,Unknown,,0,
2026-10-07 16:23:57 EDT,BESF,https://finance.yahoo.com/quote/BESF/chart,38.33,M,2U-3,3-2 BREAK_DOWN,bear,37.01,41.88,-7,True,3,Bearish Candle,ALERT if price < 37.01 (outside break DOWN); stop > 41.88,Outside bar break DOWN (3-2),,2D,3,2D,2D,Unknown,Unknown,,0,
2026-10-07 16:23:57 EDT,BETZ,https://finance.yahoo.com/quote/BETZ/chart,16.45,Q,1-2D,REVSTRAT 1-2-2 (watch 2U),bull,20.0,16.26,-5,False,2D,Bearish Candle,ALERT if price > 20.0 (RevStrat bull); stop < 16.26,RevStrat after 1-2D: watch for 2U reversal (1-2D-2U),2U,2D,2D,2D,2D,Unknown,Unknown,,0,
2026-10-07 16:23:57 EDT,BETZ,https://finance.yahoo.com/quote/BETZ/chart,16.45,4H,2D-1,1-2 BREAK_UP,bull,16.45,16.4,-5,False,1,Bullish Marubozu-like,ALERT if price > 16.45 (inside break UP); stop < 16.4,Inside bar break UP (1-2),2U,2D,2D,2D,2D,Unknown,Unknown,,0,
2026-10-07 16:23:57 EDT,BETZ,https://finance.yahoo.com/quote/BETZ/chart,16.45,4H,2D-1,1-2 BREAK_DOWN,bear,16.4,16.45,-5,True,1,Bullish Marubozu-like,ALERT if price < 16.4 (inside break DOWN); stop > 16.45,Inside bar break DOWN (1-2),2U,2D,2D,2D,2D,Unknown,Unknown,,0,
2026-10-07 16:23:57 EDT,BEX,https://finance.yahoo.com/quote/BEX/chart,39.85,M,1-2U,REVSTRAT 1-2-2 (watch 2D),bear,19.86,42.95,0,False,2U,Bullish Candle,ALERT if price < 19.86 (RevStrat bear); stop > 42.95,RevStrat after 1-2U: watch for 2D reversal (1-2U-2D),,2D,2U,2U,2D,Unknown,Unknown,,0,
2026-10-07 16:23:57 EDT,BEX,https://finance.yahoo.com/quote/BEX/chart,39.85,4H,2D-1,1-2 BREAK_UP,bull,40.05,38.42,0,False,1,Bullish Candle,ALERT if price > 40.05 (inside break UP); stop < 38.42,Inside bar break UP (1-2),,2D,2U,2U,2D,Unknown,Unknown,,0,
2026-10-07 16:23:57 EDT,BEX,https://finance.yahoo.com/quote/BEX/chart,39.85,4H,2D-1,1-2 BREAK_DOWN,bear,38.42,40.05,0,False,1,Bullish Candle,ALERT if price < 38.42 (inside break DOWN); stop > 40.05,Inside bar break DOWN (1-2),,2D,2U,2U,2D,Unknown,Unknown,,0,
2026-10-07 16:23:57 EDT,BEX,https://finance.yahoo.com/quote/BEX/chart,39.85,3H,2D-1,1-2 BREAK_UP,bull,39.57,38.34,0,False,1,Bullish Candle,ALERT if price > 39.57 (inside break UP); stop < 38.34,Inside bar break UP (1-2),,2D,2U,2U,2D,Unknown,Unknown,,0,
2026-10-07 16:23:57 EDT,BEX,https://finance.yahoo.com/quote/BEX/chart,39.85,3H,2D-1,1-2 BREAK_DOWN,bear,38.34,39.57,0,False,1,Bullish Candle,ALERT if price < 38.34 (inside break DOWN); stop > 39.57,Inside bar break DOWN (1-2),,2D,2U,2U,2D,Unknown,Unknown,,0,
2026-10-07 16:23:57 EDT,BEX,https://finance.yahoo.com/quote/BEX/chart,39.85,2H,1-2U,REVSTRAT 1-2-2 (watch 2D),bear,38.44,40.05,0,False,2U,Bullish Candle,ALERT if price < 38.44 (RevStrat bear); stop > 40.05,RevStrat after 1-2U: watch for 2D reversal (1-2U-2D),,2D,2U,2U,2D,Unknown,Unknown,,0,
2026-10-07 16:23:57 EDT,BFAP,https://finance.yahoo.com/quote/BFAP/chart,16.19,1H,2U-3,3-2 BREAK_UP,bull,16.37,16.19,6,True,3,Bearish Marubozu-like,ALERT if price > 16.37 (outside break UP); stop < 16.19,Outside bar break UP (3-2),,2U,2U,2D,2U,Unknown,Unknown,,0,
2026-10-07 16:23:57 EDT,BFAP,https://finance.yahoo.com/quote/BFAP/chart,16.19,1H,2U-3,3-2 BREAK_DOWN,bear,16.19,16.37,6,False,3,Bearish Marubozu-like,ALERT if price < 16.19 (outside break DOWN); stop > 16.37,Outside bar break DOWN (3-2),,2U,2U,2D,2U,Unknown,Unknown,,0,
2026-10-07 16:23:57 EDT,BFEB,https://finance.yahoo.com/quote/BFEB/chart,54.49,4H,1-2D,REVSTRAT 1-2-2 (watch 2U),bull,54.51,54.49,9,True,2D,Bearish Marubozu-like,ALERT if price > 54.51 (RevStrat bull); stop < 54.49,RevStrat after 1-2D: watch for 2U reversal (1-2D-2U),2U,2U,2U,2D,2D,Unknown,Unknown,,0,
2026-10-07 16:23:57 EDT,BFEB,https://finance.yahoo.com/quote/BFEB/chart,54.49,3H,1-2D,REVSTRAT 1-2-2 (watch 2U),bull,54.51,54.49,9,True,2D,Bearish Marubozu-like,ALERT if price > 54.51 (RevStrat bull); stop < 54.49,RevStrat after 1-2D: watch for 2U reversal (1-2D-2U),2U,2U,2U,2D,2D,Unknown,Unknown,,0,
2026-10-07 16:23:57 EDT,BFIX,https://finance.yahoo.com/quote/BFIX/chart,24.6,Q,2D-3,3-2 BREAK_UP,bull,25.74,24.59,1,True,3,Bearish Candle,ALERT if price > 25.74 (outside break UP); stop < 24.59,Outside bar break UP (3-2),2U,3,2D,2D,2U,Unknown,Unknown,,0,
2026-10-07 16:23:57 EDT,BFIX,https://finance.yahoo.com/quote/BFIX/chart,24.6,Q,2D-3,3-2 BREAK_DOWN,bear,24.59,25.74,1,False,3,Bearish Candle,ALERT if price < 24.59 (outside break DOWN); stop > 25.74,Outside bar break DOWN (3-2),2U,3,2D,2D,2U,Unknown,Unknown,,0,
2026-10-07 16:23:57 EDT,BFIX,https://finance.yahoo.com/quote/BFIX/chart,24.6,D,1-2U,REVSTRAT 1-2-2 (watch 2D),bear,24.67,24.67,1,False,2U,Bullish Marubozu-like,ALERT if price < 24.67 (RevStrat bear); stop > 24.67,RevStrat after 1-2U: watch for 2D reversal (1-2U-2D),2U,3,2D,2D,2U,Unknown,Unknown,,0,
2026-10-07 16:23:57 EDT,BFJL,https://finance.yahoo.com/quote/BFJL/chart,19.17,W,2U-3,3-2 BREAK_UP,bull,19.2,19.02,6,True,3,Bullish Candle,ALERT if price > 19.2 (outside break UP); stop < 19.02,Outside bar break UP (3-2),,2U,2U,3,2D,Unknown,Unknown,,0,
2026-10-07 16:23:57 EDT,BFJL,https://finance.yahoo.com/quote/BFJL/chart,19.17,W,2U-3,3-2 BREAK_DOWN,bear,19.02,19.2,6,False,3,Bullish Candle,ALERT if price < 19.02 (outside break DOWN); stop > 19.2,Outside bar break DOWN (3-2),,2U,2U,3,2D,Unknown,Unknown,,0,
2026-10-07 16:23:57 EDT,BFJL,https://finance.yahoo.com/quote/BFJL/chart,19.17,D,1-2D,REVSTRAT 1-2-2 (watch 2U),bull,19.2,19.17,6,True,2D,Bearish Marubozu-like,ALERT if price > 19.2 (RevStrat bull); stop < 19.17,RevStrat after 1-2D: watch for 2U reversal (1-2D-2U),,2U,2U,3,2D,Unknown,Unknown,,0,
2026-10-07 16:23:57 EDT,BFLB,https://finance.yahoo.com/quote/BFLB/chart,56.08,M,2U-3,3-2 BREAK_UP,bull,55.88,54.94,1,True,3,Doji,ALERT if price > 55.88 (outside break UP); stop < 54.94,Outside bar break UP (3-2),,2U,3,2D,2D,Unknown,Unknown,,0,
2026-10-07 16:23:57 EDT,BFLB,https://finance.yahoo.com/quote/BFLB/chart,56.08,M,2U-3,3-2 BREAK_DOWN,bear,54.94,55.88,1,False,3,Doji,ALERT if price < 54.94 (outside break DOWN); stop > 55.88,Outside bar break DOWN (3-2),,2U,3,2D,2D,Unknown,Unknown,,0,
2026-10-07 16:23:57 EDT,BFOC,https://finance.yahoo.com/quote/BFOC/chart,16.99,Q,2D-1,1-2 BREAK_UP,bull,17.28,16.84,-4,False,1,Bullish Candle,ALERT if price > 17.28 (inside break UP); stop < 16.84,Inside bar break UP (1-2),,1,2D,1,2D,Unknown,Unknown,,0,
2026-10-07 16:23:57 EDT,BFOC,https://finance.yahoo.com/quote/BFOC/chart,16.99,Q,2D-1,1-2 BREAK_DOWN,bear,16.84,17.28,-4,True,1,Bullish Candle,ALERT if price < 16.84 (inside break DOWN); stop > 17.28,Inside bar break DOWN (1-2),,1,2D,1,2D,Unknown,Unknown,,0,
2026-10-07 16:23:57 EDT,BFOC,https://finance.yahoo.com/quote/BFOC/chart,16.99,W,2U-1,1-2 BREAK_UP,bull,17.13,16.96,-4,False,1,Bullish Candle,ALERT if price > 17.13 (inside break UP); stop < 16.96,Inside bar break UP (1-2),,1,2D,1,2D,Unknown,Unknown,,0,
2026-10-07 16:23:57 EDT,BFOC,https://finance.yahoo.com/quote/BFOC/chart,16.99,W,2U-1,1-2 BREAK_DOWN,bear,16.96,17.13,-4,True,1,Bullish Candle,ALERT if price < 16.96 (inside break DOWN); stop > 17.13,Inside bar break DOWN (1-2),,1,2D,1,2D,Unknown,Unknown,,0,
2026-10-07 16:23:57 EDT,BFOC,https://finance.yahoo.com/quote/BFOC/chart,16.99,D,1-2D,REVSTRAT 1-2-2 (watch 2U),bull,17.09,16.95,-4,False,2D,Bearish Marubozu-like,ALERT if price > 17.09 (RevStrat bull); stop < 16.95,RevStrat after 1-2D: watch for 2U reversal (1-2D-2U),,1,2D,1,2D,Unknown,Unknown,,0,
2026-10-07 16:23:57 EDT,BFOC,https://finance.yahoo.com/quote/BFOC/chart,16.99,1H,1-2D,REVSTRAT 1-2-2 (watch 2U),bull,17.09,16.97,-4,False,2D,Bearish Candle,ALERT if price > 17.09 (RevStrat bull); stop < 16.97,RevStrat after 1-2D: watch for 2U reversal (1-2D-2U),,1,2D,1,2D,Unknown,Unknown,,0,
2026-10-07 16:23:57 EDT,BFOR,https://finance.yahoo.com/quote/BFOR/chart,23.32,4H,2D-1,1-2 BREAK_UP,bull,23.33,23.29,3,True,1,Bullish Candle,ALERT if price > 23.33 (inside break UP); stop < 23.29,Inside bar break UP (1-2),2U,2U,2D,2D,2D,Unknown,Unknown,,0,
2026-10-07 16:23:57 EDT,BFOR,https://finance.yahoo.com/quote/BFOR/chart,23.32,4H,2D-1,1-2 BREAK_DOWN,bear,23.29,23.33,3,False,1,Bullish Candle,ALERT if price < 23.29 (inside break DOWN); stop > 23.33,Inside bar break DOWN (1-2),2U,2U,2D,2D,2D,Unknown,Unknown,,0,
2026-10-07 16:23:57 EDT,BFOR,https://finance.yahoo.com/quote/BFOR/chart,23.32,3H,2D-1,1-2 BREAK_UP,bull,23.33,23.28,3,True,1,Bullish Candle,ALERT if price > 23.33 (inside break UP); stop < 23.28,Inside bar break UP (1-2),2U,2U,2D,2D,2D,Unknown,Unknown,,0,
2026-10-07 16:23:57 EDT,BFOR,https://finance.yahoo.com/quote/BFOR/chart,23.32,3H,2D-1,1-2 BREAK_DOWN,bear,23.28,23.33,3,False,1,Bullish Candle,ALERT if price < 23.28 (inside break DOWN); stop > 23.33,Inside bar break DOWN (1-2),2U,2U,2D,2D,2D,Unknown,Unknown,,0,
2026-10-07 16:23:57 EDT,BFOR,https://finance.yahoo.com/quote/BFOR/chart,23.32,2H,2U-1,1-2 BREAK_UP,bull,23.32,23.31,3,True,1,Dragonfly Doji (bullish-leaning),ALERT if price > 23.32 (inside break UP); stop < 23.31,Inside bar break UP (1-2),2U,2U,2D,2D,2D,Unknown,Unknown,,0,
2026-10-07 16:23:57 EDT,BFOR,https://finance.yahoo.com/quote/BFOR/chart,23.32,2H,2U-1,1-2 BREAK_DOWN,bear,23.31,23.32,3,False,1,Dragonfly Doji (bullish-leaning),ALERT if price < 23.31 (inside break DOWN); stop > 23.32,Inside bar break DOWN (1-2),2U,2U,2D,2D,2D,Unknown,Unknown,,0,
2026-10-07 16:23:57 EDT,BFRZ,https://finance.yahoo.com/quote/BFRZ/chart,27.42,Q,3-3,3-2 BREAK_UP,bull,29.68,23.62,-1,False,3,Doji,ALERT if price > 29.68 (outside break UP); stop < 23.62,Outside bar break UP (3-2),,3,3,1,2D,Unknown,Unknown,,0,
2026-10-07 16:23:57 EDT,BFRZ,https://finance.yahoo.com/quote/BFRZ/chart,27.42,Q,3-3,3-2 BREAK_DOWN,bear,23.62,29.68,-1,True,3,Doji,ALERT if price < 23.62 (outside break DOWN); stop > 29.68,Outside bar break DOWN (3-2),,3,3,1,2D,Unknown,Unknown,,0,
2026-10-07 16:23:57 EDT,BFRZ,https://finance.yahoo.com/quote/BFRZ/chart,27.42,M,2U-3,3-2 BREAK_UP,bull,29.68,23.62,-1,False,3,Bullish Candle,ALERT if price > 29.68 (outside break UP); stop < 23.62,Outside bar break UP (3-2),,3,3,1,2D,Unknown,Unknown,,0,
2026-10-07 16:23:57 EDT,BFRZ,https://finance.yahoo.com/quote/BFRZ/chart,27.42,M,2U-3,3-2 BREAK_DOWN,bear,23.62,29.68,-1,True,3,Bullish Candle,ALERT if price < 23.62 (outside break DOWN); stop > 29.68,Outside bar break DOWN (3-2),,3,3,1,2D,Unknown,Unknown,,0,
2026-10-07 16:23:57 EDT,BFRZ,https://finance.yahoo.com/quote/BFRZ/chart,27.42,W,3-1,1-2 BREAK_UP,bull,27.56,27.02,-1,False,1,Doji,ALERT if price > 27.56 (inside break UP); stop < 27.02,Inside bar break UP (1-2),,3,3,1,2D,Unknown,Unknown,,0,
2026-10-07 16:23:57 EDT,BFRZ,https://finance.yahoo.com/quote/BFRZ/chart,27.42,W,3-1,1-2 BREAK_DOWN,bear,27.02,27.56,-1,True,1,Doji,ALERT if price < 27.02 (inside break DOWN); stop > 27.56,Inside bar break DOWN (1-2),,3,3,1,2D,Unknown,Unknown,,0,
2026-10-07 16:23:57 EDT,BFRZ,https://finance.yahoo.com/quote/BFRZ/chart,27.42,D,1-2D,REVSTRAT 1-2-2 (watch 2U),bull,27.43,27.34,-1,False,2D,Bullish Candle,ALERT if price > 27.43 (RevStrat bull); stop < 27.34,RevStrat after 1-2D: watch for 2U reversal (1-2D-2U),,3,3,1,2D,Unknown,Unknown,,0,
2026-10-07 16:23:57 EDT,BFRZ,https://finance.yahoo.com/quote/BFRZ/chart,27.42,2H,2U-1,1-2 BREAK_UP,bull,27.42,27.41,-1,False,1,Dragonfly Doji (bullish-leaning),ALERT if price > 27.42 (inside break UP); stop < 27.41,Inside bar break UP (1-2),,3,3,1,2D,Unknown,Unknown,,0,
2026-10-07 16:23:57 EDT,BFRZ,https://finance.yahoo.com/quote/BFRZ/chart,27.42,2H,2U-1,1-2 BREAK_DOWN,bear,27.41,27.42,-1,True,1,Dragonfly Doji (bullish-leaning),ALERT if price < 27.41 (inside break DOWN); stop > 27.42,Inside bar break DOWN (1-2),,3,3,1,2D,Unknown,Unknown,,0,
2026-10-07 16:23:57 EDT,BFRZ,https://finance.yahoo.com/quote/BFRZ/chart,27.42,1H,1-2D,REVSTRAT 1-2-2 (watch 2U),bull,27.42,27.41,-1,False,2D,Bullish Marubozu-like,ALERT if price > 27.42 (RevStrat bull); stop < 27.41,RevStrat after 1-2D: watch for 2U reversal (1-2D-2U),,3,3,1,2D,Unknown,Unknown,,0,
2026-10-07 16:23:57 EDT,BGDV,https://finance.yahoo.com/quote/BGDV/chart,30.77,Y,None-3,3-2 BREAK_UP,bull,27.83,21.47,-2,False,3,Bullish Candle,ALERT if price > 27.83 (outside break UP); stop < 21.47,Outside bar break UP (3-2),3,2U,2D,2D,2D,Unknown,Unknown,,0,
2026-10-07 16:23:57 EDT,BGDV,https://finance.yahoo.com/quote/BGDV/chart,30.77,Y,None-3,3-2 BREAK_DOWN,bear,21.47,27.83,-2,True,3,Bullish Candle,ALERT if price < 21.47 (outside break DOWN); stop > 27.83,Outside bar break DOWN (3-2),3,2U,2D,2D,2D,Unknown,Unknown,,0,
2026-10-07 16:23:57 EDT,BGDV,https://finance.yahoo.com/quote/BGDV/chart,30.77,2H,2U-1,1-2 BREAK_UP,bull,30.8,30.77,-2,False,1,Bearish Candle,ALERT if price > 30.8 (inside break UP); stop < 30.77,Inside bar break UP (1-2),3,2U,2D,2D,2D,Unknown,Unknown,,0,
2026-10-07 16:23:57 EDT,BGDV,https://finance.yahoo.com/quote/BGDV/chart,30.77,2H,2U-1,1-2 BREAK_DOWN,bear,30.77,30.8,-2,True,1,Bearish Candle,ALERT if price < 30.77 (inside break DOWN); stop > 30.8,Inside bar break DOWN (1-2),3,2U,2D,2D,2D,Unknown,Unknown,,0,
2026-10-07 16:23:57 EDT,BGDV,https://finance.yahoo.com/quote/BGDV/chart,30.77,1H,2D-1,1-2 BREAK_UP,bull,30.77,30.77,-2,False,1,Doji,ALERT if price > 30.77 (inside break UP); stop < 30.77,Inside bar break UP (1-2),3,2U,2D,2D,2D,Unknown,Unknown,,0,
2026-10-07 16:23:57 EDT,BGDV,https://finance.yahoo.com/quote/BGDV/chart,30.77,1H,2D-1,1-2 BREAK_DOWN,bear,30.77,30.77,-2,True,1,Doji,ALERT if price < 30.77 (inside break DOWN); stop > 30.77,Inside bar break DOWN (1-2),3,2U,2D,2D,2D,Unknown,Unknown,,0,
2026-10-07 16:23:57 EDT,BGIG,https://finance.yahoo.com/quote/BGIG/chart,35.75,D,2U-1,1-2 BREAK_UP,bull,35.82,35.64,4,True,1,Doji,ALERT if price > 35.82 (inside break UP); stop < 35.64,Inside bar break UP (1-2),2U,2U,2D,2D,1,Unknown,Unknown,,0,
2026-10-07 16:23:57 EDT,BGIG,https://finance.yahoo.com/quote/BGIG/chart,35.75,D,2U-1,1-2 BREAK_DOWN,bear,35.64,35.82,4,False,1,Doji,ALERT if price < 35.64 (inside break DOWN); stop > 35.82,Inside bar break DOWN (1-2),2U,2U,2D,2D,1,Unknown,Unknown,,0,
2026-10-07 16:23:57 EDT,BGLD,https://finance.yahoo.com/quote/BGLD/chart,16.33,Y,3-3,3-2 BREAK_UP,bull,25.34,17.05,-2,False,3,Bearish Shooting-Star-like,ALERT if price > 25.34 (outside break UP); stop < 17.05,Outside bar break UP (3-2),3,2U,2D,2D,2D,Unknown,Unknown,,0,
2026-10-07 16:23:57 EDT,BGLD,https://finance.yahoo.com/quote/BGLD/chart,16.33,Y,3-3,3-2 BREAK_DOWN,bear,17.05,25.34,-2,True,3,Bearish Shooting-Star-like,ALERT if price < 17.05 (outside break DOWN); stop > 25.34,Outside bar break DOWN (3-2),3,2U,2D,2D,2D,Unknown,Unknown,,0,
2026-10-07 16:23:57 EDT,BGLD,https://finance.yahoo.com/quote/BGLD/chart,16.33,4H,2D-3,3-2 BREAK_UP,bull,16.34,16.24,-2,False,3,Dragonfly Doji (bullish-leaning),ALERT if price > 16.34 (outside break UP); stop < 16.24,Outside bar break UP (3-2),3,2U,2D,2D,2D,Unknown,Unknown,,0,
2026-10-07 16:23:57 EDT,BGLD,https://finance.yahoo.com/quote/BGLD/chart,16.33,4H,2D-3,3-2 BREAK_DOWN,bear,16.24,16.34,-2,True,3,Dragonfly Doji (bullish-leaning),ALERT if price < 16.24 (outside break DOWN); stop > 16.34,Outside bar break DOWN (3-2),3,2U,2D,2D,2D,Unknown,Unknown,,0,
2026-10-07 16:23:57 EDT,BGLD,https://finance.yahoo.com/quote/BGLD/chart,16.33,1H,1-3,3-2 BREAK_UP,bull,16.33,16.24,-2,False,3,Bullish Candle,ALERT if price > 16.33 (outside break UP); stop < 16.24,Outside bar break UP (3-2),3,2U,2D,2D,2D,Unknown,Unknown,,0,
2026-10-07 16:23:57 EDT,BGLD,https://finance.yahoo.com/quote/BGLD/chart,16.33,1H,1-3,3-2 BREAK_DOWN,bear,16.24,16.33,-2,True,3,Bullish Candle,ALERT if price < 16.24 (outside break DOWN); stop > 16.33,Outside bar break DOWN (3-2),3,2U,2D,2D,2D,Unknown,Unknown,,0,
2026-10-07 16:23:57 EDT,BGRN,https://finance.yahoo.com/quote/BGRN/chart,45.6,Y,2U-1,1-2 BREAK_UP,bull,48.52,46.15,-9,False,1,Bullish Candle,ALERT if price > 48.52 (inside break UP); stop < 46.15,Inside bar break UP (1-2),1,2D,2D,2D,1,Unknown,Unknown,,0,
2026-10-07 16:23:57 EDT,BGRN,https://finance.yahoo.com/quote/BGRN/chart,45.6,Y,2U-1,1-2 BREAK_DOWN,bear,46.15,48.52,-9,True,1,Bullish Candle,ALERT if price < 46.15 (inside break DOWN); stop > 48.52,Inside bar break DOWN (1-2),1,2D,2D,2D,1,Unknown,Unknown,,0,
2026-10-07 16:23:57 EDT,BGRN,https://finance.yahoo.com/quote/BGRN/chart,45.6,W,3-2D,REVSTRAT 3-2-2 (watch 2U),bull,45.73,45.38,-9,False,2D,Bearish Candle,ALERT if price > 45.73 (RevStrat bull); stop < 45.38,RevStrat after 3-2D: watch for 2U reversal (3-2D-2U),1,2D,2D,2D,1,Unknown,Unknown,,0,
2026-10-07 16:23:57 EDT,BGRN,https://finance.yahoo.com/quote/BGRN/chart,45.6,D,3-1,1-2 BREAK_UP,bull,45.62,45.43,-9,False,1,Bullish Candle,ALERT if price > 45.62 (inside break UP); stop < 45.43,Inside bar break UP (1-2),1,2D,2D,2D,1,Unknown,Unknown,,0,
2026-10-07 16:23:57 EDT,BGRN,https://finance.yahoo.com/quote/BGRN/chart,45.6,D,3-1,1-2 BREAK_DOWN,bear,45.43,45.62,-9,True,1,Bullish Candle,ALERT if price < 45.43 (inside break DOWN); stop > 45.62,Inside bar break DOWN (1-2),1,2D,2D,2D,1,Unknown,Unknown,,0,
2026-10-07 16:23:57 EDT,BGRN,https://finance.yahoo.com/quote/BGRN/chart,45.6,4H,1-2U,REVSTRAT 1-2-2 (watch 2D),bear,45.56,45.62,-9,True,2U,Bullish Candle,ALERT if price < 45.56 (RevStrat bear); stop > 45.62,RevStrat after 1-2U: watch for 2D reversal (1-2U-2D),1,2D,2D,2D,1,Unknown,Unknown,,0,
2026-10-07 16:23:57 EDT,BGRN,https://finance.yahoo.com/quote/BGRN/chart,45.6,3H,1-2U,REVSTRAT 1-2-2 (watch 2D),bear,45.55,45.62,-9,True,2U,Bullish Candle,ALERT if price < 45.55 (RevStrat bear); stop > 45.62,RevStrat after 1-2U: watch for 2D reversal (1-2U-2D),1,2D,2D,2D,1,Unknown,Unknown,,0,
2026-10-07 16:23:57 EDT,BGRN,https://finance.yahoo.com/quote/BGRN/chart,45.6,2H,2U-1,1-2 BREAK_UP,bull,45.61,45.6,-9,False,1,Gravestone Doji (bearish-leaning),ALERT if price > 45.61 (inside break UP); stop < 45.6,Inside bar break UP (1-2),1,2D,2D,2D,1,Unknown,Unknown,,0,
2026-10-07 16:23:57 EDT,BGRN,https://finance.yahoo.com/quote/BGRN/chart,45.6,2H,2U-1,1-2 BREAK_DOWN,bear,45.6,45.61,-9,True,1,Gravestone Doji (bearish-leaning),ALERT if price < 45.6 (inside break DOWN); stop > 45.61,Inside bar break DOWN (1-2),1,2D,2D,2D,1,Unknown,Unknown,,0,
2026-10-07 16:23:57 EDT,BGRN,https://finance.yahoo.com/quote/BGRN/chart,45.6,1H,1-1,1-2 BREAK_UP,bull,45.61,45.6,-9,False,1,Gravestone Doji (bearish-leaning),ALERT if price > 45.61 (inside break UP); stop < 45.6,Inside bar break UP (1-2),1,2D,2D,2D,1,Unknown,Unknown,,0,
2026-10-07 16:23:57 EDT,BGRN,https://finance.yahoo.com/quote/BGRN/chart,45.6,1H,1-1,1-2 BREAK_DOWN,bear,45.6,45.61,-9,True,1,Gravestone Doji (bearish-leaning),ALERT if price < 45.6 (inside break DOWN); stop > 45.61,Inside bar break DOWN (1-2),1,2D,2D,2D,1,Unknown,Unknown,,0,
2026-10-07 16:23:57 EDT,BGRO,https://finance.yahoo.com/quote/BGRO/chart,45.19,Y,None-3,3-2 BREAK_UP,bull,40.41,26.6,5,True,3,Bullish Candle,ALERT if price > 40.41 (outside break UP); stop < 26.6,Outside bar break UP (3-2),3,2U,3,2U,2D,Unknown,Unknown,,0,
2026-10-07 16:23:57 EDT,BGRO,https://finance.yahoo.com/quote/BGRO/chart,45.19,Y,None-3,3-2 BREAK_DOWN,bear,26.6,40.41,5,False,3,Bullish Candle,ALERT if price < 26.6 (outside break DOWN); stop > 40.41,Outside bar break DOWN (3-2),3,2U,3,2U,2D,Unknown,Unknown,,0,
2026-10-07 16:23:57 EDT,BGRO,https://finance.yahoo.com/quote/BGRO/chart,45.19,M,2U-3,3-2 BREAK_UP,bull,44.78,42.39,5,True,3,Bullish Candle,ALERT if price > 44.78 (outside break UP); stop < 42.39,Outside bar break UP (3-2),3,2U,3,2U,2D,Unknown,Unknown,,0,
2026-10-07 16:23:57 EDT,BGRO,https://finance.yahoo.com/quote/BGRO/chart,45.19,M,2U-3,3-2 BREAK_DOWN,bear,42.39,44.78,5,False,3,Bullish Candle,ALERT if price < 42.39 (outside break DOWN); stop > 44.78,Outside bar break DOWN (3-2),3,2U,3,2U,2D,Unknown,Unknown,,0,
2026-10-07 16:23:57 EDT,BHYB,https://finance.yahoo.com/quote/BHYB/chart,52.33,Q,1-2D,REVSTRAT 1-2-2 (watch 2U),bull,54.21,52.46,-14,False,2D,Bearish Candle,ALERT if price > 54.21 (RevStrat bull); stop < 52.46,RevStrat after 1-2D: watch for 2U reversal (1-2D-2U),2D,2D,2D,2D,1,Unknown,Unknown,,0,
2026-10-07 16:23:57 EDT,BHYB,https://finance.yahoo.com/quote/BHYB/chart,52.33,M,3-2D,REVSTRAT 3-2-2 (watch 2U),bull,53.9,52.46,-14,False,2D,Bearish Candle,ALERT if price > 53.9 (RevStrat bull); stop < 52.46,RevStrat after 3-2D: watch for 2U reversal (3-2D-2U),2D,2D,2D,2D,1,Unknown,Unknown,,0,
2026-10-07 16:23:57 EDT,BHYB,https://finance.yahoo.com/quote/BHYB/chart,52.33,D,2U-1,1-2 BREAK_UP,bull,52.46,52.46,-14,False,1,Bullish Marubozu-like,ALERT if price > 52.46 (inside break UP); stop < 52.46,Inside bar break UP (1-2),2D,2D,2D,2D,1,Unknown,Unknown,,0,
2026-10-07 16:23:57 EDT,BHYB,https://finance.yahoo.com/quote/BHYB/chart,52.33,D,2U-1,1-2 BREAK_DOWN,bear,52.46,52.46,-14,True,1,Bullish Marubozu-like,ALERT if price < 52.46 (inside break DOWN); stop > 52.46,Inside bar break DOWN (1-2),2D,2D,2D,2D,1,Unknown,Unknown,,0,
2026-10-07 16:23:57 EDT,BIB,https://finance.yahoo.com/quote/BIB/chart,107.24,Y,2U-3,3-2 BREAK_UP,bull,84.34,33.78,2,True,3,Bullish Candle,ALERT if price > 84.34 (outside break UP); stop < 33.78,Outside bar break UP (3-2),3,2U,1,2D,1,Unknown,Unknown,,0,
2026-10-07 16:23:57 EDT,BIB,https://finance.yahoo.com/quote/BIB/chart,107.24,Y,2U-3,3-2 BREAK_DOWN,bear,33.78,84.34,2,False,3,Bullish Candle,ALERT if price < 33.78 (outside break DOWN); stop > 84.34,Outside bar break DOWN (3-2),3,2U,1,2D,1,Unknown,Unknown,,0,
2026-10-07 16:23:57 EDT,BIB,https://finance.yahoo.com/quote/BIB/chart,107.24,M,2U-1,1-2 BREAK_UP,bull,123.35,107.04,2,True,1,Doji,ALERT if price > 123.35 (inside break UP); stop < 107.04,Inside bar break UP (1-2),3,2U,1,2D,1,Unknown,Unknown,,0,
2026-10-07 16:23:57 EDT,BIB,https://finance.yahoo.com/quote/BIB/chart,107.24,M,2U-1,1-2 BREAK_DOWN,bear,107.04,123.35,2,False,1,Doji,ALERT if price < 107.04 (inside break DOWN); stop > 123.35,Inside bar break DOWN (1-2),3,2U,1,2D,1,Unknown,Unknown,,0,
2026-10-07 16:23:57 EDT,BIB,https://finance.yahoo.com/quote/BIB/chart,107.24,D,3-1,1-2 BREAK_UP,bull,109.4,105.74,2,True,1,Bullish Candle,ALERT if price > 109.4 (inside break UP); stop < 105.74,Inside bar break UP (1-2),3,2U,1,2D,1,Unknown,Unknown,,0,
2026-10-07 16:23:57 EDT,BIB,https://finance.yahoo.com/quote/BIB/chart,107.24,D,3-1,1-2 BREAK_DOWN,bear,105.74,109.4,2,False,1,Bullish Candle,ALERT if price < 105.74 (inside break DOWN); stop > 109.4,Inside bar break DOWN (1-2),3,2U,1,2D,1,Unknown,Unknown,,0,
2026-10-07 16:23:57 EDT,BIB,https://finance.yahoo.com/quote/BIB/chart,107.24,4H,3-1,1-2 BREAK_UP,bull,108.46,107.24,2,True,1,Bearish Marubozu-like,ALERT if price > 108.46 (inside break UP); stop < 107.24,Inside bar break UP (1-2),3,2U,1,2D,1,Unknown,Unknown,,0,
2026-10-07 16:23:57 EDT,BIB,https://finance.yahoo.com/quote/BIB/chart,107.24,4H,3-1,1-2 BREAK_DOWN,bear,107.24,108.46,2,False,1,Bearish Marubozu-like,ALERT if price < 107.24 (inside break DOWN); stop > 108.46,Inside bar break DOWN (1-2),3,2U,1,2D,1,Unknown,Unknown,,0,
2026-10-07 16:23:57 EDT,BIB,https://finance.yahoo.com/quote/BIB/chart,107.24,3H,3-2U,REVSTRAT 3-2-2 (watch 2D),bear,108.11,109.4,2,False,2U,Bearish Candle,ALERT if price < 108.11 (RevStrat bear); stop > 109.4,RevStrat after 3-2U: watch for 2D reversal (3-2U-2D),3,2U,1,2D,1,Unknown,Unknown,,0,
2026-10-07 16:23:57 EDT,BIBL,https://finance.yahoo.com/quote/BIBL/chart,55.17,Y,2U-3,3-2 BREAK_UP,bull,46.39,32.72,-4,False,3,Bullish Candle,ALERT if price > 46.39 (outside break UP); stop < 32.72,Outside bar break UP (3-2),3,1,2D,3,2D,Unknown,Unknown,,0,
2026-10-07 16:23:57 EDT,BIBL,https://finance.yahoo.com/quote/BIBL/chart,55.17,Y,2U-3,3-2 BREAK_DOWN,bear,32.72,46.39,-4,True,3,Bullish Candle,ALERT if price < 32.72 (outside break DOWN); stop > 46.39,Outside bar break DOWN (3-2),3,1,2D,3,2D,Unknown,Unknown,,0,
2026-10-07 16:23:57 EDT,BIBL,https://finance.yahoo.com/quote/BIBL/chart,55.17,Q,2U-1,1-2 BREAK_UP,bull,57.55,53.05,-4,False,1,Bearish Candle,ALERT if price > 57.55 (inside break UP); stop < 53.05,Inside bar break UP (1-2),3,1,2D,3,2D,Unknown,Unknown,,0,
2026-10-07 16:23:57 EDT,BIBL,https://finance.yahoo.com/quote/BIBL/chart,55.17,Q,2U-1,1-2 BREAK_DOWN,bear,53.05,57.55,-4,True,1,Bearish Candle,ALERT if price < 53.05 (inside break DOWN); stop > 57.55,Inside bar break DOWN (1-2),3,1,2D,3,2D,Unknown,Unknown,,0,
2026-10-07 16:23:57 EDT,BIBL,https://finance.yahoo.com/quote/BIBL/chart,55.17,W,2U-3,3-2 BREAK_UP,bull,55.54,53.83,-4,False,3,Bullish Candle,ALERT if price > 55.54 (outside break UP); stop < 53.83,Outside bar break UP (3-2),3,1,2D,3,2D,Unknown,Unknown,,0,
2026-10-07 16:23:57 EDT,BIBL,https://finance.yahoo.com/quote/BIBL/chart,55.17,W,2U-3,3-2 BREAK_DOWN,bear,53.83,55.54,-4,True,3,Bullish Candle,ALERT if price < 53.83 (outside break DOWN); stop > 55.54,Outside bar break DOWN (3-2),3,1,2D,3,2D,Unknown,Unknown,,0,
2026-10-07 16:23:57 EDT,BIBL,https://finance.yahoo.com/quote/BIBL/chart,55.17,4H,2D-1,1-2 BREAK_UP,bull,55.33,55.11,-4,False,1,Doji,ALERT if price > 55.33 (inside break UP); stop < 55.11,Inside bar break UP (1-2),3,1,2D,3,2D,Unknown,Unknown,,0,
2026-10-07 16:23:57 EDT,BIBL,https://finance.yahoo.com/quote/BIBL/chart,55.17,4H,2D-1,1-2 BREAK_DOWN,bear,55.11,55.33,-4,True,1,Doji,ALERT if price < 55.11 (inside break DOWN); stop > 55.33,Inside bar break DOWN (1-2),3,1,2D,3,2D,Unknown,Unknown,,0,
2026-10-07 16:23:57 EDT,BIBL,https://finance.yahoo.com/quote/BIBL/chart,55.17,3H,2D-1,1-2 BREAK_UP,bull,55.33,54.89,-4,False,1,Bullish Candle,ALERT if price > 55.33 (inside break UP); stop < 54.89,Inside bar break UP (1-2),3,1,2D,3,2D,Unknown,Unknown,,0,
2026-10-07 16:23:57 EDT,BIBL,https://finance.yahoo.com/quote/BIBL/chart,55.17,3H,2D-1,1-2 BREAK_DOWN,bear,54.89,55.33,-4,True,1,Bullish Candle,ALERT if price < 54.89 (inside break DOWN); stop > 55.33,Inside bar break DOWN (1-2),3,1,2D,3,2D,Unknown,Unknown,,0,
2026-10-07 16:23:57 EDT,BIBL,https://finance.yahoo.com/quote/BIBL/chart,55.17,2H,2U-1,1-2 BREAK_UP,bull,55.2,55.12,-4,False,1,Doji,ALERT if price > 55.2 (inside break UP); stop < 55.12,Inside bar break UP (1-2),3,1,2D,3,2D,Unknown,Unknown,,0,
2026-10-07 16:23:57 EDT,BIBL,https://finance.yahoo.com/quote/BIBL/chart,55.17,2H,2U-1,1-2 BREAK_DOWN,bear,55.12,55.2,-4,True,1,Doji,ALERT if price < 55.12 (inside break DOWN); stop > 55.2,Inside bar break DOWN (1-2),3,1,2D,3,2D,Unknown,Unknown,,0,
2026-10-07 16:23:57 EDT,BIBL,https://finance.yahoo.com/quote/BIBL/chart,55.17,1H,2D-3,3-2 BREAK_UP,bull,55.2,55.12,-4,False,3,Bearish Candle,ALERT if price > 55.2 (outside break UP); stop < 55.12,Outside bar break UP (3-2),3,1,2D,3,2D,Unknown,Unknown,,0,
2026-10-07 16:23:57 EDT,BIBL,https://finance.yahoo.com/quote/BIBL/chart,55.17,1H,2D-3,3-2 BREAK_DOWN,bear,55.12,55.2,-4,True,3,Bearish Candle,ALERT if price < 55.12 (outside break DOWN); stop > 55.2,Outside bar break DOWN (3-2),3,1,2D,3,2D,Unknown,Unknown,,0,
2026-10-07 16:23:57 EDT,BIDD,https://finance.yahoo.com/quote/BIDD/chart,29.94,Y,None-3,3-2 BREAK_UP,bull,29.03,22.66,0,False,3,Bullish Candle,ALERT if price > 29.03 (outside break UP); stop < 22.66,Outside bar break UP (3-2),3,1,2U,2D,2D,Unknown,Unknown,,0,
2026-10-07 16:23:57 EDT,BIDD,https://finance.yahoo.com/quote/BIDD/chart,29.94,Y,None-3,3-2 BREAK_DOWN,bear,22.66,29.03,0,False,3,Bullish Candle,ALERT if price < 22.66 (outside break DOWN); stop > 29.03,Outside bar break DOWN (3-2),3,1,2U,2D,2D,Unknown,Unknown,,0,
2026-10-07 16:23:57 EDT,BIDD,https://finance.yahoo.com/quote/BIDD/chart,29.94,Q,2U-1,1-2 BREAK_UP,bull,31.31,28.94,0,False,1,Bullish Candle,ALERT if price > 31.31 (inside break UP); stop < 28.94,Inside bar break UP (1-2),3,1,2U,2D,2D,Unknown,Unknown,,0,
2026-10-07 16:23:57 EDT,BIDD,https://finance.yahoo.com/quote/BIDD/chart,29.94,Q,2U-1,1-2 BREAK_DOWN,bear,28.94,31.31,0,False,1,Bullish Candle,ALERT if price < 28.94 (inside break DOWN); stop > 31.31,Inside bar break DOWN (1-2),3,1,2U,2D,2D,Unknown,Unknown,,0,
2026-10-07 16:23:57 EDT,BIDD,https://finance.yahoo.com/quote/BIDD/chart,29.94,D,1-2D,REVSTRAT 1-2-2 (watch 2U),bull,30.0,29.84,0,False,2D,Bullish Candle,ALERT if price > 30.0 (RevStrat bull); stop < 29.84,RevStrat after 1-2D: watch for 2U reversal (1-2D-2U),3,1,2U,2D,2D,Unknown,Unknown,,0,
2026-10-07 16:23:57 EDT,BIDD,https://finance.yahoo.com/quote/BIDD/chart,29.94,2H,2U-3,3-2 BREAK_UP,bull,30.0,29.92,0,False,3,Bearish Candle,ALERT if price > 30.0 (outside break UP); stop < 29.92,Outside bar break UP (3-2),3,1,2U,2D,2D,Unknown,Unknown,,0,
2026-10-07 16:23:57 EDT,BIDD,https://finance.yahoo.com/quote/BIDD/chart,29.94,2H,2U-3,3-2 BREAK_DOWN,bear,29.92,30.0,0,False,3,Bearish Candle,ALERT if price < 29.92 (outside break DOWN); stop > 30.0,Outside bar break DOWN (3-2),3,1,2U,2D,2D,Unknown,Unknown,,0,
2026-10-07 16:23:57 EDT,BIDD,https://finance.yahoo.com/quote/BIDD/chart,29.94,1H,3-1,1-2 BREAK_UP,bull,29.95,29.93,0,False,1,Bearish Candle,ALERT if price > 29.95 (inside break UP); stop < 29.93,Inside bar break UP (1-2),3,1,2U,2D,2D,Unknown,Unknown,,0,
2026-10-07 16:23:57 EDT,BIDD,https://finance.yahoo.com/quote/BIDD/chart,29.94,1H,3-1,1-2 BREAK_DOWN,bear,29.93,29.95,0,False,1,Bearish Candle,ALERT if price < 29.93 (inside break DOWN); stop > 29.95,Inside bar break DOWN (1-2),3,1,2U,2D,2D,Unknown,Unknown,,0,
2026-10-07 16:23:57 EDT,BIDG,https://finance.yahoo.com/quote/BIDG/chart,5.81,W,3-2D,REVSTRAT 3-2-2 (watch 2U),bull,6.19,5.63,-10,False,2D,Bearish Candle,ALERT if price > 6.19 (RevStrat bull); stop < 5.63,RevStrat after 3-2D: watch for 2U reversal (3-2D-2U),,2D,2D,2D,2D,Unknown,Unknown,,0,
2026-10-07 16:23:57 EDT,BIDG,https://finance.yahoo.com/quote/BIDG/chart,5.81,4H,2D-1,1-2 BREAK_UP,bull,5.82,5.74,-10,False,1,Bullish Candle,ALERT if price > 5.82 (inside break UP); stop < 5.74,Inside bar break UP (1-2),,2D,2D,2D,2D,Unknown,Unknown,,0,
2026-10-07 16:23:57 EDT,BIDG,https://finance.yahoo.com/quote/BIDG/chart,5.81,4H,2D-1,1-2 BREAK_DOWN,bear,5.74,5.82,-10,True,1,Bullish Candle,ALERT if price < 5.74 (inside break DOWN); stop > 5.82,Inside bar break DOWN (1-2),,2D,2D,2D,2D,Unknown,Unknown,,0,
2026-10-07 16:23:57 EDT,BIDG,https://finance.yahoo.com/quote/BIDG/chart,5.81,3H,2D-1,1-2 BREAK_UP,bull,5.77,5.74,-10,False,1,Doji,ALERT if price > 5.77 (inside break UP); stop < 5.74,Inside bar break UP (1-2),,2D,2D,2D,2D,Unknown,Unknown,,0,
2026-10-07 16:23:57 EDT,BIDG,https://finance.yahoo.com/quote/BIDG/chart,5.81,3H,2D-1,1-2 BREAK_DOWN,bear,5.74,5.77,-10,True,1,Doji,ALERT if price < 5.74 (inside break DOWN); stop > 5.77,Inside bar break DOWN (1-2),,2D,2D,2D,2D,Unknown,Unknown,,0,
2026-10-07 16:23:57 EDT,BIDG,https://finance.yahoo.com/quote/BIDG/chart,5.81,1H,2U-1,1-2 BREAK_UP,bull,5.82,5.8,-10,False,1,Bullish Candle,ALERT if price > 5.82 (inside break UP); stop < 5.8,Inside bar break UP (1-2),,2D,2D,2D,2D,Unknown,Unknown,,0,
2026-10-07 16:23:57 EDT,BIDG,https://finance.yahoo.com/quote/BIDG/chart,5.81,1H,2U-1,1-2 BREAK_DOWN,bear,5.8,5.82,-10,True,1,Bullish Candle,ALERT if price < 5.8 (inside break DOWN); stop > 5.82,Inside bar break DOWN (1-2),,2D,2D,2D,2D,Unknown,Unknown,,0,
2026-10-07 16:23:57 EDT,BIGY,https://finance.yahoo.com/quote/BIGY/chart,52.97,Y,None-3,3-2 BREAK_UP,bull,54.64,40.0,-6,False,3,Dragonfly Doji (bullish-leaning),ALERT if price > 54.64 (outside break UP); stop < 40.0,Outside bar break UP (3-2),3,1,2D,2D,2D,Unknown,Unknown,,0,
2026-10-07 16:23:57 EDT,BIGY,https://finance.yahoo.com/quote/BIGY/chart,52.97,Y,None-3,3-2 BREAK_DOWN,bear,40.0,54.64,-6,True,3,Dragonfly Doji (bullish-leaning),ALERT if price < 40.0 (outside break DOWN); stop > 54.64,Outside bar break DOWN (3-2),3,1,2D,2D,2D,Unknown,Unknown,,0,
2026-10-07 16:23:57 EDT,BIGY,https://finance.yahoo.com/quote/BIGY/chart,52.97,Q,2U-1,1-2 BREAK_UP,bull,53.25,50.98,-6,False,1,Doji,ALERT if price > 53.25 (inside break UP); stop < 50.98,Inside bar break UP (1-2),3,1,2D,2D,2D,Unknown,Unknown,,0,
2026-10-07 16:23:57 EDT,BIGY,https://finance.yahoo.com/quote/BIGY/chart,52.97,Q,2U-1,1-2 BREAK_DOWN,bear,50.98,53.25,-6,True,1,Doji,ALERT if price < 50.98 (inside break DOWN); stop > 53.25,Inside bar break DOWN (1-2),3,1,2D,2D,2D,Unknown,Unknown,,0,
2026-10-07 16:23:57 EDT,BIGY,https://finance.yahoo.com/quote/BIGY/chart,52.97,D,3-2D,REVSTRAT 3-2-2 (watch 2U),bull,52.97,52.83,-6,False,2D,Bullish Marubozu-like,ALERT if price > 52.97 (RevStrat bull); stop < 52.83,RevStrat after 3-2D: watch for 2U reversal (3-2D-2U),3,1,2D,2D,2D,Unknown,Unknown,,0,
2026-10-07 16:23:57 EDT,BIGY,https://finance.yahoo.com/quote/BIGY/chart,52.97,2H,2U-1,1-2 BREAK_UP,bull,52.97,52.96,-6,False,1,Bullish Marubozu-like,ALERT if price > 52.97 (inside break UP); stop < 52.96,Inside bar break UP (1-2),3,1,2D,2D,2D,Unknown,Unknown,,0,
2026-10-07 16:23:57 EDT,BIGY,https://finance.yahoo.com/quote/BIGY/chart,52.97,2H,2U-1,1-2 BREAK_DOWN,bear,52.96,52.97,-6,True,1,Bullish Marubozu-like,ALERT if price < 52.96 (inside break DOWN); stop > 52.97,Inside bar break DOWN (1-2),3,1,2D,2D,2D,Unknown,Unknown,,0,
2026-10-07 16:23:57 EDT,BIGY,https://finance.yahoo.com/quote/BIGY/chart,52.97,1H,2U-1,1-2 BREAK_UP,bull,52.97,52.96,-6,False,1,Bullish Marubozu-like,ALERT if price > 52.97 (inside break UP); stop < 52.96,Inside bar break UP (1-2),3,1,2D,2D,2D,Unknown,Unknown,,0,
2026-10-07 16:23:57 EDT,BIGY,https://finance.yahoo.com/quote/BIGY/chart,52.97,1H,2U-1,1-2 BREAK_DOWN,bear,52.96,52.97,-6,True,1,Bullish Marubozu-like,ALERT if price < 52.96 (inside break DOWN); stop > 52.97,Inside bar break DOWN (1-2),3,1,2D,2D,2D,Unknown,Unknown,,0,
2026-10-07 16:23:57 EDT,BIL,https://finance.yahoo.com/quote/BIL/chart,91.46,Y,1-2D,REVSTRAT 1-2-2 (watch 2U),bull,91.78,91.26,-3,False,2D,Bearish Candle,ALERT if price > 91.78 (RevStrat bull); stop < 91.26,RevStrat after 1-2D: watch for 2U reversal (1-2D-2U),2D,2U,2D,3,2U,Unknown,Unknown,,0,
2026-10-07 16:23:57 EDT,BIL,https://finance.yahoo.com/quote/BIL/chart,91.46,M,1-2D,REVSTRAT 1-2-2 (watch 2U),bull,91.65,91.39,-3,False,2D,Bullish Marubozu-like,ALERT if price > 91.65 (RevStrat bull); stop < 91.39,RevStrat after 1-2D: watch for 2U reversal (1-2D-2U),2D,2U,2D,3,2U,Unknown,Unknown,,0,
2026-10-07 16:23:57 EDT,BIL,https://finance.yahoo.com/quote/BIL/chart,91.46,W,2U-3,3-2 BREAK_UP,bull,91.65,91.4,-3,False,3,Bearish Candle,ALERT if price > 91.65 (outside break UP); stop < 91.4,Outside bar break UP (3-2),2D,2U,2D,3,2U,Unknown,Unknown,,0,
2026-10-07 16:23:57 EDT,BIL,https://finance.yahoo.com/quote/BIL/chart,91.46,W,2U-3,3-2 BREAK_DOWN,bear,91.4,91.65,-3,True,3,Bearish Candle,ALERT if price < 91.4 (outside break DOWN); stop > 91.65,Outside bar break DOWN (3-2),2D,2U,2D,3,2U,Unknown,Unknown,,0,
2026-10-07 16:23:57 EDT,BIL,https://finance.yahoo.com/quote/BIL/chart,91.46,D,1-2U,REVSTRAT 1-2-2 (watch 2D),bear,91.45,91.46,-3,True,2U,Dragonfly Doji (bullish-leaning),ALERT if price < 91.45 (RevStrat bear); stop > 91.46,RevStrat after 1-2U: watch for 2D reversal (1-2U-2D),2D,2U,2D,3,2U,Unknown,Unknown,,0,
2026-10-07 16:23:57 EDT,BIL,https://finance.yahoo.com/quote/BIL/chart,91.46,4H,2U-1,1-2 BREAK_UP,bull,91.46,91.45,-3,False,1,Dragonfly Doji (bullish-leaning),ALERT if price > 91.46 (inside break UP); stop < 91.45,Inside bar break UP (1-2),2D,2U,2D,3,2U,Unknown,Unknown,,0,
2026-10-07 16:23:57 EDT,BIL,https://finance.yahoo.com/quote/BIL/chart,91.46,4H,2U-1,1-2 BREAK_DOWN,bear,91.45,91.46,-3,True,1,Dragonfly Doji (bullish-leaning),ALERT if price < 91.45 (inside break DOWN); stop > 91.46,Inside bar break DOWN (1-2),2D,2U,2D,3,2U,Unknown,Unknown,,0,
2026-10-07 16:23:57 EDT,BIL,https://finance.yahoo.com/quote/BIL/chart,91.46,3H,2U-1,1-2 BREAK_UP,bull,91.46,91.45,-3,False,1,Bearish Marubozu-like,ALERT if price > 91.46 (inside break UP); stop < 91.45,Inside bar break UP (1-2),2D,2U,2D,3,2U,Unknown,Unknown,,0,
2026-10-07 16:23:57 EDT,BIL,https://finance.yahoo.com/quote/BIL/chart,91.46,3H,2U-1,1-2 BREAK_DOWN,bear,91.45,91.46,-3,True,1,Bearish Marubozu-like,ALERT if price < 91.45 (inside break DOWN); stop > 91.46,Inside bar break DOWN (1-2),2D,2U,2D,3,2U,Unknown,Unknown,,0,
2026-10-07 16:23:57 EDT,BIL,https://finance.yahoo.com/quote/BIL/chart,91.46,2H,1-1,1-2 BREAK_UP,bull,91.46,91.45,-3,False,1,Dragonfly Doji (bullish-leaning),ALERT if price > 91.46 (inside break UP); stop < 91.45,Inside bar break UP (1-2),2D,2U,2D,3,2U,Unknown,Unknown,,0,
2026-10-07 16:23:57 EDT,BIL,https://finance.yahoo.com/quote/BIL/chart,91.46,2H,1-1,1-2 BREAK_DOWN,bear,91.45,91.46,-3,True,1,Dragonfly Doji (bullish-leaning),ALERT if price < 91.45 (inside break DOWN); stop > 91.46,Inside bar break DOWN (1-2),2D,2U,2D,3,2U,Unknown,Unknown,,0,
2026-10-07 16:23:57 EDT,BIL,https://finance.yahoo.com/quote/BIL/chart,91.46,1H,1-1,1-2 BREAK_UP,bull,91.46,91.45,-3,False,1,Dragonfly Doji (bullish-leaning),ALERT if price > 91.46 (inside break UP); stop < 91.45,Inside bar break UP (1-2),2D,2U,2D,3,2U,Unknown,Unknown,,0,
2026-10-07 16:23:57 EDT,BIL,https://finance.yahoo.com/quote/BIL/chart,91.46,1H,1-1,1-2 BREAK_DOWN,bear,91.45,91.46,-3,True,1,Dragonfly Doji (bullish-leaning),ALERT if price < 91.45 (inside break DOWN); stop > 91.46,Inside bar break DOWN (1-2),2D,2U,2D,3,2U,Unknown,Unknown,,0,
2026-10-07 16:23:57 EDT,BILD,https://finance.yahoo.com/quote/BILD/chart,27.56,Y,3-3,3-2 BREAK_UP,bull,28.78,23.16,-8,False,3,Bullish Candle,ALERT if price > 28.78 (outside break UP); stop < 23.16,Outside bar break UP (3-2),3,2D,2D,2D,2U,Unknown,Unknown,,0,
2026-10-07 16:23:57 EDT,BILD,https://finance.yahoo.com/quote/BILD/chart,27.56,Y,3-3,3-2 BREAK_DOWN,bear,23.16,28.78,-8,True,3,Bullish Candle,ALERT if price < 23.16 (outside break DOWN); stop > 28.78,Outside bar break DOWN (3-2),3,2D,2D,2D,2U,Unknown,Unknown,,0,
2026-10-07 16:23:57 EDT,BILD,https://finance.yahoo.com/quote/BILD/chart,27.56,Q,1-2D,REVSTRAT 1-2-2 (watch 2U),bull,30.25,27.61,-8,False,2D,Bearish Candle,ALERT if price > 30.25 (RevStrat bull); stop < 27.61,RevStrat after 1-2D: watch for 2U reversal (1-2D-2U),3,2D,2D,2D,2U,Unknown,Unknown,,0,
2026-10-07 16:23:57 EDT,BILD,https://finance.yahoo.com/quote/BILD/chart,27.56,M,1-2D,REVSTRAT 1-2-2 (watch 2U),bull,29.44,27.61,-8,False,2D,Bearish Marubozu-like,ALERT if price > 29.44 (RevStrat bull); stop < 27.61,RevStrat after 1-2D: watch for 2U reversal (1-2D-2U),3,2D,2D,2D,2U,Unknown,Unknown,,0,
2026-10-07 16:23:57 EDT,BILS,https://finance.yahoo.com/quote/BILS/chart,99.12,Y,1-1,1-2 BREAK_UP,bull,99.52,99.08,-6,False,1,Bullish Candle,ALERT if price > 99.52 (inside break UP); stop < 99.08,Inside bar break UP (1-2),1,2D,2D,3,2U,Unknown,Unknown,,0,
2026-10-07 16:23:57 EDT,BILS,https://finance.yahoo.com/quote/BILS/chart,99.12,Y,1-1,1-2 BREAK_DOWN,bear,99.08,99.52,-6,True,1,Bullish Candle,ALERT if price < 99.08 (inside break DOWN); stop > 99.52,Inside bar break DOWN (1-2),1,2D,2D,3,2U,Unknown,Unknown,,0,
2026-10-07 16:23:57 EDT,BILS,https://finance.yahoo.com/quote/BILS/chart,99.12,M,1-2D,REVSTRAT 1-2-2 (watch 2U),bull,99.34,99.11,-6,False,2D,Bullish Marubozu-like,ALERT if price > 99.34 (RevStrat bull); stop < 99.11,RevStrat after 1-2D: watch for 2U reversal (1-2D-2U),1,2D,2D,3,2U,Unknown,Unknown,,0,
2026-10-07 16:23:57 EDT,BILS,https://finance.yahoo.com/quote/BILS/chart,99.12,W,2U-3,3-2 BREAK_UP,bull,99.34,99.04,-6,False,3,Bearish Candle,ALERT if price > 99.34 (outside break UP); stop < 99.04,Outside bar break UP (3-2),1,2D,2D,3,2U,Unknown,Unknown,,0,
2026-10-07 16:23:57 EDT,BILS,https://finance.yahoo.com/quote/BILS/chart,99.12,W,2U-3,3-2 BREAK_DOWN,bear,99.04,99.34,-6,True,3,Bearish Candle,ALERT if price < 99.04 (outside break DOWN); stop > 99.34,Outside bar break DOWN (3-2),1,2D,2D,3,2U,Unknown,Unknown,,0,
2026-10-07 16:23:57 EDT,BILS,https://finance.yahoo.com/quote/BILS/chart,99.12,4H,2U-1,1-2 BREAK_UP,bull,99.13,99.12,-6,False,1,Bearish Marubozu-like,ALERT if price > 99.13 (inside break UP); stop < 99.12,Inside bar break UP (1-2),1,2D,2D,3,2U,Unknown,Unknown,,0,
2026-10-07 16:23:57 EDT,BILS,https://finance.yahoo.com/quote/BILS/chart,99.12,4H,2U-1,1-2 BREAK_DOWN,bear,99.12,99.13,-6,True,1,Bearish Marubozu-like,ALERT if price < 99.12 (inside break DOWN); stop > 99.13,Inside bar break DOWN (1-2),1,2D,2D,3,2U,Unknown,Unknown,,0,
2026-10-07 16:23:57 EDT,BILS,https://finance.yahoo.com/quote/BILS/chart,99.12,3H,2U-1,1-2 BREAK_UP,bull,99.13,99.12,-6,False,1,Gravestone Doji (bearish-leaning),ALERT if price > 99.13 (inside break UP); stop < 99.12,Inside bar break UP (1-2),1,2D,2D,3,2U,Unknown,Unknown,,0,
2026-10-07 16:23:57 EDT,BILS,https://finance.yahoo.com/quote/BILS/chart,99.12,3H,2U-1,1-2 BREAK_DOWN,bear,99.12,99.13,-6,True,1,Gravestone Doji (bearish-leaning),ALERT if price < 99.12 (inside break DOWN); stop > 99.13,Inside bar break DOWN (1-2),1,2D,2D,3,2U,Unknown,Unknown,,0,
2026-10-07 16:23:57 EDT,BILS,https://finance.yahoo.com/quote/BILS/chart,99.12,2H,1-1,1-2 BREAK_UP,bull,99.13,99.12,-6,False,1,Bearish Marubozu-like,ALERT if price > 99.13 (inside break UP); stop < 99.12,Inside bar break UP (1-2),1,2D,2D,3,2U,Unknown,Unknown,,0,
2026-10-07 16:23:57 EDT,BILS,https://finance.yahoo.com/quote/BILS/chart,99.12,2H,1-1,1-2 BREAK_DOWN,bear,99.12,99.13,-6,True,1,Bearish Marubozu-like,ALERT if price < 99.12 (inside break DOWN); stop > 99.13,Inside bar break DOWN (1-2),1,2D,2D,3,2U,Unknown,Unknown,,0,
2026-10-07 16:23:57 EDT,BILS,https://finance.yahoo.com/quote/BILS/chart,99.12,1H,1-1,1-2 BREAK_UP,bull,99.13,99.12,-6,False,1,Bearish Marubozu-like,ALERT if price > 99.13 (inside break UP); stop < 99.12,Inside bar break UP (1-2),1,2D,2D,3,2U,Unknown,Unknown,,0,
2026-10-07 16:23:57 EDT,BILS,https://finance.yahoo.com/quote/BILS/chart,99.12,1H,1-1,1-2 BREAK_DOWN,bear,99.12,99.13,-6,True,1,Bearish Marubozu-like,ALERT if price < 99.12 (inside break DOWN); stop > 99.13,Inside bar break DOWN (1-2),1,2D,2D,3,2U,Unknown,Unknown,,0,
2026-10-07 16:23:57 EDT,BILT,https://finance.yahoo.com/quote/BILT/chart,26.23,2H,1-3,3-2 BREAK_UP,bull,26.32,26.23,-10,False,3,Bearish Candle,ALERT if price > 26.32 (outside break UP); stop < 26.23,Outside bar break UP (3-2),,2D,2D,2D,2D,Unknown,Unknown,,0,
2026-10-07 16:23:57 EDT,BILT,https://finance.yahoo.com/quote/BILT/chart,26.23,2H,1-3,3-2 BREAK_DOWN,bear,26.23,26.32,-10,True,3,Bearish Candle,ALERT if price < 26.23 (outside break DOWN); stop > 26.32,Outside bar break DOWN (3-2),,2D,2D,2D,2D,Unknown,Unknown,,0,
2026-10-07 16:23:57 EDT,BILZ,https://finance.yahoo.com/quote/BILZ/chart,100.69,Y,1-2U,REVSTRAT 1-2-2 (watch 2D),bear,100.73,101.27,3,False,2U,Bearish Shooting-Star-like,ALERT if price < 100.73 (RevStrat bear); stop > 101.27,RevStrat after 1-2U: watch for 2D reversal (1-2U-2D),2U,3,2D,3,2U,Unknown,Unknown,,0,
2026-10-07 16:23:57 EDT,BILZ,https://finance.yahoo.com/quote/BILZ/chart,100.69,Q,2D-3,3-2 BREAK_UP,bull,100.98,100.63,3,True,3,Bullish Candle,ALERT if price > 100.98 (outside break UP); stop < 100.63,Outside bar break UP (3-2),2U,3,2D,3,2U,Unknown,Unknown,,0,
2026-10-07 16:23:57 EDT,BILZ,https://finance.yahoo.com/quote/BILZ/chart,100.69,Q,2D-3,3-2 BREAK_DOWN,bear,100.63,100.98,3,False,3,Bullish Candle,ALERT if price < 100.63 (outside break DOWN); stop > 100.98,Outside bar break DOWN (3-2),2U,3,2D,3,2U,Unknown,Unknown,,0,
2026-10-07 16:23:57 EDT,BILZ,https://finance.yahoo.com/quote/BILZ/chart,100.69,M,1-2D,REVSTRAT 1-2-2 (watch 2U),bull,100.92,100.64,3,True,2D,Bullish Marubozu-like,ALERT if price > 100.92 (RevStrat bull); stop < 100.64,RevStrat after 1-2D: watch for 2U reversal (1-2D-2U),2U,3,2D,3,2U,Unknown,Unknown,,0,
2026-10-07 16:23:57 EDT,BILZ,https://finance.yahoo.com/quote/BILZ/chart,100.69,W,2U-3,3-2 BREAK_UP,bull,100.92,100.6,3,True,3,Bearish Candle,ALERT if price > 100.92 (outside break UP); stop < 100.6,Outside bar break UP (3-2),2U,3,2D,3,2U,Unknown,Unknown,,0,
2026-10-07 16:23:57 EDT,BILZ,https://finance.yahoo.com/quote/BILZ/chart,100.69,W,2U-3,3-2 BREAK_DOWN,bear,100.6,100.92,3,False,3,Bearish Candle,ALERT if price < 100.6 (outside break DOWN); stop > 100.92,Outside bar break DOWN (3-2),2U,3,2D,3,2U,Unknown,Unknown,,0,
2026-10-07 16:23:57 EDT,BILZ,https://finance.yahoo.com/quote/BILZ/chart,100.69,2H,1-2D,REVSTRAT 1-2-2 (watch 2U),bull,100.69,100.67,3,True,2D,Bullish Marubozu-like,ALERT if price > 100.69 (RevStrat bull); stop < 100.67,RevStrat after 1-2D: watch for 2U reversal (1-2D-2U),2U,3,2D,3,2U,Unknown,Unknown,,0,
2026-10-07 16:23:57 EDT,BILZ,https://finance.yahoo.com/quote/BILZ/chart,100.69,1H,2D-1,1-2 BREAK_UP,bull,100.69,100.67,3,True,1,Bullish Candle,ALERT if price > 100.69 (inside break UP); stop < 100.67,Inside bar break UP (1-2),2U,3,2D,3,2U,Unknown,Unknown,,0,
2026-10-07 16:23:57 EDT,BILZ,https://finance.yahoo.com/quote/BILZ/chart,100.69,1H,2D-1,1-2 BREAK_DOWN,bear,100.67,100.69,3,False,1,Bullish Candle,ALERT if price < 100.67 (inside break DOWN); stop > 100.69,Inside bar break DOWN (1-2),2U,3,2D,3,2U,Unknown,Unknown,,0,
2026-10-07 16:23:57 EDT,BINC,https://finance.yahoo.com/quote/BINC/chart,50.69,Q,1-2D,REVSTRAT 1-2-2 (watch 2U),bull,52.27,50.77,-15,False,2D,Bearish Candle,ALERT if price > 52.27 (RevStrat bull); stop < 50.77,RevStrat after 1-2D: watch for 2U reversal (1-2D-2U),2D,2D,2D,2D,2D,Unknown,Unknown,,0,
2026-10-07 16:23:57 EDT,BINC,https://finance.yahoo.com/quote/BINC/chart,50.69,M,1-2D,REVSTRAT 1-2-2 (watch 2U),bull,51.71,50.77,-15,False,2D,Bearish Marubozu-like,ALERT if price > 51.71 (RevStrat bull); stop < 50.77,RevStrat after 1-2D: watch for 2U reversal (1-2D-2U),2D,2D,2D,2D,2D,Unknown,Unknown,,0,
2026-10-07 16:23:57 EDT,BINC,https://finance.yahoo.com/quote/BINC/chart,50.69,W,3-2D,REVSTRAT 3-2-2 (watch 2U),bull,50.93,50.43,-15,False,2D,Bearish Candle,ALERT if price > 50.93 (RevStrat bull); stop < 50.43,RevStrat after 3-2D: watch for 2U reversal (3-2D-2U),2D,2D,2D,2D,2D,Unknown,Unknown,,0,
2026-10-07 16:23:57 EDT,BINC,https://finance.yahoo.com/quote/BINC/chart,50.69,2H,2U-1,1-2 BREAK_UP,bull,50.7,50.66,-15,False,1,Doji,ALERT if price > 50.7 (inside break UP); stop < 50.66,Inside bar break UP (1-2),2D,2D,2D,2D,2D,Unknown,Unknown,,0,
2026-10-07 16:23:57 EDT,BINC,https://finance.yahoo.com/quote/BINC/chart,50.69,2H,2U-1,1-2 BREAK_DOWN,bear,50.66,50.7,-15,True,1,Doji,ALERT if price < 50.66 (inside break DOWN); stop > 50.7,Inside bar break DOWN (1-2),2D,2D,2D,2D,2D,Unknown,Unknown,,0,
2026-10-07 16:23:57 EDT,BINC,https://finance.yahoo.com/quote/BINC/chart,50.69,1H,2D-1,1-2 BREAK_UP,bull,50.69,50.66,-15,False,1,Bullish Candle,ALERT if price > 50.69 (inside break UP); stop < 50.66,Inside bar break UP (1-2),2D,2D,2D,2D,2D,Unknown,Unknown,,0,
2026-10-07 16:23:57 EDT,BINC,https://finance.yahoo.com/quote/BINC/chart,50.69,1H,2D-1,1-2 BREAK_DOWN,bear,50.66,50.69,-15,True,1,Bullish Candle,ALERT if price < 50.66 (inside break DOWN); stop > 50.69,Inside bar break DOWN (1-2),2D,2D,2D,2D,2D,Unknown,Unknown,,0,
2026-10-07 16:23:57 EDT,BINT,https://finance.yahoo.com/quote/BINT/chart,32.58,M,2U-1,1-2 BREAK_UP,bull,33.39,32.13,1,True,1,Bearish Candle,ALERT if price > 33.39 (inside break UP); stop < 32.13,Inside bar break UP (1-2),,2U,1,2D,2D,Unknown,Unknown,,0,
2026-10-07 16:23:57 EDT,BINT,https://finance.yahoo.com/quote/BINT/chart,32.58,M,2U-1,1-2 BREAK_DOWN,bear,32.13,33.39,1,False,1,Bearish Candle,ALERT if price < 32.13 (inside break DOWN); stop > 33.39,Inside bar break DOWN (1-2),,2U,1,2D,2D,Unknown,Unknown,,0,
2026-10-07 16:23:57 EDT,BINT,https://finance.yahoo.com/quote/BINT/chart,32.58,2H,2U-1,1-2 BREAK_UP,bull,32.6,32.57,1,True,1,Bearish Candle,ALERT if price > 32.6 (inside break UP); stop < 32.57,Inside bar break UP (1-2),,2U,1,2D,2D,Unknown,Unknown,,0,
2026-10-07 16:23:57 EDT,BINT,https://finance.yahoo.com/quote/BINT/chart,32.58,2H,2U-1,1-2 BREAK_DOWN,bear,32.57,32.6,1,False,1,Bearish Candle,ALERT if price < 32.57 (inside break DOWN); stop > 32.6,Inside bar break DOWN (1-2),,2U,1,2D,2D,Unknown,Unknown,,0,
2026-10-07 16:23:57 EDT,BINT,https://finance.yahoo.com/quote/BINT/chart,32.58,1H,3-1,1-2 BREAK_UP,bull,32.58,32.58,1,True,1,Doji,ALERT if price > 32.58 (inside break UP); stop < 32.58,Inside bar break UP (1-2),,2U,1,2D,2D,Unknown,Unknown,,0,
2026-10-07 16:23:57 EDT,BINT,https://finance.yahoo.com/quote/BINT/chart,32.58,1H,3-1,1-2 BREAK_DOWN,bear,32.58,32.58,1,False,1,Doji,ALERT if price < 32.58 (inside break DOWN); stop > 32.58,Inside bar break DOWN (1-2),,2U,1,2D,2D,Unknown,Unknown,,0,
2026-10-07 16:23:57 EDT,BINV,https://finance.yahoo.com/quote/BINV/chart,43.03,Q,1-2U,REVSTRAT 1-2-2 (watch 2D),bear,41.67,46.05,3,False,2U,Bullish Inverted Hammer-like,ALERT if price < 41.67 (RevStrat bear); stop > 46.05,RevStrat after 1-2U: watch for 2D reversal (1-2U-2D),2U,2U,2D,2D,2D,Unknown,Unknown,,0,
2026-10-07 16:23:57 EDT,BINV,https://finance.yahoo.com/quote/BINV/chart,43.03,3H,2D-1,1-2 BREAK_UP,bull,43.12,43.02,3,True,1,Bullish Candle,ALERT if price > 43.12 (inside break UP); stop < 43.02,Inside bar break UP (1-2),2U,2U,2D,2D,2D,Unknown,Unknown,,0,
2026-10-07 16:23:57 EDT,BINV,https://finance.yahoo.com/quote/BINV/chart,43.03,3H,2D-1,1-2 BREAK_DOWN,bear,43.02,43.12,3,False,1,Bullish Candle,ALERT if price < 43.02 (inside break DOWN); stop > 43.12,Inside bar break DOWN (1-2),2U,2U,2D,2D,2D,Unknown,Unknown,,0,
2026-10-07 16:23:57 EDT,BINV,https://finance.yahoo.com/quote/BINV/chart,43.03,2H,1-2U,REVSTRAT 1-2-2 (watch 2D),bear,43.02,43.14,3,False,2U,Bearish Candle,ALERT if price < 43.02 (RevStrat bear); stop > 43.14,RevStrat after 1-2U: watch for 2D reversal (1-2U-2D),2U,2U,2D,2D,2D,Unknown,Unknown,,0,
2026-10-07 16:23:57 EDT,BINV,https://finance.yahoo.com/quote/BINV/chart,43.03,1H,2U-1,1-2 BREAK_UP,bull,43.11,43.02,3,True,1,Bullish Inverted Hammer-like,ALERT if price > 43.11 (inside break UP); stop < 43.02,Inside bar break UP (1-2),2U,2U,2D,2D,2D,Unknown,Unknown,,0,
2026-10-07 16:23:57 EDT,BINV,https://finance.yahoo.com/quote/BINV/chart,43.03,1H,2U-1,1-2 BREAK_DOWN,bear,43.02,43.11,3,False,1,Bullish Inverted Hammer-like,ALERT if price < 43.02 (inside break DOWN); stop > 43.11,Inside bar break DOWN (1-2),2U,2U,2D,2D,2D,Unknown,Unknown,,0,
2026-10-07 16:23:57 EDT,BIS,https://finance.yahoo.com/quote/BIS/chart,11.98,Y,2D-3,3-2 BREAK_UP,bull,51.74,17.98,-4,False,3,Bearish Candle,ALERT if price > 51.74 (outside break UP); stop < 17.98,Outside bar break UP (3-2),3,2D,1,3,1,Unknown,Unknown,,0,
2026-10-07 16:23:57 EDT,BIS,https://finance.yahoo.com/quote/BIS/chart,11.98,Y,2D-3,3-2 BREAK_DOWN,bear,17.98,51.74,-4,True,3,Bearish Candle,ALERT if price < 17.98 (outside break DOWN); stop > 51.74,Outside bar break DOWN (3-2),3,2D,1,3,1,Unknown,Unknown,,0,
2026-10-07 16:23:57 EDT,BIS,https://finance.yahoo.com/quote/BIS/chart,11.98,M,3-1,1-2 BREAK_UP,bull,12.12,10.66,-4,False,1,Doji,ALERT if price > 12.12 (inside break UP); stop < 10.66,Inside bar break UP (1-2),3,2D,1,3,1,Unknown,Unknown,,0,
2026-10-07 16:23:57 EDT,BIS,https://finance.yahoo.com/quote/BIS/chart,11.98,M,3-1,1-2 BREAK_DOWN,bear,10.66,12.12,-4,True,1,Doji,ALERT if price < 10.66 (inside break DOWN); stop > 12.12,Inside bar break DOWN (1-2),3,2D,1,3,1,Unknown,Unknown,,0,
2026-10-07 16:23:57 EDT,BIS,https://finance.yahoo.com/quote/BIS/chart,11.98,W,2D-3,3-2 BREAK_UP,bull,11.81,11.0,-4,False,3,Bullish Candle,ALERT if price > 11.81 (outside break UP); stop < 11.0,Outside bar break UP (3-2),3,2D,1,3,1,Unknown,Unknown,,0,
2026-10-07 16:23:57 EDT,BIS,https://finance.yahoo.com/quote/BIS/chart,11.98,W,2D-3,3-2 BREAK_DOWN,bear,11.0,11.81,-4,True,3,Bullish Candle,ALERT if price < 11.0 (outside break DOWN); stop > 11.81,Outside bar break DOWN (3-2),3,2D,1,3,1,Unknown,Unknown,,0,
2026-10-07 16:23:57 EDT,BIS,https://finance.yahoo.com/quote/BIS/chart,11.98,D,3-1,1-2 BREAK_UP,bull,11.98,11.81,-4,False,1,Bullish Candle,ALERT if price > 11.98 (inside break UP); stop < 11.81,Inside bar break UP (1-2),3,2D,1,3,1,Unknown,Unknown,,0,
2026-10-07 16:23:57 EDT,BIS,https://finance.yahoo.com/quote/BIS/chart,11.98,D,3-1,1-2 BREAK_DOWN,bear,11.81,11.98,-4,True,1,Bullish Candle,ALERT if price < 11.81 (inside break DOWN); stop > 11.98,Inside bar break DOWN (1-2),3,2D,1,3,1,Unknown,Unknown,,0,
2026-10-07 16:23:57 EDT,BITB,https://finance.yahoo.com/quote/BITB/chart,45.24,W,2U-3,3-2 BREAK_UP,bull,47.31,44.78,11,True,3,Bullish Candle,ALERT if price > 47.31 (outside break UP); stop < 44.78,Outside bar break UP (3-2),2U,2U,2U,3,2D,Unknown,Unknown,,0,
2026-10-07 16:23:57 EDT,BITB,https://finance.yahoo.com/quote/BITB/chart,45.24,W,2U-3,3-2 BREAK_DOWN,bear,44.78,47.31,11,False,3,Bullish Candle,ALERT if price < 44.78 (outside break DOWN); stop > 47.31,Outside bar break DOWN (3-2),2U,2U,2U,3,2D,Unknown,Unknown,,0,
2026-10-07 16:23:57 EDT,BITB,https://finance.yahoo.com/quote/BITB/chart,45.24,D,1-2D,REVSTRAT 1-2-2 (watch 2U),bull,45.38,44.88,11,True,2D,Bullish Candle,ALERT if price > 45.38 (RevStrat bull); stop < 44.88,RevStrat after 1-2D: watch for 2U reversal (1-2D-2U),2U,2U,2U,3,2D,Unknown,Unknown,,0,
2026-10-07 16:23:57 EDT,BITB,https://finance.yahoo.com/quote/BITB/chart,45.24,2H,2U-1,1-2 BREAK_UP,bull,45.29,45.16,11,True,1,Bullish Candle,ALERT if price > 45.29 (inside break UP); stop < 45.16,Inside bar break UP (1-2),2U,2U,2U,3,2D,Unknown,Unknown,,0,
2026-10-07 16:23:57 EDT,BITB,https://finance.yahoo.com/quote/BITB/chart,45.24,2H,2U-1,1-2 BREAK_DOWN,bear,45.16,45.29,11,False,1,Bullish Candle,ALERT if price < 45.16 (inside break DOWN); stop > 45.29,Inside bar break DOWN (1-2),2U,2U,2U,3,2D,Unknown,Unknown,,0,
2026-10-07 16:23:57 EDT,BITB,https://finance.yahoo.com/quote/BITB/chart,45.24,1H,2U-1,1-2 BREAK_UP,bull,45.28,45.17,11,True,1,Doji,ALERT if price > 45.28 (inside break UP); stop < 45.17,Inside bar break UP (1-2),2U,2U,2U,3,2D,Unknown,Unknown,,0,
2026-10-07 16:23:57 EDT,BITB,https://finance.yahoo.com/quote/BITB/chart,45.24,1H,2U-1,1-2 BREAK_DOWN,bear,45.17,45.28,11,False,1,Doji,ALERT if price < 45.17 (inside break DOWN); stop > 45.28,Inside bar break DOWN (1-2),2U,2U,2U,3,2D,Unknown,Unknown,,0,
2026-10-07 16:23:57 EDT,BITC,https://finance.yahoo.com/quote/BITC/chart,38.36,Y,2U-1,1-2 BREAK_UP,bull,51.4,36.38,2,True,1,Bearish Candle,ALERT if price > 51.4 (inside break UP); stop < 36.38,Inside bar break UP (1-2),1,3,2U,3,2D,Unknown,Unknown,,0,
2026-10-07 16:23:57 EDT,BITC,https://finance.yahoo.com/quote/BITC/chart,38.36,Y,2U-1,1-2 BREAK_DOWN,bear,36.38,51.4,2,False,1,Bearish Candle,ALERT if price < 36.38 (inside break DOWN); stop > 51.4,Inside bar break DOWN (1-2),1,3,2U,3,2D,Unknown,Unknown,,0,
2026-10-07 16:23:57 EDT,BITC,https://finance.yahoo.com/quote/BITC/chart,38.36,Q,2U-3,3-2 BREAK_UP,bull,42.28,35.09,2,True,3,Bullish Candle,ALERT if price > 42.28 (outside break UP); stop < 35.09,Outside bar break UP (3-2),1,3,2U,3,2D,Unknown,Unknown,,0,
2026-10-07 16:23:57 EDT,BITC,https://finance.yahoo.com/quote/BITC/chart,38.36,Q,2U-3,3-2 BREAK_DOWN,bear,35.09,42.28,2,False,3,Bullish Candle,ALERT if price < 35.09 (outside break DOWN); stop > 42.28,Outside bar break DOWN (3-2),1,3,2U,3,2D,Unknown,Unknown,,0,
2026-10-07 16:23:57 EDT,BITC,https://finance.yahoo.com/quote/BITC/chart,38.36,W,2D-3,3-2 BREAK_UP,bull,40.23,38.14,2,True,3,Bullish Candle,ALERT if price > 40.23 (outside break UP); stop < 38.14,Outside bar break UP (3-2),1,3,2U,3,2D,Unknown,Unknown,,0,
2026-10-07 16:23:57 EDT,BITC,https://finance.yahoo.com/quote/BITC/chart,38.36,W,2D-3,3-2 BREAK_DOWN,bear,38.14,40.23,2,False,3,Bullish Candle,ALERT if price < 38.14 (outside break DOWN); stop > 40.23,Outside bar break DOWN (3-2),1,3,2U,3,2D,Unknown,Unknown,,0,
2026-10-07 16:23:57 EDT,BITC,https://finance.yahoo.com/quote/BITC/chart,38.36,4H,2D-1,1-2 BREAK_UP,bull,38.36,38.19,2,True,1,Bullish Marubozu-like,ALERT if price > 38.36 (inside break UP); stop < 38.19,Inside bar break UP (1-2),1,3,2U,3,2D,Unknown,Unknown,,0,
2026-10-07 16:23:57 EDT,BITC,https://finance.yahoo.com/quote/BITC/chart,38.36,4H,2D-1,1-2 BREAK_DOWN,bear,38.19,38.36,2,False,1,Bullish Marubozu-like,ALERT if price < 38.19 (inside break DOWN); stop > 38.36,Inside bar break DOWN (1-2),1,3,2U,3,2D,Unknown,Unknown,,0,
2026-10-07 16:23:57 EDT,BITC,https://finance.yahoo.com/quote/BITC/chart,38.36,3H,2D-1,1-2 BREAK_UP,bull,38.19,38.19,2,True,1,Doji,ALERT if price > 38.19 (inside break UP); stop < 38.19,Inside bar break UP (1-2),1,3,2U,3,2D,Unknown,Unknown,,0,
2026-10-07 16:23:57 EDT,BITC,https://finance.yahoo.com/quote/BITC/chart,38.36,3H,2D-1,1-2 BREAK_DOWN,bear,38.19,38.19,2,False,1,Doji,ALERT if price < 38.19 (inside break DOWN); stop > 38.19,Inside bar break DOWN (1-2),1,3,2U,3,2D,Unknown,Unknown,,0,
2026-10-07 16:23:57 EDT,BITI,https://finance.yahoo.com/quote/BITI/chart,17.66,Q,1-2D,REVSTRAT 1-2-2 (watch 2U),bull,27.68,16.92,-11,False,2D,Bearish Marubozu-like,ALERT if price > 27.68 (RevStrat bull); stop < 16.92,RevStrat after 1-2D: watch for 2U reversal (1-2D-2U),2D,2D,2D,3,2U,Unknown,Unknown,,0,
2026-10-07 16:23:57 EDT,BITI,https://finance.yahoo.com/quote/BITI/chart,17.66,W,2D-3,3-2 BREAK_UP,bull,17.84,16.86,-11,False,3,Bearish Candle,ALERT if price > 17.84 (outside break UP); stop < 16.86,Outside bar break UP (3-2),2D,2D,2D,3,2U,Unknown,Unknown,,0,
2026-10-07 16:23:57 EDT,BITI,https://finance.yahoo.com/quote/BITI/chart,17.66,W,2D-3,3-2 BREAK_DOWN,bear,16.86,17.84,-11,True,3,Bearish Candle,ALERT if price < 16.86 (outside break DOWN); stop > 17.84,Outside bar break DOWN (3-2),2D,2D,2D,3,2U,Unknown,Unknown,,0,
2026-10-07 16:23:57 EDT,BITI,https://finance.yahoo.com/quote/BITI/chart,17.66,D,1-2U,REVSTRAT 1-2-2 (watch 2D),bear,17.61,17.8,-11,True,2U,Bearish Candle,ALERT if price < 17.61 (RevStrat bear); stop > 17.8,RevStrat after 1-2U: watch for 2D reversal (1-2U-2D),2D,2D,2D,3,2U,Unknown,Unknown,,0,
2026-10-07 16:23:57 EDT,BITI,https://finance.yahoo.com/quote/BITI/chart,17.66,4H,2U-1,1-2 BREAK_UP,bull,17.74,17.61,-11,False,1,Bullish Candle,ALERT if price > 17.74 (inside break UP); stop < 17.61,Inside bar break UP (1-2),2D,2D,2D,3,2U,Unknown,Unknown,,0,
2026-10-07 16:23:57 EDT,BITI,https://finance.yahoo.com/quote/BITI/chart,17.66,4H,2U-1,1-2 BREAK_DOWN,bear,17.61,17.74,-11,True,1,Bullish Candle,ALERT if price < 17.61 (inside break DOWN); stop > 17.74,Inside bar break DOWN (1-2),2D,2D,2D,3,2U,Unknown,Unknown,,0,
2026-10-07 16:23:57 EDT,BITI,https://finance.yahoo.com/quote/BITI/chart,17.66,2H,1-1,1-2 BREAK_UP,bull,17.69,17.64,-11,False,1,Bearish Candle,ALERT if price > 17.69 (inside break UP); stop < 17.64,Inside bar break UP (1-2),2D,2D,2D,3,2U,Unknown,Unknown,,0,
2026-10-07 16:23:57 EDT,BITI,https://finance.yahoo.com/quote/BITI/chart,17.66,2H,1-1,1-2 BREAK_DOWN,bear,17.64,17.69,-11,True,1,Bearish Candle,ALERT if price < 17.64 (inside break DOWN); stop > 17.69,Inside bar break DOWN (1-2),2D,2D,2D,3,2U,Unknown,Unknown,,0,
2026-10-07 16:23:57 EDT,BITI,https://finance.yahoo.com/quote/BITI/chart,17.66,1H,2D-1,1-2 BREAK_UP,bull,17.68,17.65,-11,False,1,Doji,ALERT if price > 17.68 (inside break UP); stop < 17.65,Inside bar break UP (1-2),2D,2D,2D,3,2U,Unknown,Unknown,,0,
2026-10-07 16:23:57 EDT,BITI,https://finance.yahoo.com/quote/BITI/chart,17.66,1H,2D-1,1-2 BREAK_DOWN,bear,17.65,17.68,-11,True,1,Doji,ALERT if price < 17.65 (inside break DOWN); stop > 17.68,Inside bar break DOWN (1-2),2D,2D,2D,3,2U,Unknown,Unknown,,0,
2026-10-07 16:23:57 EDT,BITO,https://finance.yahoo.com/quote/BITO/chart,11.15,D,1-2D,REVSTRAT 1-2-2 (watch 2U),bull,11.18,11.05,-1,False,2D,Doji,ALERT if price > 11.18 (RevStrat bull); stop < 11.05,RevStrat after 1-2D: watch for 2U reversal (1-2D-2U),2D,2U,2U,2D,2D,Unknown,Unknown,,0,
2026-10-07 16:23:57 EDT,BITO,https://finance.yahoo.com/quote/BITO/chart,11.15,4H,2D-1,1-2 BREAK_UP,bull,11.18,11.09,-1,False,1,Bearish Candle,ALERT if price > 11.18 (inside break UP); stop < 11.09,Inside bar break UP (1-2),2D,2U,2U,2D,2D,Unknown,Unknown,,0,
2026-10-07 16:23:57 EDT,BITO,https://finance.yahoo.com/quote/BITO/chart,11.15,4H,2D-1,1-2 BREAK_DOWN,bear,11.09,11.18,-1,True,1,Bearish Candle,ALERT if price < 11.09 (inside break DOWN); stop > 11.18,Inside bar break DOWN (1-2),2D,2U,2U,2D,2D,Unknown,Unknown,,0,
2026-10-07 16:23:57 EDT,BITO,https://finance.yahoo.com/quote/BITO/chart,11.15,2H,1-1,1-2 BREAK_UP,bull,11.16,11.12,-1,False,1,Bullish Candle,ALERT if price > 11.16 (inside break UP); stop < 11.12,Inside bar break UP (1-2),2D,2U,2U,2D,2D,Unknown,Unknown,,0,
2026-10-07 16:23:57 EDT,BITO,https://finance.yahoo.com/quote/BITO/chart,11.15,2H,1-1,1-2 BREAK_DOWN,bear,11.12,11.16,-1,True,1,Bullish Candle,ALERT if price < 11.12 (inside break DOWN); stop > 11.16,Inside bar break DOWN (1-2),2D,2U,2U,2D,2D,Unknown,Unknown,,0,
2026-10-07 16:23:57 EDT,BITO,https://finance.yahoo.com/quote/BITO/chart,11.15,1H,2U-1,1-2 BREAK_UP,bull,11.15,11.12,-1,False,1,Dragonfly Doji (bullish-leaning),ALERT if price > 11.15 (inside break UP); stop < 11.12,Inside bar break UP (1-2),2D,2U,2U,2D,2D,Unknown,Unknown,,0,
2026-10-07 16:23:57 EDT,BITO,https://finance.yahoo.com/quote/BITO/chart,11.15,1H,2U-1,1-2 BREAK_DOWN,bear,11.12,11.15,-1,True,1,Dragonfly Doji (bullish-leaning),ALERT if price < 11.12 (inside break DOWN); stop > 11.15,Inside bar break DOWN (1-2),2D,2U,2U,2D,2D,Unknown,Unknown,,0,
2026-10-07 16:23:57 EDT,BITQ,https://finance.yahoo.com/quote/BITQ/chart,24.3,Q,2U-1,1-2 BREAK_UP,bull,28.6,21.27,5,True,1,Bullish Candle,ALERT if price > 28.6 (inside break UP); stop < 21.27,Inside bar break UP (1-2),2U,1,2U,2D,2D,Unknown,Unknown,,0,
2026-10-07 16:23:57 EDT,BITQ,https://finance.yahoo.com/quote/BITQ/chart,24.3,Q,2U-1,1-2 BREAK_DOWN,bear,21.27,28.6,5,False,1,Bullish Candle,ALERT if price < 21.27 (inside break DOWN); stop > 28.6,Inside bar break DOWN (1-2),2U,1,2U,2D,2D,Unknown,Unknown,,0,
2026-10-07 16:23:57 EDT,BITQ,https://finance.yahoo.com/quote/BITQ/chart,24.3,4H,2D-1,1-2 BREAK_UP,bull,24.43,24.22,5,True,1,Bearish Candle,ALERT if price > 24.43 (inside break UP); stop < 24.22,Inside bar break UP (1-2),2U,1,2U,2D,2D,Unknown,Unknown,,0,
2026-10-07 16:23:57 EDT,BITQ,https://finance.yahoo.com/quote/BITQ/chart,24.3,4H,2D-1,1-2 BREAK_DOWN,bear,24.22,24.43,5,False,1,Bearish Candle,ALERT if price < 24.22 (inside break DOWN); stop > 24.43,Inside bar break DOWN (1-2),2U,1,2U,2D,2D,Unknown,Unknown,,0,
2026-10-07 16:23:57 EDT,BITQ,https://finance.yahoo.com/quote/BITQ/chart,24.3,3H,2D-1,1-2 BREAK_UP,bull,24.43,24.19,5,True,1,Bullish Candle,ALERT if price > 24.43 (inside break UP); stop < 24.19,Inside bar break UP (1-2),2U,1,2U,2D,2D,Unknown,Unknown,,0,
2026-10-07 16:23:57 EDT,BITQ,https://finance.yahoo.com/quote/BITQ/chart,24.3,3H,2D-1,1-2 BREAK_DOWN,bear,24.19,24.43,5,False,1,Bullish Candle,ALERT if price < 24.19 (inside break DOWN); stop > 24.43,Inside bar break DOWN (1-2),2U,1,2U,2D,2D,Unknown,Unknown,,0,
2026-10-07 16:23:57 EDT,BITQ,https://finance.yahoo.com/quote/BITQ/chart,24.3,2H,1-1,1-2 BREAK_UP,bull,24.4,24.25,5,True,1,Bearish Candle,ALERT if price > 24.4 (inside break UP); stop < 24.25,Inside bar break UP (1-2),2U,1,2U,2D,2D,Unknown,Unknown,,0,
2026-10-07 16:23:57 EDT,BITQ,https://finance.yahoo.com/quote/BITQ/chart,24.3,2H,1-1,1-2 BREAK_DOWN,bear,24.25,24.4,5,False,1,Bearish Candle,ALERT if price < 24.25 (inside break DOWN); stop > 24.4,Inside bar break DOWN (1-2),2U,1,2U,2D,2D,Unknown,Unknown,,0,
2026-10-07 16:23:57 EDT,BITQ,https://finance.yahoo.com/quote/BITQ/chart,24.3,1H,2U-1,1-2 BREAK_UP,bull,24.35,24.26,5,True,1,Bearish Candle,ALERT if price > 24.35 (inside break UP); stop < 24.26,Inside bar break UP (1-2),2U,1,2U,2D,2D,Unknown,Unknown,,0,
2026-10-07 16:23:57 EDT,BITQ,https://finance.yahoo.com/quote/BITQ/chart,24.3,1H,2U-1,1-2 BREAK_DOWN,bear,24.26,24.35,5,False,1,Bearish Candle,ALERT if price < 24.26 (inside break DOWN); stop > 24.35,Inside bar break DOWN (1-2),2U,1,2U,2D,2D,Unknown,Unknown,,0,
2026-10-07 16:23:57 EDT,BITS,https://finance.yahoo.com/quote/BITS/chart,67.61,Q,1-1,1-2 BREAK_UP,bull,72.54,53.31,5,True,1,Bullish Candle,ALERT if price > 72.54 (inside break UP); stop < 53.31,Inside bar break UP (1-2),2U,1,2U,2D,2D,Unknown,Unknown,,0,
2026-10-07 16:23:57 EDT,BITS,https://finance.yahoo.com/quote/BITS/chart,67.61,Q,1-1,1-2 BREAK_DOWN,bear,53.31,72.54,5,False,1,Bullish Candle,ALERT if price < 53.31 (inside break DOWN); stop > 72.54,Inside bar break DOWN (1-2),2U,1,2U,2D,2D,Unknown,Unknown,,0,
2026-10-07 16:23:57 EDT,BITU,https://finance.yahoo.com/quote/BITU/chart,15.05,Y,None-1,1-2 BREAK_UP,bull,65.77,21.55,2,True,1,Bearish Candle,ALERT if price > 65.77 (inside break UP); stop < 21.55,Inside bar break UP (1-2),1,1,2U,3,2D,Unknown,Unknown,,0,
2026-10-07 16:23:57 EDT,BITU,https://finance.yahoo.com/quote/BITU/chart,15.05,Y,None-1,1-2 BREAK_DOWN,bear,21.55,65.77,2,False,1,Bearish Candle,ALERT if price < 21.55 (inside break DOWN); stop > 65.77,Inside bar break DOWN (1-2),1,1,2U,3,2D,Unknown,Unknown,,0,
2026-10-07 16:23:57 EDT,BITU,https://finance.yahoo.com/quote/BITU/chart,15.05,Q,2D-1,1-2 BREAK_UP,bull,16.48,8.04,2,True,1,Bullish Candle,ALERT if price > 16.48 (inside break UP); stop < 8.04,Inside bar break UP (1-2),1,1,2U,3,2D,Unknown,Unknown,,0,
2026-10-07 16:23:57 EDT,BITU,https://finance.yahoo.com/quote/BITU/chart,15.05,Q,2D-1,1-2 BREAK_DOWN,bear,8.04,16.48,2,False,1,Bullish Candle,ALERT if price < 8.04 (inside break DOWN); stop > 16.48,Inside bar break DOWN (1-2),1,1,2U,3,2D,Unknown,Unknown,,0,
2026-10-07 16:23:57 EDT,BITU,https://finance.yahoo.com/quote/BITU/chart,15.05,W,2U-3,3-2 BREAK_UP,bull,16.49,14.81,2,True,3,Bullish Candle,ALERT if price > 16.49 (outside break UP); stop < 14.81,Outside bar break UP (3-2),1,1,2U,3,2D,Unknown,Unknown,,0,
2026-10-07 16:23:57 EDT,BITU,https://finance.yahoo.com/quote/BITU/chart,15.05,W,2U-3,3-2 BREAK_DOWN,bear,14.81,16.49,2,False,3,Bullish Candle,ALERT if price < 14.81 (outside break DOWN); stop > 16.49,Outside bar break DOWN (3-2),1,1,2U,3,2D,Unknown,Unknown,,0,
2026-10-07 16:23:57 EDT,BITU,https://finance.yahoo.com/quote/BITU/chart,15.05,D,1-2D,REVSTRAT 1-2-2 (watch 2U),bull,15.14,14.8,2,True,2D,Bullish Candle,ALERT if price > 15.14 (RevStrat bull); stop < 14.8,RevStrat after 1-2D: watch for 2U reversal (1-2D-2U),1,1,2U,3,2D,Unknown,Unknown,,0,
2026-10-07 16:23:57 EDT,BITU,https://finance.yahoo.com/quote/BITU/chart,15.05,2H,2U-1,1-2 BREAK_UP,bull,15.08,14.98,2,True,1,Bullish Candle,ALERT if price > 15.08 (inside break UP); stop < 14.98,Inside bar break UP (1-2),1,1,2U,3,2D,Unknown,Unknown,,0,
2026-10-07 16:23:57 EDT,BITU,https://finance.yahoo.com/quote/BITU/chart,15.05,2H,2U-1,1-2 BREAK_DOWN,bear,14.98,15.08,2,False,1,Bullish Candle,ALERT if price < 14.98 (inside break DOWN); stop > 15.08,Inside bar break DOWN (1-2),1,1,2U,3,2D,Unknown,Unknown,,0,
2026-10-07 16:23:57 EDT,BITU,https://finance.yahoo.com/quote/BITU/chart,15.05,1H,2U-1,1-2 BREAK_UP,bull,15.07,14.99,2,True,1,Bearish Candle,ALERT if price > 15.07 (inside break UP); stop < 14.99,Inside bar break UP (1-2),1,1,2U,3,2D,Unknown,Unknown,,0,
2026-10-07 16:23:57 EDT,BITU,https://finance.yahoo.com/quote/BITU/chart,15.05,1H,2U-1,1-2 BREAK_DOWN,bear,14.99,15.07,2,False,1,Bearish Candle,ALERT if price < 14.99 (inside break DOWN); stop > 15.07,Inside bar break DOWN (1-2),1,1,2U,3,2D,Unknown,Unknown,,0,
2026-10-07 16:23:57 EDT,BITW,https://finance.yahoo.com/quote/BITW/chart,54.38,W,2U-3,3-2 BREAK_UP,bull,57.23,54.69,11,True,3,Doji,ALERT if price > 57.23 (outside break UP); stop < 54.69,Outside bar break UP (3-2),2U,2U,2U,3,2D,Unknown,Unknown,,0,
2026-10-07 16:23:57 EDT,BITW,https://finance.yahoo.com/quote/BITW/chart,54.38,W,2U-3,3-2 BREAK_DOWN,bear,54.69,57.23,11,False,3,Doji,ALERT if price < 54.69 (outside break DOWN); stop > 57.23,Outside bar break DOWN (3-2),2U,2U,2U,3,2D,Unknown,Unknown,,0,
2026-10-07 16:23:57 EDT,BITW,https://finance.yahoo.com/quote/BITW/chart,54.38,D,1-2D,REVSTRAT 1-2-2 (watch 2U),bull,54.56,54.15,11,True,2D,Doji,ALERT if price > 54.56 (RevStrat bull); stop < 54.15,RevStrat after 1-2D: watch for 2U reversal (1-2D-2U),2U,2U,2U,3,2D,Unknown,Unknown,,0,
2026-10-07 16:23:57 EDT,BITW,https://finance.yahoo.com/quote/BITW/chart,54.38,1H,3-1,1-2 BREAK_UP,bull,54.38,54.38,11,True,1,Doji,ALERT if price > 54.38 (inside break UP); stop < 54.38,Inside bar break UP (1-2),2U,2U,2U,3,2D,Unknown,Unknown,,0,
2026-10-07 16:23:57 EDT,BITW,https://finance.yahoo.com/quote/BITW/chart,54.38,1H,3-1,1-2 BREAK_DOWN,bear,54.38,54.38,11,False,1,Doji,ALERT if price < 54.38 (inside break DOWN); stop > 54.38,Inside bar break DOWN (1-2),2U,2U,2U,3,2D,Unknown,Unknown,,0,
2026-10-07 16:23:57 EDT,BITX,https://finance.yahoo.com/quote/BITX/chart,19.42,Y,2U-1,1-2 BREAK_UP,bull,68.81,24.47,6,True,1,Bearish Candle,ALERT if price > 68.81 (inside break UP); stop < 24.47,Inside bar break UP (1-2),1,2U,2U,3,2D,Unknown,Unknown,,0,
2026-10-07 16:23:57 EDT,BITX,https://finance.yahoo.com/quote/BITX/chart,19.42,Y,2U-1,1-2 BREAK_DOWN,bear,24.47,68.81,6,False,1,Bearish Candle,ALERT if price < 24.47 (inside break DOWN); stop > 68.81,Inside bar break DOWN (1-2),1,2U,2U,3,2D,Unknown,Unknown,,0,
2026-10-07 16:23:57 EDT,BITX,https://finance.yahoo.com/quote/BITX/chart,19.42,W,2U-3,3-2 BREAK_UP,bull,21.33,19.12,6,True,3,Bullish Candle,ALERT if price > 21.33 (outside break UP); stop < 19.12,Outside bar break UP (3-2),1,2U,2U,3,2D,Unknown,Unknown,,0,
2026-10-07 16:23:57 EDT,BITX,https://finance.yahoo.com/quote/BITX/chart,19.42,W,2U-3,3-2 BREAK_DOWN,bear,19.12,21.33,6,False,3,Bullish Candle,ALERT if price < 19.12 (outside break DOWN); stop > 21.33,Outside bar break DOWN (3-2),1,2U,2U,3,2D,Unknown,Unknown,,0,
2026-10-07 16:23:57 EDT,BITX,https://finance.yahoo.com/quote/BITX/chart,19.42,D,1-2D,REVSTRAT 1-2-2 (watch 2U),bull,19.53,19.08,6,True,2D,Bullish Candle,ALERT if price > 19.53 (RevStrat bull); stop < 19.08,RevStrat after 1-2D: watch for 2U reversal (1-2D-2U),1,2U,2U,3,2D,Unknown,Unknown,,0,
2026-10-07 16:23:57 EDT,BITX,https://finance.yahoo.com/quote/BITX/chart,19.42,2H,2U-1,1-2 BREAK_UP,bull,19.47,19.35,6,True,1,Bullish Candle,ALERT if price > 19.47 (inside break UP); stop < 19.35,Inside bar break UP (1-2),1,2U,2U,3,2D,Unknown,Unknown,,0,
2026-10-07 16:23:57 EDT,BITX,https://finance.yahoo.com/quote/BITX/chart,19.42,2H,2U-1,1-2 BREAK_DOWN,bear,19.35,19.47,6,False,1,Bullish Candle,ALERT if price < 19.35 (inside break DOWN); stop > 19.47,Inside bar break DOWN (1-2),1,2U,2U,3,2D,Unknown,Unknown,,0,
2026-10-07 16:23:57 EDT,BITX,https://finance.yahoo.com/quote/BITX/chart,19.42,1H,2U-1,1-2 BREAK_UP,bull,19.45,19.35,6,True,1,Bearish Candle,ALERT if price > 19.45 (inside break UP); stop < 19.35,Inside bar break UP (1-2),1,2U,2U,3,2D,Unknown,Unknown,,0,
2026-10-07 16:23:57 EDT,BITX,https://finance.yahoo.com/quote/BITX/chart,19.42,1H,2U-1,1-2 BREAK_DOWN,bear,19.35,19.45,6,False,1,Bearish Candle,ALERT if price < 19.35 (inside break DOWN); stop > 19.45,Inside bar break DOWN (1-2),1,2U,2U,3,2D,Unknown,Unknown,,0,
2026-10-07 16:23:57 EDT,BITY,https://finance.yahoo.com/quote/BITY/chart,27.67,Q,2D-1,1-2 BREAK_UP,bull,29.28,23.92,-3,False,1,Bullish Candle,ALERT if price > 29.28 (inside break UP); stop < 23.92,Inside bar break UP (1-2),,1,1,2D,2D,Unknown,Unknown,,0,
2026-10-07 16:23:57 EDT,BITY,https://finance.yahoo.com/quote/BITY/chart,27.67,Q,2D-1,1-2 BREAK_DOWN,bear,23.92,29.28,-3,True,1,Bullish Candle,ALERT if price < 23.92 (inside break DOWN); stop > 29.28,Inside bar break DOWN (1-2),,1,1,2D,2D,Unknown,Unknown,,0,
2026-10-07 16:23:57 EDT,BITY,https://finance.yahoo.com/quote/BITY/chart,27.67,M,2U-1,1-2 BREAK_UP,bull,29.19,26.85,-3,False,1,Bullish Candle,ALERT if price > 29.19 (inside break UP); stop < 26.85,Inside bar break UP (1-2),,1,1,2D,2D,Unknown,Unknown,,0,
2026-10-07 16:23:57 EDT,BITY,https://finance.yahoo.com/quote/BITY/chart,27.67,M,2U-1,1-2 BREAK_DOWN,bear,26.85,29.19,-3,True,1,Bullish Candle,ALERT if price < 26.85 (inside break DOWN); stop > 29.19,Inside bar break DOWN (1-2),,1,1,2D,2D,Unknown,Unknown,,0,
2026-10-07 16:23:57 EDT,BITY,https://finance.yahoo.com/quote/BITY/chart,27.67,D,1-2D,REVSTRAT 1-2-2 (watch 2U),bull,27.73,27.47,-3,False,2D,Doji,ALERT if price > 27.73 (RevStrat bull); stop < 27.47,RevStrat after 1-2D: watch for 2U reversal (1-2D-2U),,1,1,2D,2D,Unknown,Unknown,,0,
2026-10-07 16:23:57 EDT,BITY,https://finance.yahoo.com/quote/BITY/chart,27.67,4H,2D-1,1-2 BREAK_UP,bull,27.68,27.64,-3,False,1,Bearish Hanging-Man-like,ALERT if price > 27.68 (inside break UP); stop < 27.64,Inside bar break UP (1-2),,1,1,2D,2D,Unknown,Unknown,,0,
2026-10-07 16:23:57 EDT,BITY,https://finance.yahoo.com/quote/BITY/chart,27.67,4H,2D-1,1-2 BREAK_DOWN,bear,27.64,27.68,-3,True,1,Bearish Hanging-Man-like,ALERT if price < 27.64 (inside break DOWN); stop > 27.68,Inside bar break DOWN (1-2),,1,1,2D,2D,Unknown,Unknown,,0,
2026-10-07 16:23:57 EDT,BITY,https://finance.yahoo.com/quote/BITY/chart,27.67,2H,1-2D,REVSTRAT 1-2-2 (watch 2U),bull,27.67,27.64,-3,False,2D,Bullish Marubozu-like,ALERT if price > 27.67 (RevStrat bull); stop < 27.64,RevStrat after 1-2D: watch for 2U reversal (1-2D-2U),,1,1,2D,2D,Unknown,Unknown,,0,
2026-10-07 16:23:57 EDT,BITY,https://finance.yahoo.com/quote/BITY/chart,27.67,1H,1-2D,REVSTRAT 1-2-2 (watch 2U),bull,27.67,27.64,-3,False,2D,Bullish Marubozu-like,ALERT if price > 27.67 (RevStrat bull); stop < 27.64,RevStrat after 1-2D: watch for 2U reversal (1-2D-2U),,1,1,2D,2D,Unknown,Unknown,,0,
2026-10-07 16:23:57 EDT,BIV,https://finance.yahoo.com/quote/BIV/chart,72.79,1H,2U-1,1-2 BREAK_UP,bull,72.79,72.77,-5,False,1,Bullish Candle,ALERT if price > 72.79 (inside break UP); stop < 72.77,Inside bar break UP (1-2),2U,2D,2D,2D,2D,Unknown,Unknown,,0,
2026-10-07 16:23:57 EDT,BIV,https://finance.yahoo.com/quote/BIV/chart,72.79,1H,2U-1,1-2 BREAK_DOWN,bear,72.77,72.79,-5,True,1,Bullish Candle,ALERT if price < 72.77 (inside break DOWN); stop > 72.79,Inside bar break DOWN (1-2),2U,2D,2D,2D,2D,Unknown,Unknown,,0,
2026-10-07 16:23:57 EDT,BIZD,https://finance.yahoo.com/quote/BIZD/chart,12.02,Y,2U-3,3-2 BREAK_UP,bull,17.86,13.44,1,True,3,Bearish Candle,ALERT if price > 17.86 (outside break UP); stop < 13.44,Outside bar break UP (3-2),3,2U,1,2D,2D,Unknown,Unknown,,0,
2026-10-07 16:23:57 EDT,BIZD,https://finance.yahoo.com/quote/BIZD/chart,12.02,Y,2U-3,3-2 BREAK_DOWN,bear,13.44,17.86,1,False,3,Bearish Candle,ALERT if price < 13.44 (outside break DOWN); stop > 17.86,Outside bar break DOWN (3-2),3,2U,1,2D,2D,Unknown,Unknown,,0,
2026-10-07 16:23:57 EDT,BIZD,https://finance.yahoo.com/quote/BIZD/chart,12.02,M,2U-1,1-2 BREAK_UP,bull,13.53,12.77,1,True,1,Bearish Candle,ALERT if price > 13.53 (inside break UP); stop < 12.77,Inside bar break UP (1-2),3,2U,1,2D,2D,Unknown,Unknown,,0,
2026-10-07 16:23:57 EDT,BIZD,https://finance.yahoo.com/quote/BIZD/chart,12.02,M,2U-1,1-2 BREAK_DOWN,bear,12.77,13.53,1,False,1,Bearish Candle,ALERT if price < 12.77 (inside break DOWN); stop > 13.53,Inside bar break DOWN (1-2),3,2U,1,2D,2D,Unknown,Unknown,,0,
2026-10-07 16:23:57 EDT,BIZD,https://finance.yahoo.com/quote/BIZD/chart,12.02,4H,2D-1,1-2 BREAK_UP,bull,12.05,11.92,1,True,1,Bullish Candle,ALERT if price > 12.05 (inside break UP); stop < 11.92,Inside bar break UP (1-2),3,2U,1,2D,2D,Unknown,Unknown,,0,
2026-10-07 16:23:57 EDT,BIZD,https://finance.yahoo.com/quote/BIZD/chart,12.02,4H,2D-1,1-2 BREAK_DOWN,bear,11.92,12.05,1,False,1,Bullish Candle,ALERT if price < 11.92 (inside break DOWN); stop > 12.05,Inside bar break DOWN (1-2),3,2U,1,2D,2D,Unknown,Unknown,,0,
2026-10-07 16:23:57 EDT,BIZD,https://finance.yahoo.com/quote/BIZD/chart,12.02,3H,2D-1,1-2 BREAK_UP,bull,12.01,11.92,1,True,1,Bullish Candle,ALERT if price > 12.01 (inside break UP); stop < 11.92,Inside bar break UP (1-2),3,2U,1,2D,2D,Unknown,Unknown,,0,
2026-10-07 16:23:57 EDT,BIZD,https://finance.yahoo.com/quote/BIZD/chart,12.02,3H,2D-1,1-2 BREAK_DOWN,bear,11.92,12.01,1,False,1,Bullish Candle,ALERT if price < 11.92 (inside break DOWN); stop > 12.01,Inside bar break DOWN (1-2),3,2U,1,2D,2D,Unknown,Unknown,,0,
2026-10-07 16:23:57 EDT,BIZD,https://finance.yahoo.com/quote/BIZD/chart,12.02,2H,3-2U,REVSTRAT 3-2-2 (watch 2D),bear,11.98,12.05,1,False,2U,Bullish Candle,ALERT if price < 11.98 (RevStrat bear); stop > 12.05,RevStrat after 3-2U: watch for 2D reversal (3-2U-2D),3,2U,1,2D,2D,Unknown,Unknown,,0,
2026-10-07 16:23:57 EDT,BIZD,https://finance.yahoo.com/quote/BIZD/chart,12.02,1H,2U-1,1-2 BREAK_UP,bull,12.03,11.99,1,True,1,Doji,ALERT if price > 12.03 (inside break UP); stop < 11.99,Inside bar break UP (1-2),3,2U,1,2D,2D,Unknown,Unknown,,0,
2026-10-07 16:23:57 EDT,BIZD,https://finance.yahoo.com/quote/BIZD/chart,12.02,1H,2U-1,1-2 BREAK_DOWN,bear,11.99,12.03,1,False,1,Doji,ALERT if price < 11.99 (inside break DOWN); stop > 12.03,Inside bar break DOWN (1-2),3,2U,1,2D,2D,Unknown,Unknown,,0,
2026-10-07 16:23:57 EDT,BJAN,https://finance.yahoo.com/quote/BJAN/chart,61.21,2H,2U-1,1-2 BREAK_UP,bull,61.22,61.18,9,True,1,Bullish Candle,ALERT if price > 61.22 (inside break UP); stop < 61.18,Inside bar break UP (1-2),2U,2U,2U,2D,2D,Unknown,Unknown,,0,
2026-10-07 16:23:57 EDT,BJAN,https://finance.yahoo.com/quote/BJAN/chart,61.21,2H,2U-1,1-2 BREAK_DOWN,bear,61.18,61.22,9,False,1,Bullish Candle,ALERT if price < 61.18 (inside break DOWN); stop > 61.22,Inside bar break DOWN (1-2),2U,2U,2U,2D,2D,Unknown,Unknown,,0,
2026-10-07 16:23:57 EDT,BJUN,https://finance.yahoo.com/quote/BJUN/chart,50.27,Y,2U-3,3-2 BREAK_UP,bull,46.97,33.71,1,True,3,Bullish Candle,ALERT if price > 46.97 (outside break UP); stop < 33.71,Outside bar break UP (3-2),3,2U,3,2D,2D,Unknown,Unknown,,0,
2026-10-07 16:23:57 EDT,BJUN,https://finance.yahoo.com/quote/BJUN/chart,50.27,Y,2U-3,3-2 BREAK_DOWN,bear,33.71,46.97,1,False,3,Bullish Candle,ALERT if price < 33.71 (outside break DOWN); stop > 46.97,Outside bar break DOWN (3-2),3,2U,3,2D,2D,Unknown,Unknown,,0,
2026-10-07 16:23:57 EDT,BJUN,https://finance.yahoo.com/quote/BJUN/chart,50.27,M,2U-3,3-2 BREAK_UP,bull,50.18,48.88,1,True,3,Bullish Candle,ALERT if price > 50.18 (outside break UP); stop < 48.88,Outside bar break UP (3-2),3,2U,3,2D,2D,Unknown,Unknown,,0,
2026-10-07 16:23:57 EDT,BJUN,https://finance.yahoo.com/quote/BJUN/chart,50.27,M,2U-3,3-2 BREAK_DOWN,bear,48.88,50.18,1,False,3,Bullish Candle,ALERT if price < 48.88 (outside break DOWN); stop > 50.18,Outside bar break DOWN (3-2),3,2U,3,2D,2D,Unknown,Unknown,,0,
2026-10-07 16:23:57 EDT,BJUN,https://finance.yahoo.com/quote/BJUN/chart,50.27,3H,3-2D,REVSTRAT 3-2-2 (watch 2U),bull,50.19,50.19,1,True,2D,Doji,ALERT if price > 50.19 (RevStrat bull); stop < 50.19,RevStrat after 3-2D: watch for 2U reversal (3-2D-2U),3,2U,3,2D,2D,Unknown,Unknown,,0,
2026-10-07 16:23:57 EDT,BKAG,https://finance.yahoo.com/quote/BKAG/chart,39.85,Y,2U-1,1-2 BREAK_UP,bull,43.07,40.74,-10,False,1,Bullish Candle,ALERT if price > 43.07 (inside break UP); stop < 40.74,Inside bar break UP (1-2),1,2D,2D,2D,2D,Unknown,Unknown,,0,
2026-10-07 16:23:57 EDT,BKAG,https://finance.yahoo.com/quote/BKAG/chart,39.85,Y,2U-1,1-2 BREAK_DOWN,bear,40.74,43.07,-10,True,1,Bullish Candle,ALERT if price < 40.74 (inside break DOWN); stop > 43.07,Inside bar break DOWN (1-2),1,2D,2D,2D,2D,Unknown,Unknown,,0,
2026-10-07 16:23:57 EDT,BKAG,https://finance.yahoo.com/quote/BKAG/chart,39.85,1H,2U-1,1-2 BREAK_UP,bull,39.85,39.85,-10,False,1,Doji,ALERT if price > 39.85 (inside break UP); stop < 39.85,Inside bar break UP (1-2),1,2D,2D,2D,2D,Unknown,Unknown,,0,
2026-10-07 16:23:57 EDT,BKAG,https://finance.yahoo.com/quote/BKAG/chart,39.85,1H,2U-1,1-2 BREAK_DOWN,bear,39.85,39.85,-10,True,1,Doji,ALERT if price < 39.85 (inside break DOWN); stop > 39.85,Inside bar break DOWN (1-2),1,2D,2D,2D,2D,Unknown,Unknown,,0,
2026-10-07 16:23:57 EDT,BKCH,https://finance.yahoo.com/quote/BKCH/chart,66.86,Y,2U-3,3-2 BREAK_UP,bull,123.69,28.22,0,False,3,Bullish Candle,ALERT if price > 123.69 (outside break UP); stop < 28.22,Outside bar break UP (3-2),3,1,2U,2D,2D,Unknown,Unknown,,0,
2026-10-07 16:23:57 EDT,BKCH,https://finance.yahoo.com/quote/BKCH/chart,66.86,Y,2U-3,3-2 BREAK_DOWN,bear,28.22,123.69,0,False,3,Bullish Candle,ALERT if price < 28.22 (outside break DOWN); stop > 123.69,Outside bar break DOWN (3-2),3,1,2U,2D,2D,Unknown,Unknown,,0,
2026-10-07 16:23:57 EDT,BKCH,https://finance.yahoo.com/quote/BKCH/chart,66.86,Q,2U-1,1-2 BREAK_UP,bull,81.0,58.79,0,False,1,Bearish Candle,ALERT if price > 81.0 (inside break UP); stop < 58.79,Inside bar break UP (1-2),3,1,2U,2D,2D,Unknown,Unknown,,0,
2026-10-07 16:23:57 EDT,BKCH,https://finance.yahoo.com/quote/BKCH/chart,66.86,Q,2U-1,1-2 BREAK_DOWN,bear,58.79,81.0,0,False,1,Bearish Candle,ALERT if price < 58.79 (inside break DOWN); stop > 81.0,Inside bar break DOWN (1-2),3,1,2U,2D,2D,Unknown,Unknown,,0,
2026-10-07 16:23:57 EDT,BKCH,https://finance.yahoo.com/quote/BKCH/chart,66.86,M,1-2U,REVSTRAT 1-2-2 (watch 2D),bear,65.0,81.0,0,False,2U,Bullish Candle,ALERT if price < 65.0 (RevStrat bear); stop > 81.0,RevStrat after 1-2U: watch for 2D reversal (1-2U-2D),3,1,2U,2D,2D,Unknown,Unknown,,0,
2026-10-07 16:23:57 EDT,BKCH,https://finance.yahoo.com/quote/BKCH/chart,66.86,4H,2D-1,1-2 BREAK_UP,bull,66.92,66.38,0,False,1,Bullish Candle,ALERT if price > 66.92 (inside break UP); stop < 66.38,Inside bar break UP (1-2),3,1,2U,2D,2D,Unknown,Unknown,,0,
2026-10-07 16:23:57 EDT,BKCH,https://finance.yahoo.com/quote/BKCH/chart,66.86,4H,2D-1,1-2 BREAK_DOWN,bear,66.38,66.92,0,False,1,Bullish Candle,ALERT if price < 66.38 (inside break DOWN); stop > 66.92,Inside bar break DOWN (1-2),3,1,2U,2D,2D,Unknown,Unknown,,0,
2026-10-07 16:23:57 EDT,BKCH,https://finance.yahoo.com/quote/BKCH/chart,66.86,3H,2D-1,1-2 BREAK_UP,bull,66.82,66.12,0,False,1,Bullish Candle,ALERT if price > 66.82 (inside break UP); stop < 66.12,Inside bar break UP (1-2),3,1,2U,2D,2D,Unknown,Unknown,,0,
2026-10-07 16:23:57 EDT,BKCH,https://finance.yahoo.com/quote/BKCH/chart,66.86,3H,2D-1,1-2 BREAK_DOWN,bear,66.12,66.82,0,False,1,Bullish Candle,ALERT if price < 66.12 (inside break DOWN); stop > 66.82,Inside bar break DOWN (1-2),3,1,2U,2D,2D,Unknown,Unknown,,0,
2026-10-07 16:23:57 EDT,BKCH,https://finance.yahoo.com/quote/BKCH/chart,66.86,2H,1-2U,REVSTRAT 1-2-2 (watch 2D),bear,66.56,66.92,0,False,2U,Bullish Candle,ALERT if price < 66.56 (RevStrat bear); stop > 66.92,RevStrat after 1-2U: watch for 2D reversal (1-2U-2D),3,1,2U,2D,2D,Unknown,Unknown,,0,
2026-10-07 16:23:57 EDT,BKCI,https://finance.yahoo.com/quote/BKCI/chart,51.65,Q,1-2U,REVSTRAT 1-2-2 (watch 2D),bear,51.65,55.31,-7,True,2U,Bearish Candle,ALERT if price < 51.65 (RevStrat bear); stop > 55.31,RevStrat after 1-2U: watch for 2D reversal (1-2U-2D),2D,2U,2D,2D,2D,Unknown,Unknown,,0,
2026-10-07 16:23:57 EDT,BKCI,https://finance.yahoo.com/quote/BKCI/chart,51.65,1H,1-2D,REVSTRAT 1-2-2 (watch 2U),bull,51.65,51.65,-7,False,2D,Doji,ALERT if price > 51.65 (RevStrat bull); stop < 51.65,RevStrat after 1-2D: watch for 2U reversal (1-2D-2U),2D,2U,2D,2D,2D,Unknown,Unknown,,0,
2026-10-07 16:23:57 EDT,BKDV,https://finance.yahoo.com/quote/BKDV/chart,34.14,Y,None-3,3-2 BREAK_UP,bull,29.56,21.87,-2,False,3,Bullish Candle,ALERT if price > 29.56 (outside break UP); stop < 21.87,Outside bar break UP (3-2),3,2U,2D,2D,2D,Unknown,Unknown,,0,
2026-10-07 16:23:57 EDT,BKDV,https://finance.yahoo.com/quote/BKDV/chart,34.14,Y,None-3,3-2 BREAK_DOWN,bear,21.87,29.56,-2,True,3,Bullish Candle,ALERT if price < 21.87 (outside break DOWN); stop > 29.56,Outside bar break DOWN (3-2),3,2U,2D,2D,2D,Unknown,Unknown,,0,
2026-10-07 16:23:57 EDT,BKDV,https://finance.yahoo.com/quote/BKDV/chart,34.14,W,1-2D,REVSTRAT 1-2-2 (watch 2U),bull,34.12,33.44,-2,False,2D,Bearish Hanging-Man-like,ALERT if price > 34.12 (RevStrat bull); stop < 33.44,RevStrat after 1-2D: watch for 2U reversal (1-2D-2U),3,2U,2D,2D,2D,Unknown,Unknown,,0,
2026-10-07 16:23:57 EDT,BKDV,https://finance.yahoo.com/quote/BKDV/chart,34.14,2H,2U-1,1-2 BREAK_UP,bull,34.18,34.12,-2,False,1,Bearish Candle,ALERT if price > 34.18 (inside break UP); stop < 34.12,Inside bar break UP (1-2),3,2U,2D,2D,2D,Unknown,Unknown,,0,
2026-10-07 16:23:57 EDT,BKDV,https://finance.yahoo.com/quote/BKDV/chart,34.14,2H,2U-1,1-2 BREAK_DOWN,bear,34.12,34.18,-2,True,1,Bearish Candle,ALERT if price < 34.12 (inside break DOWN); stop > 34.18,Inside bar break DOWN (1-2),3,2U,2D,2D,2D,Unknown,Unknown,,0,
2026-10-07 16:23:57 EDT,BKEM,https://finance.yahoo.com/quote/BKEM/chart,30.75,Q,2U-1,1-2 BREAK_UP,bull,31.54,28.12,2,True,1,Doji,ALERT if price > 31.54 (inside break UP); stop < 28.12,Inside bar break UP (1-2),2U,1,1,2D,2D,Unknown,Unknown,,0,
2026-10-07 16:23:57 EDT,BKEM,https://finance.yahoo.com/quote/BKEM/chart,30.75,Q,2U-1,1-2 BREAK_DOWN,bear,28.12,31.54,2,False,1,Doji,ALERT if price < 28.12 (inside break DOWN); stop > 31.54,Inside bar break DOWN (1-2),2U,1,1,2D,2D,Unknown,Unknown,,0,
2026-10-07 16:23:57 EDT,BKEM,https://finance.yahoo.com/quote/BKEM/chart,30.75,M,2U-1,1-2 BREAK_UP,bull,31.53,29.91,2,True,1,Bearish Candle,ALERT if price > 31.53 (inside break UP); stop < 29.91,Inside bar break UP (1-2),2U,1,1,2D,2D,Unknown,Unknown,,0,
2026-10-07 16:23:57 EDT,BKEM,https://finance.yahoo.com/quote/BKEM/chart,30.75,M,2U-1,1-2 BREAK_DOWN,bear,29.91,31.53,2,False,1,Bearish Candle,ALERT if price < 29.91 (inside break DOWN); stop > 31.53,Inside bar break DOWN (1-2),2U,1,1,2D,2D,Unknown,Unknown,,0,
2026-10-07 16:23:57 EDT,BKEM,https://finance.yahoo.com/quote/BKEM/chart,30.75,1H,2U-3,3-2 BREAK_UP,bull,30.81,30.69,2,True,3,Bullish Candle,ALERT if price > 30.81 (outside break UP); stop < 30.69,Outside bar break UP (3-2),2U,1,1,2D,2D,Unknown,Unknown,,0,
2026-10-07 16:23:57 EDT,BKEM,https://finance.yahoo.com/quote/BKEM/chart,30.75,1H,2U-3,3-2 BREAK_DOWN,bear,30.69,30.81,2,False,3,Bullish Candle,ALERT if price < 30.69 (outside break DOWN); stop > 30.81,Outside bar break DOWN (3-2),2U,1,1,2D,2D,Unknown,Unknown,,0,
2026-10-07 16:23:57 EDT,BKF,https://finance.yahoo.com/quote/BKF/chart,39.33,Y,3-2U,REVSTRAT 3-2-2 (watch 2D),bear,34.69,46.23,-1,True,2U,Bullish Candle,ALERT if price < 34.69 (RevStrat bear); stop > 46.23,RevStrat after 3-2U: watch for 2D reversal (3-2U-2D),2U,1,2D,2D,2D,Unknown,Unknown,,0,
2026-10-07 16:23:57 EDT,BKF,https://finance.yahoo.com/quote/BKF/chart,39.33,Q,2D-1,1-2 BREAK_UP,bull,41.51,38.56,-1,False,1,Gravestone Doji (bearish-leaning),ALERT if price > 41.51 (inside break UP); stop < 38.56,Inside bar break UP (1-2),2U,1,2D,2D,2D,Unknown,Unknown,,0,
2026-10-07 16:23:57 EDT,BKF,https://finance.yahoo.com/quote/BKF/chart,39.33,Q,2D-1,1-2 BREAK_DOWN,bear,38.56,41.51,-1,True,1,Gravestone Doji (bearish-leaning),ALERT if price < 38.56 (inside break DOWN); stop > 41.51,Inside bar break DOWN (1-2),2U,1,2D,2D,2D,Unknown,Unknown,,0,
2026-10-07 16:23:57 EDT,BKGI,https://finance.yahoo.com/quote/BKGI/chart,40.97,M,1-2D,REVSTRAT 1-2-2 (watch 2U),bull,44.87,41.93,-5,False,2D,Bearish Candle,ALERT if price > 44.87 (RevStrat bull); stop < 41.93,RevStrat after 1-2D: watch for 2U reversal (1-2D-2U),2U,2D,2D,2D,2D,Unknown,Unknown,,0,
2026-10-07 16:23:57 EDT,BKGI,https://finance.yahoo.com/quote/BKGI/chart,40.97,4H,2D-1,1-2 BREAK_UP,bull,41.04,40.87,-5,False,1,Bullish Candle,ALERT if price > 41.04 (inside break UP); stop < 40.87,Inside bar break UP (1-2),2U,2D,2D,2D,2D,Unknown,Unknown,,0,
2026-10-07 16:23:57 EDT,BKGI,https://finance.yahoo.com/quote/BKGI/chart,40.97,4H,2D-1,1-2 BREAK_DOWN,bear,40.87,41.04,-5,True,1,Bullish Candle,ALERT if price < 40.87 (inside break DOWN); stop > 41.04,Inside bar break DOWN (1-2),2U,2D,2D,2D,2D,Unknown,Unknown,,0,
2026-10-07 16:23:57 EDT,BKGI,https://finance.yahoo.com/quote/BKGI/chart,40.97,3H,2D-1,1-2 BREAK_UP,bull,41.01,40.81,-5,False,1,Bullish Candle,ALERT if price > 41.01 (inside break UP); stop < 40.81,Inside bar break UP (1-2),2U,2D,2D,2D,2D,Unknown,Unknown,,0,
2026-10-07 16:23:57 EDT,BKGI,https://finance.yahoo.com/quote/BKGI/chart,40.97,3H,2D-1,1-2 BREAK_DOWN,bear,40.81,41.01,-5,True,1,Bullish Candle,ALERT if price < 40.81 (inside break DOWN); stop > 41.01,Inside bar break DOWN (1-2),2U,2D,2D,2D,2D,Unknown,Unknown,,0,
2026-10-07 16:23:57 EDT,BKHY,https://finance.yahoo.com/quote/BKHY/chart,45.73,Q,1-2D,REVSTRAT 1-2-2 (watch 2U),bull,47.63,45.83,-15,False,2D,Bearish Candle,ALERT if price > 47.63 (RevStrat bull); stop < 45.83,RevStrat after 1-2D: watch for 2U reversal (1-2D-2U),2D,2D,2D,2D,2D,Unknown,Unknown,,0,
2026-10-07 16:23:57 EDT,BKHY,https://finance.yahoo.com/quote/BKHY/chart,45.73,W,3-2D,REVSTRAT 3-2-2 (watch 2U),bull,46.06,45.29,-15,False,2D,Bearish Candle,ALERT if price > 46.06 (RevStrat bull); stop < 45.29,RevStrat after 3-2D: watch for 2U reversal (3-2D-2U),2D,2D,2D,2D,2D,Unknown,Unknown,,0,
2026-10-07 16:23:57 EDT,BKHY,https://finance.yahoo.com/quote/BKHY/chart,45.73,2H,2U-1,1-2 BREAK_UP,bull,45.73,45.73,-15,False,1,Doji,ALERT if price > 45.73 (inside break UP); stop < 45.73,Inside bar break UP (1-2),2D,2D,2D,2D,2D,Unknown,Unknown,,0,
2026-10-07 16:23:57 EDT,BKHY,https://finance.yahoo.com/quote/BKHY/chart,45.73,2H,2U-1,1-2 BREAK_DOWN,bear,45.73,45.73,-15,True,1,Doji,ALERT if price < 45.73 (inside break DOWN); stop > 45.73,Inside bar break DOWN (1-2),2D,2D,2D,2D,2D,Unknown,Unknown,,0,
2026-10-07 16:23:57 EDT,BKHY,https://finance.yahoo.com/quote/BKHY/chart,45.73,1H,2U-1,1-2 BREAK_UP,bull,45.73,45.73,-15,False,1,Doji,ALERT if price > 45.73 (inside break UP); stop < 45.73,Inside bar break UP (1-2),2D,2D,2D,2D,2D,Unknown,Unknown,,0,
2026-10-07 16:23:57 EDT,BKHY,https://finance.yahoo.com/quote/BKHY/chart,45.73,1H,2U-1,1-2 BREAK_DOWN,bear,45.73,45.73,-15,True,1,Doji,ALERT if price < 45.73 (inside break DOWN); stop > 45.73,Inside bar break DOWN (1-2),2D,2D,2D,2D,2D,Unknown,Unknown,,0,
2026-10-07 16:23:57 EDT,BKIE,https://finance.yahoo.com/quote/BKIE/chart,33.05,Y,2U-3,3-2 BREAK_UP,bull,31.41,22.7,-2,False,3,Bullish Candle,ALERT if price > 31.41 (outside break UP); stop < 22.7,Outside bar break UP (3-2),3,2U,2D,2D,2D,Unknown,Unknown,,0,
2026-10-07 16:23:57 EDT,BKIE,https://finance.yahoo.com/quote/BKIE/chart,33.05,Y,2U-3,3-2 BREAK_DOWN,bear,22.7,31.41,-2,True,3,Bullish Candle,ALERT if price < 22.7 (outside break DOWN); stop > 31.41,Outside bar break DOWN (3-2),3,2U,2D,2D,2D,Unknown,Unknown,,0,
2026-10-07 16:23:57 EDT,BKIE,https://finance.yahoo.com/quote/BKIE/chart,33.05,W,3-2D,REVSTRAT 3-2-2 (watch 2U),bull,33.8,32.74,-2,False,2D,Bearish Candle,ALERT if price > 33.8 (RevStrat bull); stop < 32.74,RevStrat after 3-2D: watch for 2U reversal (3-2D-2U),3,2U,2D,2D,2D,Unknown,Unknown,,0,
2026-10-07 16:23:57 EDT,BKIE,https://finance.yahoo.com/quote/BKIE/chart,33.05,2H,2U-1,1-2 BREAK_UP,bull,33.05,32.98,-2,False,1,Bullish Hammer-like,ALERT if price > 33.05 (inside break UP); stop < 32.98,Inside bar break UP (1-2),3,2U,2D,2D,2D,Unknown,Unknown,,0,
2026-10-07 16:23:57 EDT,BKIE,https://finance.yahoo.com/quote/BKIE/chart,33.05,2H,2U-1,1-2 BREAK_DOWN,bear,32.98,33.05,-2,True,1,Bullish Hammer-like,ALERT if price < 32.98 (inside break DOWN); stop > 33.05,Inside bar break DOWN (1-2),3,2U,2D,2D,2D,Unknown,Unknown,,0,
2026-10-07 16:23:57 EDT,BKLC,https://finance.yahoo.com/quote/BKLC/chart,49.72,M,2U-1,1-2 BREAK_UP,bull,49.71,47.92,6,True,1,Doji,ALERT if price > 49.71 (inside break UP); stop < 47.92,Inside bar break UP (1-2),2U,2U,1,2D,2D,Unknown,Unknown,,0,
2026-10-07 16:23:57 EDT,BKLC,https://finance.yahoo.com/quote/BKLC/chart,49.72,M,2U-1,1-2 BREAK_DOWN,bear,47.92,49.71,6,False,1,Doji,ALERT if price < 47.92 (inside break DOWN); stop > 49.71,Inside bar break DOWN (1-2),2U,2U,1,2D,2D,Unknown,Unknown,,0,
2026-10-07 16:23:57 EDT,BKLC,https://finance.yahoo.com/quote/BKLC/chart,49.72,1H,3-1,1-2 BREAK_UP,bull,49.74,49.7,6,True,1,Bullish Candle,ALERT if price > 49.74 (inside break UP); stop < 49.7,Inside bar break UP (1-2),2U,2U,1,2D,2D,Unknown,Unknown,,0,
2026-10-07 16:23:57 EDT,BKLC,https://finance.yahoo.com/quote/BKLC/chart,49.72,1H,3-1,1-2 BREAK_DOWN,bear,49.7,49.74,6,False,1,Bullish Candle,ALERT if price < 49.7 (inside break DOWN); stop > 49.74,Inside bar break DOWN (1-2),2U,2U,1,2D,2D,Unknown,Unknown,,0,
2026-10-07 16:23:57 EDT,BKLN,https://finance.yahoo.com/quote/BKLN/chart,20.49,Y,1-2D,REVSTRAT 1-2-2 (watch 2U),bull,21.15,20.02,0,False,2D,Dragonfly Doji (bullish-leaning),ALERT if price > 21.15 (RevStrat bull); stop < 20.02,RevStrat after 1-2D: watch for 2U reversal (1-2D-2U),2D,2U,2U,2D,3,Unknown,Unknown,,0,
2026-10-07 16:23:57 EDT,BKLN,https://finance.yahoo.com/quote/BKLN/chart,20.49,Q,1-2U,REVSTRAT 1-2-2 (watch 2D),bear,20.33,20.69,0,False,2U,Bullish Inverted Hammer-like,ALERT if price < 20.33 (RevStrat bear); stop > 20.69,RevStrat after 1-2U: watch for 2D reversal (1-2U-2D),2D,2U,2U,2D,3,Unknown,Unknown,,0,
2026-10-07 16:23:57 EDT,BKLN,https://finance.yahoo.com/quote/BKLN/chart,20.49,D,2U-3,3-2 BREAK_UP,bull,20.53,20.47,0,False,3,Bearish Candle,ALERT if price > 20.53 (outside break UP); stop < 20.47,Outside bar break UP (3-2),2D,2U,2U,2D,3,Unknown,Unknown,,0,
2026-10-07 16:23:57 EDT,BKLN,https://finance.yahoo.com/quote/BKLN/chart,20.49,D,2U-3,3-2 BREAK_DOWN,bear,20.47,20.53,0,False,3,Bearish Candle,ALERT if price < 20.47 (outside break DOWN); stop > 20.53,Outside bar break DOWN (3-2),2D,2U,2U,2D,3,Unknown,Unknown,,0,
2026-10-07 16:23:57 EDT,BKLN,https://finance.yahoo.com/quote/BKLN/chart,20.49,4H,3-2D,REVSTRAT 3-2-2 (watch 2U),bull,20.49,20.47,0,False,2D,Dragonfly Doji (bullish-leaning),ALERT if price > 20.49 (RevStrat bull); stop < 20.47,RevStrat after 3-2D: watch for 2U reversal (3-2D-2U),2D,2U,2U,2D,3,Unknown,Unknown,,0,
2026-10-07 16:23:57 EDT,BKLN,https://finance.yahoo.com/quote/BKLN/chart,20.49,3H,3-2D,REVSTRAT 3-2-2 (watch 2U),bull,20.5,20.47,0,False,2D,Doji,ALERT if price > 20.5 (RevStrat bull); stop < 20.47,RevStrat after 3-2D: watch for 2U reversal (3-2D-2U),2D,2U,2U,2D,3,Unknown,Unknown,,0,
2026-10-07 16:23:57 EDT,BKLN,https://finance.yahoo.com/quote/BKLN/chart,20.49,2H,2D-1,1-2 BREAK_UP,bull,20.49,20.48,0,False,1,Dragonfly Doji (bullish-leaning),ALERT if price > 20.49 (inside break UP); stop < 20.48,Inside bar break UP (1-2),2D,2U,2U,2D,3,Unknown,Unknown,,0,
2026-10-07 16:23:57 EDT,BKLN,https://finance.yahoo.com/quote/BKLN/chart,20.49,2H,2D-1,1-2 BREAK_DOWN,bear,20.48,20.49,0,False,1,Dragonfly Doji (bullish-leaning),ALERT if price < 20.48 (inside break DOWN); stop > 20.49,Inside bar break DOWN (1-2),2D,2U,2U,2D,3,Unknown,Unknown,,0,
2026-10-07 16:23:57 EDT,BKLN,https://finance.yahoo.com/quote/BKLN/chart,20.49,1H,1-1,1-2 BREAK_UP,bull,20.49,20.48,0,False,1,Dragonfly Doji (bullish-leaning),ALERT if price > 20.49 (inside break UP); stop < 20.48,Inside bar break UP (1-2),2D,2U,2U,2D,3,Unknown,Unknown,,0,
2026-10-07 16:23:57 EDT,BKLN,https://finance.yahoo.com/quote/BKLN/chart,20.49,1H,1-1,1-2 BREAK_DOWN,bear,20.48,20.49,0,False,1,Dragonfly Doji (bullish-leaning),ALERT if price < 20.48 (inside break DOWN); stop > 20.49,Inside bar break DOWN (1-2),2D,2U,2U,2D,3,Unknown,Unknown,,0,
2026-10-07 16:23:57 EDT,BKMC,https://finance.yahoo.com/quote/BKMC/chart,38.76,Y,2U-3,3-2 BREAK_UP,bull,37.56,27.42,-2,False,3,Bullish Candle,ALERT if price > 37.56 (outside break UP); stop < 27.42,Outside bar break UP (3-2),3,2U,2D,2D,2D,Unknown,Unknown,,0,
2026-10-07 16:23:57 EDT,BKMC,https://finance.yahoo.com/quote/BKMC/chart,38.76,Y,2U-3,3-2 BREAK_DOWN,bear,27.42,37.56,-2,True,3,Bullish Candle,ALERT if price < 27.42 (outside break DOWN); stop > 37.56,Outside bar break DOWN (3-2),3,2U,2D,2D,2D,Unknown,Unknown,,0,
2026-10-07 16:23:57 EDT,BKMC,https://finance.yahoo.com/quote/BKMC/chart,38.76,2H,3-1,1-2 BREAK_UP,bull,38.79,38.76,-2,False,1,Bearish Marubozu-like,ALERT if price > 38.79 (inside break UP); stop < 38.76,Inside bar break UP (1-2),3,2U,2D,2D,2D,Unknown,Unknown,,0,
2026-10-07 16:23:57 EDT,BKMC,https://finance.yahoo.com/quote/BKMC/chart,38.76,2H,3-1,1-2 BREAK_DOWN,bear,38.76,38.79,-2,True,1,Bearish Marubozu-like,ALERT if price < 38.76 (inside break DOWN); stop > 38.79,Inside bar break DOWN (1-2),3,2U,2D,2D,2D,Unknown,Unknown,,0,
2026-10-07 16:23:57 EDT,BKMC,https://finance.yahoo.com/quote/BKMC/chart,38.76,1H,1-2D,REVSTRAT 1-2-2 (watch 2U),bull,38.76,38.76,-2,False,2D,Doji,ALERT if price > 38.76 (RevStrat bull); stop < 38.76,RevStrat after 1-2D: watch for 2U reversal (1-2D-2U),3,2U,2D,2D,2D,Unknown,Unknown,,0,
2026-10-07 16:23:57 EDT,BKSE,https://finance.yahoo.com/quote/BKSE/chart,41.62,Y,2U-3,3-2 BREAK_UP,bull,39.17,26.51,-2,False,3,Bullish Candle,ALERT if price > 39.17 (outside break UP); stop < 26.51,Outside bar break UP (3-2),3,2U,2D,2D,2D,Unknown,Unknown,,0,
2026-10-07 16:23:57 EDT,BKSE,https://finance.yahoo.com/quote/BKSE/chart,41.62,Y,2U-3,3-2 BREAK_DOWN,bear,26.51,39.17,-2,True,3,Bullish Candle,ALERT if price < 26.51 (outside break DOWN); stop > 39.17,Outside bar break DOWN (3-2),3,2U,2D,2D,2D,Unknown,Unknown,,0,
2026-10-07 16:23:57 EDT,BKSE,https://finance.yahoo.com/quote/BKSE/chart,41.62,M,1-2D,REVSTRAT 1-2-2 (watch 2U),bull,44.33,41.53,-2,False,2D,Bearish Candle,ALERT if price > 44.33 (RevStrat bull); stop < 41.53,RevStrat after 1-2D: watch for 2U reversal (1-2D-2U),3,2U,2D,2D,2D,Unknown,Unknown,,0,
2026-10-07 16:23:57 EDT,BKSE,https://finance.yahoo.com/quote/BKSE/chart,41.62,2H,3-2U,REVSTRAT 3-2-2 (watch 2D),bear,41.61,41.69,-2,True,2U,Bearish Candle,ALERT if price < 41.61 (RevStrat bear); stop > 41.69,RevStrat after 3-2U: watch for 2D reversal (3-2U-2D),3,2U,2D,2D,2D,Unknown,Unknown,,0,
2026-10-07 16:23:57 EDT,BKUI,https://finance.yahoo.com/quote/BKUI/chart,49.52,M,1-2D,REVSTRAT 1-2-2 (watch 2U),bull,49.64,49.53,-1,False,2D,Bullish Candle,ALERT if price > 49.64 (RevStrat bull); stop < 49.53,RevStrat after 1-2D: watch for 2U reversal (1-2D-2U),2U,2D,2D,3,2U,Unknown,Unknown,,0,
2026-10-07 16:23:57 EDT,BKUI,https://finance.yahoo.com/quote/BKUI/chart,49.52,W,2U-3,3-2 BREAK_UP,bull,49.63,49.47,-1,False,3,Bearish Candle,ALERT if price > 49.63 (outside break UP); stop < 49.47,Outside bar break UP (3-2),2U,2D,2D,3,2U,Unknown,Unknown,,0,
2026-10-07 16:23:57 EDT,BKUI,https://finance.yahoo.com/quote/BKUI/chart,49.52,W,2U-3,3-2 BREAK_DOWN,bear,49.47,49.63,-1,True,3,Bearish Candle,ALERT if price < 49.47 (outside break DOWN); stop > 49.63,Outside bar break DOWN (3-2),2U,2D,2D,3,2U,Unknown,Unknown,,0,
2026-10-07 16:23:57 EDT,BKUI,https://finance.yahoo.com/quote/BKUI/chart,49.52,2H,2U-1,1-2 BREAK_UP,bull,49.52,49.51,-1,False,1,Dragonfly Doji (bullish-leaning),ALERT if price > 49.52 (inside break UP); stop < 49.51,Inside bar break UP (1-2),2U,2D,2D,3,2U,Unknown,Unknown,,0,
2026-10-07 16:23:57 EDT,BKUI,https://finance.yahoo.com/quote/BKUI/chart,49.52,2H,2U-1,1-2 BREAK_DOWN,bear,49.51,49.52,-1,True,1,Dragonfly Doji (bullish-leaning),ALERT if price < 49.51 (inside break DOWN); stop > 49.52,Inside bar break DOWN (1-2),2U,2D,2D,3,2U,Unknown,Unknown,,0,
2026-10-07 16:23:57 EDT,BKUI,https://finance.yahoo.com/quote/BKUI/chart,49.52,1H,1-1,1-2 BREAK_UP,bull,49.52,49.52,-1,False,1,Doji,ALERT if price > 49.52 (inside break UP); stop < 49.52,Inside bar break UP (1-2),2U,2D,2D,3,2U,Unknown,Unknown,,0,
2026-10-07 16:23:57 EDT,BKUI,https://finance.yahoo.com/quote/BKUI/chart,49.52,1H,1-1,1-2 BREAK_DOWN,bear,49.52,49.52,-1,True,1,Doji,ALERT if price < 49.52 (inside break DOWN); stop > 49.52,Inside bar break DOWN (1-2),2U,2D,2D,3,2U,Unknown,Unknown,,0,
2026-10-07 16:23:57 EDT,BLCR,https://finance.yahoo.com/quote/BLCR/chart,50.26,Y,2U-3,3-2 BREAK_UP,bull,42.97,26.56,-2,False,3,Bullish Candle,ALERT if price > 42.97 (outside break UP); stop < 26.56,Outside bar break UP (3-2),3,2U,2D,2D,2D,Unknown,Unknown,,0,
2026-10-07 16:23:57 EDT,BLCR,https://finance.yahoo.com/quote/BLCR/chart,50.26,Y,2U-3,3-2 BREAK_DOWN,bear,26.56,42.97,-2,True,3,Bullish Candle,ALERT if price < 26.56 (outside break DOWN); stop > 42.97,Outside bar break DOWN (3-2),3,2U,2D,2D,2D,Unknown,Unknown,,0,
2026-10-07 16:23:57 EDT,BLCR,https://finance.yahoo.com/quote/BLCR/chart,50.26,2H,2U-1,1-2 BREAK_UP,bull,50.3,50.2,-2,False,1,Bearish Candle,ALERT if price > 50.3 (inside break UP); stop < 50.2,Inside bar break UP (1-2),3,2U,2D,2D,2D,Unknown,Unknown,,0,
2026-10-07 16:23:57 EDT,BLCR,https://finance.yahoo.com/quote/BLCR/chart,50.26,2H,2U-1,1-2 BREAK_DOWN,bear,50.2,50.3,-2,True,1,Bearish Candle,ALERT if price < 50.2 (inside break DOWN); stop > 50.3,Inside bar break DOWN (1-2),3,2U,2D,2D,2D,Unknown,Unknown,,0,
2026-10-07 16:23:57 EDT,BLCV,https://finance.yahoo.com/quote/BLCV/chart,41.78,4H,2D-1,1-2 BREAK_UP,bull,41.85,41.78,3,True,1,Bearish Marubozu-like,ALERT if price > 41.85 (inside break UP); stop < 41.78,Inside bar break UP (1-2),2U,2U,2D,2D,2D,Unknown,Unknown,,0,
2026-10-07 16:23:57 EDT,BLCV,https://finance.yahoo.com/quote/BLCV/chart,41.78,4H,2D-1,1-2 BREAK_DOWN,bear,41.78,41.85,3,False,1,Bearish Marubozu-like,ALERT if price < 41.78 (inside break DOWN); stop > 41.85,Inside bar break DOWN (1-2),2U,2U,2D,2D,2D,Unknown,Unknown,,0,
2026-10-07 16:23:57 EDT,BLCV,https://finance.yahoo.com/quote/BLCV/chart,41.78,3H,2D-1,1-2 BREAK_UP,bull,41.85,41.74,3,True,1,Bullish Marubozu-like,ALERT if price > 41.85 (inside break UP); stop < 41.74,Inside bar break UP (1-2),2U,2U,2D,2D,2D,Unknown,Unknown,,0,
2026-10-07 16:23:57 EDT,BLCV,https://finance.yahoo.com/quote/BLCV/chart,41.78,3H,2D-1,1-2 BREAK_DOWN,bear,41.74,41.85,3,False,1,Bullish Marubozu-like,ALERT if price < 41.74 (inside break DOWN); stop > 41.85,Inside bar break DOWN (1-2),2U,2U,2D,2D,2D,Unknown,Unknown,,0,
2026-10-07 16:23:57 EDT,BLDG,https://finance.yahoo.com/quote/BLDG/chart,24.85,Y,1-2D,REVSTRAT 1-2-2 (watch 2U),bull,26.53,21.1,-7,False,2D,Bearish Candle,ALERT if price > 26.53 (RevStrat bull); stop < 21.1,RevStrat after 1-2D: watch for 2U reversal (1-2D-2U),2D,2U,2D,2D,2D,Unknown,Unknown,,0,
2026-10-07 16:23:57 EDT,BLDG,https://finance.yahoo.com/quote/BLDG/chart,24.85,M,1-2D,REVSTRAT 1-2-2 (watch 2U),bull,27.0,25.09,-7,False,2D,Bearish Candle,ALERT if price > 27.0 (RevStrat bull); stop < 25.09,RevStrat after 1-2D: watch for 2U reversal (1-2D-2U),2D,2U,2D,2D,2D,Unknown,Unknown,,0,
2026-10-07 16:23:57 EDT,BLDG,https://finance.yahoo.com/quote/BLDG/chart,24.85,3H,2D-3,3-2 BREAK_UP,bull,24.83,24.62,-7,False,3,Bullish Candle,ALERT if price > 24.83 (outside break UP); stop < 24.62,Outside bar break UP (3-2),2D,2U,2D,2D,2D,Unknown,Unknown,,0,
2026-10-07 16:23:57 EDT,BLDG,https://finance.yahoo.com/quote/BLDG/chart,24.85,3H,2D-3,3-2 BREAK_DOWN,bear,24.62,24.83,-7,True,3,Bullish Candle,ALERT if price < 24.62 (outside break DOWN); stop > 24.83,Outside bar break DOWN (3-2),2D,2U,2D,2D,2D,Unknown,Unknown,,0,
2026-10-07 16:23:57 EDT,BLDG,https://finance.yahoo.com/quote/BLDG/chart,24.85,2H,1-2U,REVSTRAT 1-2-2 (watch 2D),bear,24.82,24.85,-7,True,2U,Bullish Marubozu-like,ALERT if price < 24.82 (RevStrat bear); stop > 24.85,RevStrat after 1-2U: watch for 2D reversal (1-2U-2D),2D,2U,2D,2D,2D,Unknown,Unknown,,0,
2026-10-07 16:23:57 EDT,BLDG,https://finance.yahoo.com/quote/BLDG/chart,24.85,1H,1-2U,REVSTRAT 1-2-2 (watch 2D),bear,24.82,24.85,-7,True,2U,Bullish Marubozu-like,ALERT if price < 24.82 (RevStrat bear); stop > 24.85,RevStrat after 1-2U: watch for 2D reversal (1-2U-2D),2D,2U,2D,2D,2D,Unknown,Unknown,,0,
2026-10-07 16:23:57 EDT,BLES,https://finance.yahoo.com/quote/BLES/chart,47.49,Y,2U-3,3-2 BREAK_UP,bull,43.81,33.3,-2,False,3,Bullish Candle,ALERT if price > 43.81 (outside break UP); stop < 33.3,Outside bar break UP (3-2),3,2U,2D,2D,2D,Unknown,Unknown,,0,
2026-10-07 16:23:57 EDT,BLES,https://finance.yahoo.com/quote/BLES/chart,47.49,Y,2U-3,3-2 BREAK_DOWN,bear,33.3,43.81,-2,True,3,Bullish Candle,ALERT if price < 33.3 (outside break DOWN); stop > 43.81,Outside bar break DOWN (3-2),3,2U,2D,2D,2D,Unknown,Unknown,,0,
2026-10-07 16:23:57 EDT,BLES,https://finance.yahoo.com/quote/BLES/chart,47.49,4H,2D-1,1-2 BREAK_UP,bull,47.53,47.38,-2,False,1,Bullish Candle,ALERT if price > 47.53 (inside break UP); stop < 47.38,Inside bar break UP (1-2),3,2U,2D,2D,2D,Unknown,Unknown,,0,
2026-10-07 16:23:57 EDT,BLES,https://finance.yahoo.com/quote/BLES/chart,47.49,4H,2D-1,1-2 BREAK_DOWN,bear,47.38,47.53,-2,True,1,Bullish Candle,ALERT if price < 47.38 (inside break DOWN); stop > 47.53,Inside bar break DOWN (1-2),3,2U,2D,2D,2D,Unknown,Unknown,,0,
2026-10-07 16:23:57 EDT,BLES,https://finance.yahoo.com/quote/BLES/chart,47.49,1H,2D-3,3-2 BREAK_UP,bull,47.49,47.38,-2,False,3,Bullish Marubozu-like,ALERT if price > 47.49 (outside break UP); stop < 47.38,Outside bar break UP (3-2),3,2U,2D,2D,2D,Unknown,Unknown,,0,
2026-10-07 16:23:57 EDT,BLES,https://finance.yahoo.com/quote/BLES/chart,47.49,1H,2D-3,3-2 BREAK_DOWN,bear,47.38,47.49,-2,True,3,Bullish Marubozu-like,ALERT if price < 47.38 (outside break DOWN); stop > 47.49,Outside bar break DOWN (3-2),3,2U,2D,2D,2D,Unknown,Unknown,,0,
2026-10-07 16:23:57 EDT,BLGR,https://finance.yahoo.com/quote/BLGR/chart,33.71,1H,2U-3,3-2 BREAK_UP,bull,33.71,33.67,8,True,3,Bullish Marubozu-like,ALERT if price > 33.71 (outside break UP); stop < 33.67,Outside bar break UP (3-2),,2U,2U,2U,2D,Unknown,Unknown,,0,
2026-10-07 16:23:57 EDT,BLGR,https://finance.yahoo.com/quote/BLGR/chart,33.71,1H,2U-3,3-2 BREAK_DOWN,bear,33.67,33.71,8,False,3,Bullish Marubozu-like,ALERT if price < 33.67 (outside break DOWN); stop > 33.71,Outside bar break DOWN (3-2),,2U,2U,2U,2D,Unknown,Unknown,,0,
2026-10-07 16:23:57 EDT,BLOK,https://finance.yahoo.com/quote/BLOK/chart,60.32,Q,2U-1,1-2 BREAK_UP,bull,67.58,56.14,5,True,1,Doji,ALERT if price > 67.58 (inside break UP); stop < 56.14,Inside bar break UP (1-2),2U,1,2U,2D,2D,Unknown,Unknown,,0,
2026-10-07 16:23:57 EDT,BLOK,https://finance.yahoo.com/quote/BLOK/chart,60.32,Q,2U-1,1-2 BREAK_DOWN,bear,56.14,67.58,5,False,1,Doji,ALERT if price < 56.14 (inside break DOWN); stop > 67.58,Inside bar break DOWN (1-2),2U,1,2U,2D,2D,Unknown,Unknown,,0,
2026-10-07 16:23:57 EDT,BLOK,https://finance.yahoo.com/quote/BLOK/chart,60.32,4H,2D-1,1-2 BREAK_UP,bull,60.52,60.12,5,True,1,Doji,ALERT if price > 60.52 (inside break UP); stop < 60.12,Inside bar break UP (1-2),2U,1,2U,2D,2D,Unknown,Unknown,,0,
2026-10-07 16:23:57 EDT,BLOK,https://finance.yahoo.com/quote/BLOK/chart,60.32,4H,2D-1,1-2 BREAK_DOWN,bear,60.12,60.52,5,False,1,Doji,ALERT if price < 60.12 (inside break DOWN); stop > 60.52,Inside bar break DOWN (1-2),2U,1,2U,2D,2D,Unknown,Unknown,,0,
2026-10-07 16:23:57 EDT,BLOK,https://finance.yahoo.com/quote/BLOK/chart,60.32,3H,2D-1,1-2 BREAK_UP,bull,60.43,59.94,5,True,1,Bullish Candle,ALERT if price > 60.43 (inside break UP); stop < 59.94,Inside bar break UP (1-2),2U,1,2U,2D,2D,Unknown,Unknown,,0,
2026-10-07 16:23:57 EDT,BLOK,https://finance.yahoo.com/quote/BLOK/chart,60.32,3H,2D-1,1-2 BREAK_DOWN,bear,59.94,60.43,5,False,1,Bullish Candle,ALERT if price < 59.94 (inside break DOWN); stop > 60.43,Inside bar break DOWN (1-2),2U,1,2U,2D,2D,Unknown,Unknown,,0,
2026-10-07 16:23:57 EDT,BLOX,https://finance.yahoo.com/quote/BLOX/chart,13.26,Q,1-1,1-2 BREAK_UP,bull,15.44,12.36,0,False,1,Bearish Candle,ALERT if price > 15.44 (inside break UP); stop < 12.36,Inside bar break UP (1-2),,1,2U,2D,2D,Unknown,Unknown,,0,
2026-10-07 16:23:57 EDT,BLOX,https://finance.yahoo.com/quote/BLOX/chart,13.26,Q,1-1,1-2 BREAK_DOWN,bear,12.36,15.44,0,False,1,Bearish Candle,ALERT if price < 12.36 (inside break DOWN); stop > 15.44,Inside bar break DOWN (1-2),,1,2U,2D,2D,Unknown,Unknown,,0,
2026-10-07 16:23:57 EDT,BLOX,https://finance.yahoo.com/quote/BLOX/chart,13.26,M,1-2U,REVSTRAT 1-2-2 (watch 2D),bear,12.89,15.18,0,False,2U,Bullish Candle,ALERT if price < 12.89 (RevStrat bear); stop > 15.18,RevStrat after 1-2U: watch for 2D reversal (1-2U-2D),,1,2U,2D,2D,Unknown,Unknown,,0,
2026-10-07 16:23:57 EDT,BLOX,https://finance.yahoo.com/quote/BLOX/chart,13.26,1H,2U-1,1-2 BREAK_UP,bull,13.32,13.23,0,False,1,Bearish Candle,ALERT if price > 13.32 (inside break UP); stop < 13.23,Inside bar break UP (1-2),,1,2U,2D,2D,Unknown,Unknown,,0,
2026-10-07 16:23:57 EDT,BLOX,https://finance.yahoo.com/quote/BLOX/chart,13.26,1H,2U-1,1-2 BREAK_DOWN,bear,13.23,13.32,0,False,1,Bearish Candle,ALERT if price < 13.23 (inside break DOWN); stop > 13.32,Inside bar break DOWN (1-2),,1,2U,2D,2D,Unknown,Unknown,,0,
2026-10-07 16:23:57 EDT,BLSG,https://finance.yahoo.com/quote/BLSG/chart,2.59,Q,3-2D,REVSTRAT 3-2-2 (watch 2U),bull,4.43,1.26,-4,False,2D,Bullish Candle,ALERT if price > 4.43 (RevStrat bull); stop < 1.26,RevStrat after 3-2D: watch for 2U reversal (3-2D-2U),,2D,2U,2D,2D,Unknown,Unknown,,0,
2026-10-07 16:23:57 EDT,BLSG,https://finance.yahoo.com/quote/BLSG/chart,2.59,D,3-2D,REVSTRAT 3-2-2 (watch 2U),bull,2.65,2.53,-4,False,2D,Bearish Candle,ALERT if price > 2.65 (RevStrat bull); stop < 2.53,RevStrat after 3-2D: watch for 2U reversal (3-2D-2U),,2D,2U,2D,2D,Unknown,Unknown,,0,
2026-10-07 16:23:57 EDT,BLSG,https://finance.yahoo.com/quote/BLSG/chart,2.59,4H,2D-1,1-2 BREAK_UP,bull,2.63,2.56,-4,False,1,Bearish Candle,ALERT if price > 2.63 (inside break UP); stop < 2.56,Inside bar break UP (1-2),,2D,2U,2D,2D,Unknown,Unknown,,0,
2026-10-07 16:23:57 EDT,BLSG,https://finance.yahoo.com/quote/BLSG/chart,2.59,4H,2D-1,1-2 BREAK_DOWN,bear,2.56,2.63,-4,True,1,Bearish Candle,ALERT if price < 2.56 (inside break DOWN); stop > 2.63,Inside bar break DOWN (1-2),,2D,2U,2D,2D,Unknown,Unknown,,0,
2026-10-07 16:23:57 EDT,BLSG,https://finance.yahoo.com/quote/BLSG/chart,2.59,3H,2D-1,1-2 BREAK_UP,bull,2.62,2.56,-4,False,1,Bearish Candle,ALERT if price > 2.62 (inside break UP); stop < 2.56,Inside bar break UP (1-2),,2D,2U,2D,2D,Unknown,Unknown,,0,
2026-10-07 16:23:57 EDT,BLSG,https://finance.yahoo.com/quote/BLSG/chart,2.59,3H,2D-1,1-2 BREAK_DOWN,bear,2.56,2.62,-4,True,1,Bearish Candle,ALERT if price < 2.56 (inside break DOWN); stop > 2.62,Inside bar break DOWN (1-2),,2D,2U,2D,2D,Unknown,Unknown,,0,
2026-10-07 16:23:57 EDT,BLSG,https://finance.yahoo.com/quote/BLSG/chart,2.59,2H,1-2U,REVSTRAT 1-2-2 (watch 2D),bear,2.57,2.63,-4,True,2U,Bullish Candle,ALERT if price < 2.57 (RevStrat bear); stop > 2.63,RevStrat after 1-2U: watch for 2D reversal (1-2U-2D),,2D,2U,2D,2D,Unknown,Unknown,,0,
2026-10-07 16:23:57 EDT,BLSG,https://finance.yahoo.com/quote/BLSG/chart,2.59,1H,2U-1,1-2 BREAK_UP,bull,2.6,2.58,-4,False,1,Bullish Candle,ALERT if price > 2.6 (inside break UP); stop < 2.58,Inside bar break UP (1-2),,2D,2U,2D,2D,Unknown,Unknown,,0,
2026-10-07 16:23:57 EDT,BLSG,https://finance.yahoo.com/quote/BLSG/chart,2.59,1H,2U-1,1-2 BREAK_DOWN,bear,2.58,2.6,-4,True,1,Bullish Candle,ALERT if price < 2.58 (inside break DOWN); stop > 2.6,Inside bar break DOWN (1-2),,2D,2U,2D,2D,Unknown,Unknown,,0,
2026-10-07 16:23:57 EDT,BLST,https://finance.yahoo.com/quote/BLST/chart,24.39,Q,1-2D,REVSTRAT 1-2-2 (watch 2U),bull,25.13,24.28,-8,False,2D,Bearish Candle,ALERT if price > 25.13 (RevStrat bull); stop < 24.28,RevStrat after 1-2D: watch for 2U reversal (1-2D-2U),,2D,2D,2D,2U,Unknown,Unknown,,0,
2026-10-07 16:23:57 EDT,BLST,https://finance.yahoo.com/quote/BLST/chart,24.39,W,3-2D,REVSTRAT 3-2-2 (watch 2U),bull,24.4,24.28,-8,False,2D,Doji,ALERT if price > 24.4 (RevStrat bull); stop < 24.28,RevStrat after 3-2D: watch for 2U reversal (3-2D-2U),,2D,2D,2D,2U,Unknown,Unknown,,0,
2026-10-07 16:23:57 EDT,BLST,https://finance.yahoo.com/quote/BLST/chart,24.39,4H,2D-3,3-2 BREAK_UP,bull,24.4,24.36,-8,False,3,Bullish Candle,ALERT if price > 24.4 (outside break UP); stop < 24.36,Outside bar break UP (3-2),,2D,2D,2D,2U,Unknown,Unknown,,0,
2026-10-07 16:23:57 EDT,BLST,https://finance.yahoo.com/quote/BLST/chart,24.39,4H,2D-3,3-2 BREAK_DOWN,bear,24.36,24.4,-8,True,3,Bullish Candle,ALERT if price < 24.36 (outside break DOWN); stop > 24.4,Outside bar break DOWN (3-2),,2D,2D,2D,2U,Unknown,Unknown,,0,
2026-10-07 16:23:57 EDT,BLST,https://finance.yahoo.com/quote/BLST/chart,24.39,3H,1-2D,REVSTRAT 1-2-2 (watch 2U),bull,24.39,24.36,-8,False,2D,Bullish Candle,ALERT if price > 24.39 (RevStrat bull); stop < 24.36,RevStrat after 1-2D: watch for 2U reversal (1-2D-2U),,2D,2D,2D,2U,Unknown,Unknown,,0,
2026-10-07 16:23:57 EDT,BLST,https://finance.yahoo.com/quote/BLST/chart,24.39,2H,3-2U,REVSTRAT 3-2-2 (watch 2D),bear,24.38,24.4,-8,True,2U,Doji,ALERT if price < 24.38 (RevStrat bear); stop > 24.4,RevStrat after 3-2U: watch for 2D reversal (3-2U-2D),,2D,2D,2D,2U,Unknown,Unknown,,0,
2026-10-07 16:23:57 EDT,BLST,https://finance.yahoo.com/quote/BLST/chart,24.39,1H,2U-1,1-2 BREAK_UP,bull,24.39,24.39,-8,False,1,Doji,ALERT if price > 24.39 (inside break UP); stop < 24.39,Inside bar break UP (1-2),,2D,2D,2D,2U,Unknown,Unknown,,0,
2026-10-07 16:23:57 EDT,BLST,https://finance.yahoo.com/quote/BLST/chart,24.39,1H,2U-1,1-2 BREAK_DOWN,bear,24.39,24.39,-8,True,1,Doji,ALERT if price < 24.39 (inside break DOWN); stop > 24.39,Inside bar break DOWN (1-2),,2D,2D,2D,2U,Unknown,Unknown,,0,
2026-10-07 16:23:57 EDT,BLTD,https://finance.yahoo.com/quote/BLTD/chart,23.41,4H,2D-3,3-2 BREAK_UP,bull,23.44,23.35,-10,False,3,Bullish Candle,ALERT if price > 23.44 (outside break UP); stop < 23.35,Outside bar break UP (3-2),,2D,2D,2D,2D,Unknown,Unknown,,0,
2026-10-07 16:23:57 EDT,BLTD,https://finance.yahoo.com/quote/BLTD/chart,23.41,4H,2D-3,3-2 BREAK_DOWN,bear,23.35,23.44,-10,True,3,Bullish Candle,ALERT if price < 23.35 (outside break DOWN); stop > 23.44,Outside bar break DOWN (3-2),,2D,2D,2D,2D,Unknown,Unknown,,0,
2026-10-07 16:23:57 EDT,BLTD,https://finance.yahoo.com/quote/BLTD/chart,23.41,3H,1-2D,REVSTRAT 1-2-2 (watch 2U),bull,23.43,23.35,-10,False,2D,Bullish Candle,ALERT if price > 23.43 (RevStrat bull); stop < 23.35,RevStrat after 1-2D: watch for 2U reversal (1-2D-2U),,2D,2D,2D,2D,Unknown,Unknown,,0,
2026-10-07 16:23:57 EDT,BLTD,https://finance.yahoo.com/quote/BLTD/chart,23.41,2H,3-2U,REVSTRAT 3-2-2 (watch 2D),bear,23.41,23.44,-10,True,2U,Bearish Candle,ALERT if price < 23.41 (RevStrat bear); stop > 23.44,RevStrat after 3-2U: watch for 2D reversal (3-2U-2D),,2D,2D,2D,2D,Unknown,Unknown,,0,
2026-10-07 16:23:57 EDT,BLTD,https://finance.yahoo.com/quote/BLTD/chart,23.41,1H,1-2U,REVSTRAT 1-2-2 (watch 2D),bear,23.41,23.44,-10,True,2U,Bearish Candle,ALERT if price < 23.41 (RevStrat bear); stop > 23.44,RevStrat after 1-2U: watch for 2D reversal (1-2U-2D),,2D,2D,2D,2D,Unknown,Unknown,,0,
2026-10-07 16:23:57 EDT,BLUC,https://finance.yahoo.com/quote/BLUC/chart,32.65,M,2U-3,3-2 BREAK_UP,bull,32.51,31.25,3,True,3,Bullish Candle,ALERT if price > 32.51 (outside break UP); stop < 31.25,Outside bar break UP (3-2),,2U,3,3,2D,Unknown,Unknown,,0,
2026-10-07 16:23:57 EDT,BLUC,https://finance.yahoo.com/quote/BLUC/chart,32.65,M,2U-3,3-2 BREAK_DOWN,bear,31.25,32.51,3,False,3,Bullish Candle,ALERT if price < 31.25 (outside break DOWN); stop > 32.51,Outside bar break DOWN (3-2),,2U,3,3,2D,Unknown,Unknown,,0,
2026-10-07 16:23:57 EDT,BLUC,https://finance.yahoo.com/quote/BLUC/chart,32.65,W,2U-3,3-2 BREAK_UP,bull,32.54,31.86,3,True,3,Bullish Candle,ALERT if price > 32.54 (outside break UP); stop < 31.86,Outside bar break UP (3-2),,2U,3,3,2D,Unknown,Unknown,,0,
2026-10-07 16:23:57 EDT,BLUC,https://finance.yahoo.com/quote/BLUC/chart,32.65,W,2U-3,3-2 BREAK_DOWN,bear,31.86,32.54,3,False,3,Bullish Candle,ALERT if price < 31.86 (outside break DOWN); stop > 32.54,Outside bar break DOWN (3-2),,2U,3,3,2D,Unknown,Unknown,,0,
2026-10-07 16:23:57 EDT,BLUC,https://finance.yahoo.com/quote/BLUC/chart,32.65,2H,3-1,1-2 BREAK_UP,bull,32.69,32.65,3,True,1,Bearish Candle,ALERT if price > 32.69 (inside break UP); stop < 32.65,Inside bar break UP (1-2),,2U,3,3,2D,Unknown,Unknown,,0,
2026-10-07 16:23:57 EDT,BLUC,https://finance.yahoo.com/quote/BLUC/chart,32.65,2H,3-1,1-2 BREAK_DOWN,bear,32.65,32.69,3,False,1,Bearish Candle,ALERT if price < 32.65 (inside break DOWN); stop > 32.69,Inside bar break DOWN (1-2),,2U,3,3,2D,Unknown,Unknown,,0,
2026-10-07 16:23:57 EDT,BLUI,https://finance.yahoo.com/quote/BLUI/chart,24.75,Q,1-2D,REVSTRAT 1-2-2 (watch 2U),bull,25.87,24.69,-10,False,2D,Bearish Candle,ALERT if price > 25.87 (RevStrat bull); stop < 24.69,RevStrat after 1-2D: watch for 2U reversal (1-2D-2U),,2D,2D,2D,2D,Unknown,Unknown,,0,
2026-10-07 16:23:57 EDT,BLUI,https://finance.yahoo.com/quote/BLUI/chart,24.75,M,1-2D,REVSTRAT 1-2-2 (watch 2U),bull,25.66,24.69,-10,False,2D,Bearish Marubozu-like,ALERT if price > 25.66 (RevStrat bull); stop < 24.69,RevStrat after 1-2D: watch for 2U reversal (1-2D-2U),,2D,2D,2D,2D,Unknown,Unknown,,0,
2026-10-07 16:23:57 EDT,BLUX,https://finance.yahoo.com/quote/BLUX/chart,31.67,1H,2U-1,1-2 BREAK_UP,bull,31.67,31.67,-2,False,1,Doji,ALERT if price > 31.67 (inside break UP); stop < 31.67,Inside bar break UP (1-2),,2U,2D,2D,2D,Unknown,Unknown,,0,
2026-10-07 16:23:57 EDT,BLUX,https://finance.yahoo.com/quote/BLUX/chart,31.67,1H,2U-1,1-2 BREAK_DOWN,bear,31.67,31.67,-2,True,1,Doji,ALERT if price < 31.67 (inside break DOWN); stop > 31.67,Inside bar break DOWN (1-2),,2U,2D,2D,2D,Unknown,Unknown,,0,
2026-10-07 16:23:57 EDT,BLV,https://finance.yahoo.com/quote/BLV/chart,62.41,Y,1-2D,REVSTRAT 1-2-2 (watch 2U),bull,72.63,65.71,-15,False,2D,Bullish Candle,ALERT if price > 72.63 (RevStrat bull); stop < 65.71,RevStrat after 1-2D: watch for 2U reversal (1-2D-2U),2D,2D,2D,2D,2D,Unknown,Unknown,,0,
2026-10-07 16:23:57 EDT,BLV,https://finance.yahoo.com/quote/BLV/chart,62.41,W,3-2D,REVSTRAT 3-2-2 (watch 2U),bull,63.37,61.94,-15,False,2D,Bearish Candle,ALERT if price > 63.37 (RevStrat bull); stop < 61.94,RevStrat after 3-2D: watch for 2U reversal (3-2D-2U),2D,2D,2D,2D,2D,Unknown,Unknown,,0,
2026-10-07 16:23:57 EDT,BLV,https://finance.yahoo.com/quote/BLV/chart,62.41,2H,2U-1,1-2 BREAK_UP,bull,62.49,62.35,-15,False,1,Bearish Candle,ALERT if price > 62.49 (inside break UP); stop < 62.35,Inside bar break UP (1-2),2D,2D,2D,2D,2D,Unknown,Unknown,,0,
2026-10-07 16:23:57 EDT,BLV,https://finance.yahoo.com/quote/BLV/chart,62.41,2H,2U-1,1-2 BREAK_DOWN,bear,62.35,62.49,-15,True,1,Bearish Candle,ALERT if price < 62.35 (inside break DOWN); stop > 62.49,Inside bar break DOWN (1-2),2D,2D,2D,2D,2D,Unknown,Unknown,,0,
2026-10-07 16:23:57 EDT,BMAR,https://finance.yahoo.com/quote/BMAR/chart,59.74,W,2U-1,1-2 BREAK_UP,bull,59.45,59.07,13,True,1,Bullish Candle,ALERT if price > 59.45 (inside break UP); stop < 59.07,Inside bar break UP (1-2),2U,2U,2U,1,2U,Unknown,Unknown,,0,
2026-10-07 16:23:57 EDT,BMAR,https://finance.yahoo.com/quote/BMAR/chart,59.74,W,2U-1,1-2 BREAK_DOWN,bear,59.07,59.45,13,False,1,Bullish Candle,ALERT if price < 59.07 (inside break DOWN); stop > 59.45,Inside bar break DOWN (1-2),2U,2U,2U,1,2U,Unknown,Unknown,,0,
2026-10-07 16:23:57 EDT,BMAY,https://finance.yahoo.com/quote/BMAY/chart,49.1,M,2U-3,3-2 BREAK_UP,bull,48.92,47.85,6,True,3,Bullish Candle,ALERT if price > 48.92 (outside break UP); stop < 47.85,Outside bar break UP (3-2),2U,2U,3,2D,2D,Unknown,Unknown,,0,
2026-10-07 16:23:57 EDT,BMAY,https://finance.yahoo.com/quote/BMAY/chart,49.1,M,2U-3,3-2 BREAK_DOWN,bear,47.85,48.92,6,False,3,Bullish Candle,ALERT if price < 47.85 (outside break DOWN); stop > 48.92,Outside bar break DOWN (3-2),2U,2U,3,2D,2D,Unknown,Unknown,,0,
2026-10-07 16:23:57 EDT,BMAY,https://finance.yahoo.com/quote/BMAY/chart,49.1,3H,1-2D,REVSTRAT 1-2-2 (watch 2U),bull,49.01,48.99,6,True,2D,Gravestone Doji (bearish-leaning),ALERT if price > 49.01 (RevStrat bull); stop < 48.99,RevStrat after 1-2D: watch for 2U reversal (1-2D-2U),2U,2U,3,2D,2D,Unknown,Unknown,,0,
2026-10-07 16:23:57 EDT,BMED,https://finance.yahoo.com/quote/BMED/chart,33.98,Y,2U-3,3-2 BREAK_UP,bull,30.95,20.57,6,True,3,Bullish Candle,ALERT if price > 30.95 (outside break UP); stop < 20.57,Outside bar break UP (3-2),3,2U,2U,3,2D,Unknown,Unknown,,0,
2026-10-07 16:23:57 EDT,BMED,https://finance.yahoo.com/quote/BMED/chart,33.98,Y,2U-3,3-2 BREAK_DOWN,bear,20.57,30.95,6,False,3,Bullish Candle,ALERT if price < 20.57 (outside break DOWN); stop > 30.95,Outside bar break DOWN (3-2),3,2U,2U,3,2D,Unknown,Unknown,,0,
2026-10-07 16:23:57 EDT,BMED,https://finance.yahoo.com/quote/BMED/chart,33.98,W,2U-3,3-2 BREAK_UP,bull,34.98,33.77,6,True,3,Bearish Marubozu-like,ALERT if price > 34.98 (outside break UP); stop < 33.77,Outside bar break UP (3-2),3,2U,2U,3,2D,Unknown,Unknown,,0,
2026-10-07 16:23:57 EDT,BMED,https://finance.yahoo.com/quote/BMED/chart,33.98,W,2U-3,3-2 BREAK_DOWN,bear,33.77,34.98,6,False,3,Bearish Marubozu-like,ALERT if price < 33.77 (outside break DOWN); stop > 34.98,Outside bar break DOWN (3-2),3,2U,2U,3,2D,Unknown,Unknown,,0,
2026-10-07 16:23:57 EDT,BMED,https://finance.yahoo.com/quote/BMED/chart,33.98,D,3-2D,REVSTRAT 3-2-2 (watch 2U),bull,34.03,33.74,6,True,2D,Bearish Marubozu-like,ALERT if price > 34.03 (RevStrat bull); stop < 33.74,RevStrat after 3-2D: watch for 2U reversal (3-2D-2U),3,2U,2U,3,2D,Unknown,Unknown,,0,
2026-10-07 16:23:57 EDT,BMNG,https://finance.yahoo.com/quote/BMNG/chart,24.41,Q,2D-1,1-2 BREAK_UP,bull,34.04,9.06,0,False,1,Bullish Candle,ALERT if price > 34.04 (inside break UP); stop < 9.06,Inside bar break UP (1-2),,1,2U,2D,2D,Unknown,Unknown,,0,
2026-10-07 16:23:57 EDT,BMNG,https://finance.yahoo.com/quote/BMNG/chart,24.41,Q,2D-1,1-2 BREAK_DOWN,bear,9.06,34.04,0,False,1,Bullish Candle,ALERT if price < 9.06 (inside break DOWN); stop > 34.04,Inside bar break DOWN (1-2),,1,2U,2D,2D,Unknown,Unknown,,0,
2026-10-07 16:23:57 EDT,BMNG,https://finance.yahoo.com/quote/BMNG/chart,24.41,4H,2D-1,1-2 BREAK_UP,bull,24.47,23.8,0,False,1,Bullish Candle,ALERT if price > 24.47 (inside break UP); stop < 23.8,Inside bar break UP (1-2),,1,2U,2D,2D,Unknown,Unknown,,0,
2026-10-07 16:23:57 EDT,BMNG,https://finance.yahoo.com/quote/BMNG/chart,24.41,4H,2D-1,1-2 BREAK_DOWN,bear,23.8,24.47,0,False,1,Bullish Candle,ALERT if price < 23.8 (inside break DOWN); stop > 24.47,Inside bar break DOWN (1-2),,1,2U,2D,2D,Unknown,Unknown,,0,
2026-10-07 16:23:57 EDT,BMNG,https://finance.yahoo.com/quote/BMNG/chart,24.41,3H,2D-1,1-2 BREAK_UP,bull,24.3,23.8,0,False,1,Bullish Candle,ALERT if price > 24.3 (inside break UP); stop < 23.8,Inside bar break UP (1-2),,1,2U,2D,2D,Unknown,Unknown,,0,
2026-10-07 16:23:57 EDT,BMNG,https://finance.yahoo.com/quote/BMNG/chart,24.41,3H,2D-1,1-2 BREAK_DOWN,bear,23.8,24.3,0,False,1,Bullish Candle,ALERT if price < 23.8 (inside break DOWN); stop > 24.3,Inside bar break DOWN (1-2),,1,2U,2D,2D,Unknown,Unknown,,0,
2026-10-07 16:23:57 EDT,BMNG,https://finance.yahoo.com/quote/BMNG/chart,24.41,1H,2U-3,3-2 BREAK_UP,bull,24.47,24.04,0,False,3,Bullish Candle,ALERT if price > 24.47 (outside break UP); stop < 24.04,Outside bar break UP (3-2),,1,2U,2D,2D,Unknown,Unknown,,0,
2026-10-07 16:23:57 EDT,BMNG,https://finance.yahoo.com/quote/BMNG/chart,24.41,1H,2U-3,3-2 BREAK_DOWN,bear,24.04,24.47,0,False,3,Bullish Candle,ALERT if price < 24.04 (outside break DOWN); stop > 24.47,Outside bar break DOWN (3-2),,1,2U,2D,2D,Unknown,Unknown,,0,
2026-10-07 16:23:57 EDT,BMNU,https://finance.yahoo.com/quote/BMNU/chart,17.97,Q,2D-1,1-2 BREAK_UP,bull,25.05,6.6,0,False,1,Bullish Candle,ALERT if price > 25.05 (inside break UP); stop < 6.6,Inside bar break UP (1-2),,1,2U,2D,2D,Unknown,Unknown,,0,
2026-10-07 16:23:57 EDT,BMNU,https://finance.yahoo.com/quote/BMNU/chart,17.97,Q,2D-1,1-2 BREAK_DOWN,bear,6.6,25.05,0,False,1,Bullish Candle,ALERT if price < 6.6 (inside break DOWN); stop > 25.05,Inside bar break DOWN (1-2),,1,2U,2D,2D,Unknown,Unknown,,0,
2026-10-07 16:23:57 EDT,BMNU,https://finance.yahoo.com/quote/BMNU/chart,17.97,4H,2D-1,1-2 BREAK_UP,bull,18.01,17.46,0,False,1,Bullish Candle,ALERT if price > 18.01 (inside break UP); stop < 17.46,Inside bar break UP (1-2),,1,2U,2D,2D,Unknown,Unknown,,0,
2026-10-07 16:23:57 EDT,BMNU,https://finance.yahoo.com/quote/BMNU/chart,17.97,4H,2D-1,1-2 BREAK_DOWN,bear,17.46,18.01,0,False,1,Bullish Candle,ALERT if price < 17.46 (inside break DOWN); stop > 18.01,Inside bar break DOWN (1-2),,1,2U,2D,2D,Unknown,Unknown,,0,
2026-10-07 16:23:57 EDT,BMNU,https://finance.yahoo.com/quote/BMNU/chart,17.97,3H,2D-1,1-2 BREAK_UP,bull,17.9,17.46,0,False,1,Bullish Candle,ALERT if price > 17.9 (inside break UP); stop < 17.46,Inside bar break UP (1-2),,1,2U,2D,2D,Unknown,Unknown,,0,
2026-10-07 16:23:57 EDT,BMNU,https://finance.yahoo.com/quote/BMNU/chart,17.97,3H,2D-1,1-2 BREAK_DOWN,bear,17.46,17.9,0,False,1,Bullish Candle,ALERT if price < 17.46 (inside break DOWN); stop > 17.9,Inside bar break DOWN (1-2),,1,2U,2D,2D,Unknown,Unknown,,0,
2026-10-07 16:23:57 EDT,BMNZ,https://finance.yahoo.com/quote/BMNZ/chart,4.84,4H,2U-1,1-2 BREAK_UP,bull,4.95,4.83,-4,False,1,Bearish Candle,ALERT if price > 4.95 (inside break UP); stop < 4.83,Inside bar break UP (1-2),,2D,2D,2U,2U,Unknown,Unknown,,0,
2026-10-07 16:23:57 EDT,BMNZ,https://finance.yahoo.com/quote/BMNZ/chart,4.84,4H,2U-1,1-2 BREAK_DOWN,bear,4.83,4.95,-4,True,1,Bearish Candle,ALERT if price < 4.83 (inside break DOWN); stop > 4.95,Inside bar break DOWN (1-2),,2D,2D,2U,2U,Unknown,Unknown,,0,
2026-10-07 16:23:57 EDT,BMNZ,https://finance.yahoo.com/quote/BMNZ/chart,4.84,3H,2U-1,1-2 BREAK_UP,bull,4.95,4.85,-4,False,1,Bearish Candle,ALERT if price > 4.95 (inside break UP); stop < 4.85,Inside bar break UP (1-2),,2D,2D,2U,2U,Unknown,Unknown,,0,
2026-10-07 16:23:57 EDT,BMNZ,https://finance.yahoo.com/quote/BMNZ/chart,4.84,3H,2U-1,1-2 BREAK_DOWN,bear,4.85,4.95,-4,True,1,Bearish Candle,ALERT if price < 4.85 (inside break DOWN); stop > 4.95,Inside bar break DOWN (1-2),,2D,2D,2U,2U,Unknown,Unknown,,0,
2026-10-07 16:23:57 EDT,BMVP,https://finance.yahoo.com/quote/BMVP/chart,52.28,Y,2U-1,1-2 BREAK_UP,bull,50.0,42.01,-2,False,1,Bullish Candle,ALERT if price > 50.0 (inside break UP); stop < 42.01,Inside bar break UP (1-2),1,2U,2D,2D,2D,Unknown,Unknown,,0,
2026-10-07 16:23:57 EDT,BMVP,https://finance.yahoo.com/quote/BMVP/chart,52.28,Y,2U-1,1-2 BREAK_DOWN,bear,42.01,50.0,-2,True,1,Bullish Candle,ALERT if price < 42.01 (inside break DOWN); stop > 50.0,Inside bar break DOWN (1-2),1,2U,2D,2D,2D,Unknown,Unknown,,0,
2026-10-07 16:23:57 EDT,BMVP,https://finance.yahoo.com/quote/BMVP/chart,52.28,Q,1-2U,REVSTRAT 1-2-2 (watch 2D),bear,51.28,55.18,-2,True,2U,Bullish Inverted Hammer-like,ALERT if price < 51.28 (RevStrat bear); stop > 55.18,RevStrat after 1-2U: watch for 2D reversal (1-2U-2D),1,2U,2D,2D,2D,Unknown,Unknown,,0,
2026-10-07 16:23:57 EDT,BND,https://finance.yahoo.com/quote/BND/chart,70.0,Y,2U-1,1-2 BREAK_UP,bull,75.15,71.1,-10,False,1,Bullish Candle,ALERT if price > 75.15 (inside break UP); stop < 71.1,Inside bar break UP (1-2),1,2D,2D,2D,2D,Unknown,Unknown,,0,
2026-10-07 16:23:57 EDT,BND,https://finance.yahoo.com/quote/BND/chart,70.0,Y,2U-1,1-2 BREAK_DOWN,bear,71.1,75.15,-10,True,1,Bullish Candle,ALERT if price < 71.1 (inside break DOWN); stop > 75.15,Inside bar break DOWN (1-2),1,2D,2D,2D,2D,Unknown,Unknown,,0,
2026-10-07 16:23:57 EDT,BND,https://finance.yahoo.com/quote/BND/chart,70.0,1H,2U-1,1-2 BREAK_UP,bull,70.01,69.98,-10,False,1,Bullish Candle,ALERT if price > 70.01 (inside break UP); stop < 69.98,Inside bar break UP (1-2),1,2D,2D,2D,2D,Unknown,Unknown,,0,
2026-10-07 16:23:57 EDT,BND,https://finance.yahoo.com/quote/BND/chart,70.0,1H,2U-1,1-2 BREAK_DOWN,bear,69.98,70.01,-10,True,1,Bullish Candle,ALERT if price < 69.98 (inside break DOWN); stop > 70.01,Inside bar break DOWN (1-2),1,2D,2D,2D,2D,Unknown,Unknown,,0,
2026-10-07 16:23:57 EDT,BNDC,https://finance.yahoo.com/quote/BNDC/chart,21.02,Y,2D-1,1-2 BREAK_UP,bull,22.73,21.37,-10,False,1,Bullish Candle,ALERT if price > 22.73 (inside break UP); stop < 21.37,Inside bar break UP (1-2),1,2D,2D,2D,2D,Unknown,Unknown,,0,
2026-10-07 16:23:57 EDT,BNDC,https://finance.yahoo.com/quote/BNDC/chart,21.02,Y,2D-1,1-2 BREAK_DOWN,bear,21.37,22.73,-10,True,1,Bullish Candle,ALERT if price < 21.37 (inside break DOWN); stop > 22.73,Inside bar break DOWN (1-2),1,2D,2D,2D,2D,Unknown,Unknown,,0,
2026-10-07 16:23:57 EDT,BNDC,https://finance.yahoo.com/quote/BNDC/chart,21.02,W,3-2D,REVSTRAT 3-2-2 (watch 2U),bull,21.17,21.0,-10,False,2D,Doji,ALERT if price > 21.17 (RevStrat bull); stop < 21.0,RevStrat after 3-2D: watch for 2U reversal (3-2D-2U),1,2D,2D,2D,2D,Unknown,Unknown,,0,
2026-10-07 16:23:57 EDT,BNDD,https://finance.yahoo.com/quote/BNDD/chart,93.76,Y,1-2D,REVSTRAT 1-2-2 (watch 2U),bull,110.34,95.1,-10,False,2D,Bearish Candle,ALERT if price > 110.34 (RevStrat bull); stop < 95.1,RevStrat after 1-2D: watch for 2U reversal (1-2D-2U),2D,2D,3,2D,2U,Unknown,Unknown,,0,
2026-10-07 16:23:57 EDT,BNDD,https://finance.yahoo.com/quote/BNDD/chart,93.76,M,2D-3,3-2 BREAK_UP,bull,99.0,94.44,-10,False,3,Bearish Candle,ALERT if price > 99.0 (outside break UP); stop < 94.44,Outside bar break UP (3-2),2D,2D,3,2D,2U,Unknown,Unknown,,0,
2026-10-07 16:23:57 EDT,BNDD,https://finance.yahoo.com/quote/BNDD/chart,93.76,M,2D-3,3-2 BREAK_DOWN,bear,94.44,99.0,-10,True,3,Bearish Candle,ALERT if price < 94.44 (outside break DOWN); stop > 99.0,Outside bar break DOWN (3-2),2D,2D,3,2D,2U,Unknown,Unknown,,0,
2026-10-07 16:23:57 EDT,BNDD,https://finance.yahoo.com/quote/BNDD/chart,93.76,W,3-2D,REVSTRAT 3-2-2 (watch 2U),bull,96.15,94.32,-10,False,2D,Bearish Candle,ALERT if price > 96.15 (RevStrat bull); stop < 94.32,RevStrat after 3-2D: watch for 2U reversal (3-2D-2U),2D,2D,3,2D,2U,Unknown,Unknown,,0,
2026-10-07 16:23:57 EDT,BNDI,https://finance.yahoo.com/quote/BNDI/chart,44.95,Y,1-2D,REVSTRAT 1-2-2 (watch 2U),bull,48.45,44.93,-15,False,2D,Bullish Candle,ALERT if price > 48.45 (RevStrat bull); stop < 44.93,RevStrat after 1-2D: watch for 2U reversal (1-2D-2U),2D,2D,2D,2D,2D,Unknown,Unknown,,0,
2026-10-07 16:23:57 EDT,BNDI,https://finance.yahoo.com/quote/BNDI/chart,44.95,2H,3-2U,REVSTRAT 3-2-2 (watch 2D),bear,44.92,44.98,-15,True,2U,Doji,ALERT if price < 44.92 (RevStrat bear); stop > 44.98,RevStrat after 3-2U: watch for 2D reversal (3-2U-2D),2D,2D,2D,2D,2D,Unknown,Unknown,,0,
2026-10-07 16:23:57 EDT,BNDI,https://finance.yahoo.com/quote/BNDI/chart,44.95,1H,3-1,1-2 BREAK_UP,bull,44.95,44.92,-15,False,1,Bullish Candle,ALERT if price > 44.95 (inside break UP); stop < 44.92,Inside bar break UP (1-2),2D,2D,2D,2D,2D,Unknown,Unknown,,0,
2026-10-07 16:23:57 EDT,BNDI,https://finance.yahoo.com/quote/BNDI/chart,44.95,1H,3-1,1-2 BREAK_DOWN,bear,44.92,44.95,-15,True,1,Bullish Candle,ALERT if price < 44.92 (inside break DOWN); stop > 44.95,Inside bar break DOWN (1-2),2D,2D,2D,2D,2D,Unknown,Unknown,,0,
2026-10-07 16:23:57 EDT,BNDP,https://finance.yahoo.com/quote/BNDP/chart,70.87,W,3-2D,REVSTRAT 3-2-2 (watch 2U),bull,71.2,70.49,-10,False,2D,Bearish Candle,ALERT if price > 71.2 (RevStrat bull); stop < 70.49,RevStrat after 3-2D: watch for 2U reversal (3-2D-2U),,2D,2D,2D,2D,Unknown,Unknown,,0,
2026-10-07 16:23:57 EDT,BNDP,https://finance.yahoo.com/quote/BNDP/chart,70.87,2H,2U-1,1-2 BREAK_UP,bull,70.87,70.86,-10,False,1,Bullish Marubozu-like,ALERT if price > 70.87 (inside break UP); stop < 70.86,Inside bar break UP (1-2),,2D,2D,2D,2D,Unknown,Unknown,,0,
2026-10-07 16:23:57 EDT,BNDP,https://finance.yahoo.com/quote/BNDP/chart,70.87,2H,2U-1,1-2 BREAK_DOWN,bear,70.86,70.87,-10,True,1,Bullish Marubozu-like,ALERT if price < 70.86 (inside break DOWN); stop > 70.87,Inside bar break DOWN (1-2),,2D,2D,2D,2D,Unknown,Unknown,,0,
2026-10-07 16:23:57 EDT,BNDP,https://finance.yahoo.com/quote/BNDP/chart,70.87,1H,1-2D,REVSTRAT 1-2-2 (watch 2U),bull,70.87,70.86,-10,False,2D,Bullish Marubozu-like,ALERT if price > 70.87 (RevStrat bull); stop < 70.86,RevStrat after 1-2D: watch for 2U reversal (1-2D-2U),,2D,2D,2D,2D,Unknown,Unknown,,0,
2026-10-07 16:23:57 EDT,BNDS,https://finance.yahoo.com/quote/BNDS/chart,48.34,Q,1-2D,REVSTRAT 1-2-2 (watch 2U),bull,50.86,48.79,-10,False,2D,Bearish Candle,ALERT if price > 50.86 (RevStrat bull); stop < 48.79,RevStrat after 1-2D: watch for 2U reversal (1-2D-2U),,2D,2D,2D,2D,Unknown,Unknown,,0,
2026-10-07 16:23:57 EDT,BNDS,https://finance.yahoo.com/quote/BNDS/chart,48.34,W,3-2D,REVSTRAT 3-2-2 (watch 2U),bull,49.55,48.61,-10,False,2D,Bearish Candle,ALERT if price > 49.55 (RevStrat bull); stop < 48.61,RevStrat after 3-2D: watch for 2U reversal (3-2D-2U),,2D,2D,2D,2D,Unknown,Unknown,,0,
2026-10-07 16:23:57 EDT,BNDS,https://finance.yahoo.com/quote/BNDS/chart,48.34,D,1-2D,REVSTRAT 1-2-2 (watch 2U),bull,48.62,48.29,-10,False,2D,Bearish Candle,ALERT if price > 48.62 (RevStrat bull); stop < 48.29,RevStrat after 1-2D: watch for 2U reversal (1-2D-2U),,2D,2D,2D,2D,Unknown,Unknown,,0,
2026-10-07 16:23:57 EDT,BNDS,https://finance.yahoo.com/quote/BNDS/chart,48.34,2H,2D-3,3-2 BREAK_UP,bull,48.41,48.34,-10,False,3,Bearish Candle,ALERT if price > 48.41 (outside break UP); stop < 48.34,Outside bar break UP (3-2),,2D,2D,2D,2D,Unknown,Unknown,,0,
2026-10-07 16:23:57 EDT,BNDS,https://finance.yahoo.com/quote/BNDS/chart,48.34,2H,2D-3,3-2 BREAK_DOWN,bear,48.34,48.41,-10,True,3,Bearish Candle,ALERT if price < 48.34 (outside break DOWN); stop > 48.41,Outside bar break DOWN (3-2),,2D,2D,2D,2D,Unknown,Unknown,,0,
2026-10-07 16:23:57 EDT,BNDW,https://finance.yahoo.com/quote/BNDW/chart,65.76,Y,2U-1,1-2 BREAK_UP,bull,70.36,67.36,-10,False,1,Bullish Candle,ALERT if price > 70.36 (inside break UP); stop < 67.36,Inside bar break UP (1-2),1,2D,2D,2D,2D,Unknown,Unknown,,0,
2026-10-07 16:23:57 EDT,BNDW,https://finance.yahoo.com/quote/BNDW/chart,65.76,Y,2U-1,1-2 BREAK_DOWN,bear,67.36,70.36,-10,True,1,Bullish Candle,ALERT if price < 67.36 (inside break DOWN); stop > 70.36,Inside bar break DOWN (1-2),1,2D,2D,2D,2D,Unknown,Unknown,,0,
2026-10-07 16:23:57 EDT,BNDW,https://finance.yahoo.com/quote/BNDW/chart,65.76,W,3-2D,REVSTRAT 3-2-2 (watch 2U),bull,66.01,65.47,-10,False,2D,Bearish Candle,ALERT if price > 66.01 (RevStrat bull); stop < 65.47,RevStrat after 3-2D: watch for 2U reversal (3-2D-2U),1,2D,2D,2D,2D,Unknown,Unknown,,0,
2026-10-07 16:23:57 EDT,BNDW,https://finance.yahoo.com/quote/BNDW/chart,65.76,2H,2U-1,1-2 BREAK_UP,bull,65.81,65.75,-10,False,1,Bearish Candle,ALERT if price > 65.81 (inside break UP); stop < 65.75,Inside bar break UP (1-2),1,2D,2D,2D,2D,Unknown,Unknown,,0,
2026-10-07 16:23:57 EDT,BNDW,https://finance.yahoo.com/quote/BNDW/chart,65.76,2H,2U-1,1-2 BREAK_DOWN,bear,65.75,65.81,-10,True,1,Bearish Candle,ALERT if price < 65.75 (inside break DOWN); stop > 65.81,Inside bar break DOWN (1-2),1,2D,2D,2D,2D,Unknown,Unknown,,0,
